--------- beginning of main
03-24 21:14:50.569  1872  1880 I artd    : GetBestInfo: /data/user/0/com.google.android.gms/app_dg_cache/0B5F21648920603C6816E0B76773EED17E15FB77/the.apk has no usable artifacts
03-24 21:14:50.593   761  1797 W libbinder.Binder: Binder transaction to android.content.pm.IPackageManager code 1598311760 took 1060ms. Data bytes: 80 Reply bytes: 4 Flags: 16
03-24 21:14:52.353   761   904 I HalDevMgr: bestIfaceCreationProposal is null, requestIface=STA, existingIface=[name=wlan0 type=STA]
03-24 21:14:53.795  1164  1299 D SatelliteController: iisInCarrierRoamingNbIotNtn: satellite is disabled
03-24 21:14:53.808  1164  1299 D SatelliteController: getCarrierRoamingNtnConnectType: Falling back to global carrier config connect type: 0
03-24 21:14:55.378   761   904 I HalDevMgr: bestIfaceCreationProposal is null, requestIface=STA, existingIface=[name=wlan0 type=STA]
03-24 21:14:58.432   761   904 I HalDevMgr: bestIfaceCreationProposal is null, requestIface=STA, existingIface=[name=wlan0 type=STA]
03-24 21:14:59.680  4927  4927 W libbinder.BackendUnifiedServiceManager: Thread Pool max thread count is 0. Cannot cache binder as linkToDeath cannot be implemented. serviceName: package
--------- beginning of system
03-24 21:15:00.532   761   761 W Looper  : Slow dispatch took 167ms main app=system_server main=true group=FOREGROUND h=com.android.server.alarm.AlarmManagerService$AlarmHandler c=com.android.server.alarm.AlarmManagerService$2$$ExternalSyntheticLambda0@b168b77 m=0
03-24 21:15:00.853   761   840 W ActivityTaskManager: callingPackage for (uid=2000, pid=4929) has no WPC
03-24 21:15:01.107   761   840 V WindowManager: DesktopModeLaunchParamsModifier: phase= 0 task=null activity=null display-area-from-current-params=null display-area-from-default-fallback=DefaultTaskDisplayArea@137857333 display-id=0 task-display-area-windowing-mode=1 suggested-display-area=DefaultTaskDisplayArea@137857333 task null, skipping
03-24 21:15:01.125   761   840 V WindowManager: TaskLaunchParamsModifier:phase=0 task=null activity=null display-area-from-current-params=null display-area-from-default-fallback=DefaultTaskDisplayArea@137857333 display-id=0 task-display-area-windowing-mode=1 suggested-display-area=DefaultTaskDisplayArea@137857333
03-24 21:15:01.448   761   840 V GrammaticalInflectionUtils: AttributionSource: android.content.AttributionSource@4c7d67db does not have READ_SYSTEM_GRAMMATICAL_GENDER permission.
03-24 21:15:01.526   761   904 I HalDevMgr: bestIfaceCreationProposal is null, requestIface=STA, existingIface=[name=wlan0 type=STA]
03-24 21:15:01.626   761   840 V WindowManager: DesktopModeLaunchParamsModifier: phase= 0 task=null activity=ActivityRecord{94466610 u0 com.vdigital.volumestream/.platform.activity.MainActivity display-area-from-current-params=null display-area-for-record=DefaultTaskDisplayArea@137857333 display-id=0 task-display-area-windowing-mode=1 suggested-display-area=DefaultTaskDisplayArea@137857333 task null, skipping
03-24 21:15:01.631   761   840 V WindowManager: TaskLaunchParamsModifier:phase=0 task=null activity=ActivityRecord{94466610 u0 com.vdigital.volumestream/.platform.activity.MainActivity t-1} display-area-from-current-params=null display-area-for-record=DefaultTaskDisplayArea@137857333 display-id=0 task-display-area-windowing-mode=1 suggested-display-area=DefaultTaskDisplayArea@137857333
03-24 21:15:01.672   761   840 V WindowManager: DesktopModeLaunchParamsModifier: phase= 3 task=Task{fe81438 #8 type=standard A=10227:com.vdigital.volumestream} activity=ActivityRecord{94466610 u0 com.vdigital.volumestream/.platform.activity.MainActivity t-1} display-from-task=0 display-id=0 task-display-area-windowing-mode=1 suggested-display-area=DefaultTaskDisplayArea@137857333 not entering desktop mode, skipping
03-24 21:15:01.676   761   840 V WindowManager: TaskLaunchParamsModifier:phase=3 task=Task{fe81438 #8 type=standard A=10227:com.vdigital.volumestream} activity=ActivityRecord{94466610 u0 com.vdigital.volumestream/.platform.activity.MainActivity t-1} display-from-task=0 display-id=0 task-display-area-windowing-mode=1 suggested-display-area=DefaultTaskDisplayArea@137857333 inherit-from-task=fullscreen non-freeform-task-display-area display-area=DefaultTaskDisplayArea@137857333 skip-bounds-fullscreen
03-24 21:15:01.796   761   840 V WindowManager: DesktopModeLaunchParamsModifier: phase= 3 task=Task{fe81438 #8 type=standard A=10227:com.vdigital.volumestream} activity=ActivityRecord{94466610 u0 com.vdigital.volumestream/.platform.activity.MainActivity t-1} display-from-task=0 display-id=0 task-display-area-windowing-mode=1 suggested-display-area=DefaultTaskDisplayArea@137857333 not entering desktop mode, skipping
03-24 21:15:01.803   761   840 V WindowManager: TaskLaunchParamsModifier:phase=3 task=Task{fe81438 #8 type=standard A=10227:com.vdigital.volumestream} activity=ActivityRecord{94466610 u0 com.vdigital.volumestream/.platform.activity.MainActivity t-1} display-from-task=0 display-id=0 task-display-area-windowing-mode=1 suggested-display-area=DefaultTaskDisplayArea@137857333 inherit-from-task=fullscreen non-freeform-task-display-area display-area=DefaultTaskDisplayArea@137857333 skip-bounds-fullscreen
03-24 21:15:01.956  1872  4866 I artd    : GetBestInfo: odex next to the dex file (/data/app/~~WEw-qEWCHlUZbloVSQpK4Q==/com.google.android.gms-zScGdJoN6j6usFjBF8E2Dg==/oat/x86_64/base.odex) is kOatUpToDate with filter 'speed-profile' executable 'false'
03-24 21:15:02.125   761   840 I ActivityTaskManager: START u0 {flg=0x10000000 xflg=0x5 cmp=com.vdigital.volumestream/.platform.activity.MainActivity} with LAUNCH_MULTIPLE from uid 2000 (com.android.shell) (BAL_ALLOW_PERMISSION) result code=3
03-24 21:15:02.161  1872  4866 I artd    : GetBestInfo: odex next to the dex file (/data/app/~~WEw-qEWCHlUZbloVSQpK4Q==/com.google.android.gms-zScGdJoN6j6usFjBF8E2Dg==/oat/x86_64/split_AdsDynamite_installtime.odex) is kOatUpToDate with filter 'speed' executable 'false'
03-24 21:15:02.192  1017  1940 D KeyguardService: setOccluded(false)
03-24 21:15:02.271  1017  1940 D KeyguardViewMediator: setOccluded(false)
03-24 21:15:02.337  1872  4866 I artd    : GetBestInfo: odex next to the dex file (/data/app/~~WEw-qEWCHlUZbloVSQpK4Q==/com.google.android.gms-zScGdJoN6j6usFjBF8E2Dg==/oat/x86_64/split_CronetDynamite_installtime.odex) is kOatUpToDate with filter 'speed' executable 'false'
03-24 21:15:02.416  1872  4866 I artd    : GetBestInfo: odex next to the dex file (/data/app/~~WEw-qEWCHlUZbloVSQpK4Q==/com.google.android.gms-zScGdJoN6j6usFjBF8E2Dg==/oat/x86_64/split_DynamiteLoader_installtime.odex) is kOatUpToDate with filter 'speed' executable 'false'
03-24 21:15:02.501  1872  1880 I artd    : GetBestInfo: odex next to the dex file (/data/app/~~WEw-qEWCHlUZbloVSQpK4Q==/com.google.android.gms-zScGdJoN6j6usFjBF8E2Dg==/oat/x86_64/split_DynamiteModulesA_installtime.odex) is kOatUpToDate with filter 'speed' executable 'false'
03-24 21:15:02.541   761   840 W libbinder.Binder: Binder transaction to android.app.IActivityManager code 1598246212 took 2765ms. Data bytes: 332 Reply bytes: 4 Flags: 16
03-24 21:15:02.701  1872  1880 I artd    : GetBestInfo: odex next to the dex file (/data/app/~~WEw-qEWCHlUZbloVSQpK4Q==/com.google.android.gms-zScGdJoN6j6usFjBF8E2Dg==/oat/x86_64/split_DynamiteModulesC_installtime.odex) is kOatUpToDate with filter 'speed' executable 'false'
03-24 21:15:02.765  1017  1079 D WindowManagerShell: onActivityRestartAttempt: topActivity=ComponentInfo{com.vdigital.volumestream/com.vdigital.volumestream.platform.activity.MainActivity}, wasVisible=true, displayId=0, pipDisplayLayoutState#displayId=0
03-24 21:15:02.894  1872  1880 I artd    : GetBestInfo: odex next to the dex file (/data/app/~~WEw-qEWCHlUZbloVSQpK4Q==/com.google.android.gms-zScGdJoN6j6usFjBF8E2Dg==/oat/x86_64/split_GoogleCertificates_installtime.odex) is kOatUpToDate with filter 'speed' executable 'false'
03-24 21:15:03.122  1872  1880 I artd    : GetBestInfo: odex next to the dex file (/data/app/~~WEw-qEWCHlUZbloVSQpK4Q==/com.google.android.gms-zScGdJoN6j6usFjBF8E2Dg==/oat/x86_64/split_MapsDynamite_installtime.odex) is kOatUpToDate with filter 'speed' executable 'false'
03-24 21:15:03.309  1872  4866 I artd    : GetBestInfo: odex next to the dex file (/data/app/~~WEw-qEWCHlUZbloVSQpK4Q==/com.google.android.gms-zScGdJoN6j6usFjBF8E2Dg==/oat/x86_64/split_MeasurementDynamite_installtime.odex) is kOatUpToDate with filter 'speed' executable 'false'
03-24 21:15:03.388  1872  4866 I artd    : GetBestInfo: odex next to the dex file (/data/app/~~WEw-qEWCHlUZbloVSQpK4Q==/com.google.android.gms-zScGdJoN6j6usFjBF8E2Dg==/oat/x86_64/split_all_locale_splits.odex) is kOatUpToDate with filter 'speed' executable 'false'
03-24 21:15:03.429  1872  4866 I artd    : GetBestInfo: /data/user_de/0/com.google.android.gms/app_chimera/m/0000000a/dl-TfliteDynamiteDynamite.integ_252130102100800.apk has no usable artifacts
03-24 21:15:03.437  1872  4866 I artd    : GetBestInfo: /data/user_de/0/com.google.android.gms/app_chimera/m/00000001/CronetDynamite.apk has no usable artifacts
03-24 21:15:03.441  1872  1880 I artd    : GetBestInfo: /data/user_de/0/com.google.android.gms/app_chimera/m/00000002/DynamiteLoader.apk has no usable artifacts
03-24 21:15:03.452  1872  4866 I artd    : GetBestInfo: /data/user_de/0/com.google.android.gms/app_chimera/m/00000005/GoogleCertificates.apk has no usable artifacts
03-24 21:15:03.524  1872  1880 I artd    : GetBestInfo: /data/user_de/0/com.google.android.gms/app_chimera/m/0000000f/dl-MlkitOcrCommon.optional_261133100800.apk has no usable artifacts
03-24 21:15:03.608  1872  4866 I artd    : GetBestInfo: /data/user_de/0/com.google.android.gms/app_chimera/m/0000000d/dl-MlkitBarcodeUi.optional_261133100800.apk has no usable artifacts
03-24 21:15:03.613  1017  1767 I HWUI    : Davey! duration=1066ms; Flags=0, FrameTimelineVsyncId=26822, IntendedVsync=1081683253694, Vsync=1081766587019, InputEventId=0, HandleInputStart=1081782279598, AnimationStart=1081782280755, PerformTraversalsStart=1081782281029, DrawStart=1082085816419, FrameDeadline=1081699920360, FrameStartTime=1081781235266, FrameInterval=16666665, WorkloadTarget=16666666, SyncQueued=1082107756449, SyncStart=1082107871113, IssueDrawCommandsStart=1082115181265, SwapBuffers=1082481745784, FrameCompleted=1082750231143, DequeueBufferDuration=437088, QueueBufferDuration=43659822, GpuCompleted=1082748499941, SwapBuffersCompleted=1082750231143, DisplayPresentTime=0, CommandSubmissionCompleted=1082481745784, 
03-24 21:15:03.701  1166  1659 W libbinder.Binder: Binder transaction to android.app.ITaskStackListener code 4 took 1152ms. Data bytes: 3368 Reply bytes: 0 Flags: 17
03-24 21:15:03.774  1017  1017 D KeyguardViewMediator: handleSetOccluded(false)
03-24 21:15:03.802  1872  1880 I artd    : GetBestInfo: vdex next to the dex file (/data/user/0/com.google.android.gms/app_dg_cache/E054CA794C125F959C88D4849C82AB3F226237E6/oat/x86_64/the.vdex) is kOatUpToDate with filter 'verify' executable 'false'
03-24 21:15:03.802   601  1095 I libbinder.BpBinder: onLastStrongRef automatically unlinking death recipients for descriptor: '(not cached)'
03-24 21:15:03.897  1017  1017 D KeyguardViewMediator: KeyguardViewMediator queue processing message: SET_OCCLUDED
03-24 21:15:03.907  1872  4866 I artd    : GetBestInfo: /data/user_de/0/com.google.android.gms/app_chimera/m/00000007/MeasurementDynamite.apk has no usable artifacts
03-24 21:15:03.919  1164  1299 D SatelliteController: iisInCarrierRoamingNbIotNtn: satellite is disabled
03-24 21:15:03.957  1164  1299 D SatelliteController: getCarrierRoamingNtnConnectType: Falling back to global carrier config connect type: 0
03-24 21:15:04.052  1872  4866 I artd    : GetBestInfo: /data/user_de/0/com.google.android.gms/app_chimera/m/0000000b/dl-VisionOcr.optional_261133100000.apk has no usable artifacts
03-24 21:15:04.173  1872  1880 I artd    : GetBestInfo: /data/user_de/0/com.google.android.gms/app_chimera/m/0000000c/dl-Appsearch.optional_261133100800.apk has no usable artifacts
03-24 21:15:04.344   761   959 D MediaSessionService: setFgsIfNoSessionIsLinkedToNotification: record=com.vdigital.volumestream/androidx.media3.session.id./2 (userId=0)
03-24 21:15:04.364  1872  4866 I artd    : GetBestInfo: /data/user/0/com.google.android.gms/app_dg_cache/0B5F21648920603C6816E0B76773EED17E15FB77/the.apk has no usable artifacts
03-24 21:15:04.479   761  1797 W FastPrintWriter: Write failure
03-24 21:15:04.479   761  1797 W FastPrintWriter: java.io.IOException: write failed: EPIPE (Broken pipe)
03-24 21:15:04.479   761  1797 W FastPrintWriter: 	at libcore.io.IoBridge.write(IoBridge.java:651)
03-24 21:15:04.479   761  1797 W FastPrintWriter: 	at java.io.FileOutputStream.write(FileOutputStream.java:436)
03-24 21:15:04.479   761  1797 W FastPrintWriter: 	at com.android.internal.util.FastPrintWriter.flushBytesLocked(FastPrintWriter.java:355)
03-24 21:15:04.479   761  1797 W FastPrintWriter: 	at com.android.internal.util.FastPrintWriter.flushLocked(FastPrintWriter.java:378)
03-24 21:15:04.479   761  1797 W FastPrintWriter: 	at com.android.internal.util.FastPrintWriter.appendLocked(FastPrintWriter.java:343)
03-24 21:15:04.479   761  1797 W FastPrintWriter: 	at com.android.internal.util.FastPrintWriter.write(FastPrintWriter.java:601)
03-24 21:15:04.479   761  1797 W FastPrintWriter: 	at java.io.PrintWriter.write(PrintWriter.java:507)
03-24 21:15:04.479   761  1797 W FastPrintWriter: 	at android.util.IndentingPrintWriter.write(IndentingPrintWriter.java:238)
03-24 21:15:04.479   761  1797 W FastPrintWriter: 	at java.io.PrintWriter.write(PrintWriter.java:507)
03-24 21:15:04.479   761  1797 W FastPrintWriter: 	at com.android.server.art.IndentingPrintWriter.write(IndentingPrintWriter.java:114)
03-24 21:15:04.479   761  1797 W FastPrintWriter: 	at com.android.server.art.IndentingPrintWriter.write(IndentingPrintWriter.java:89)
03-24 21:15:04.479   761  1797 W FastPrintWriter: 	at java.io.PrintWriter.write(PrintWriter.java:559)
03-24 21:15:04.479   761  1797 W FastPrintWriter: 	at java.io.PrintWriter.append(PrintWriter.java:1089)
03-24 21:15:04.479   761  1797 W FastPrintWriter: 	at java.io.PrintWriter.append(PrintWriter.java:61)
03-24 21:15:04.479   761  1797 W FastPrintWriter: 	at java.util.Formatter$FormatSpecifier.appendJustified(Formatter.java:3253)
03-24 21:15:04.479   761  1797 W FastPrintWriter: 	at java.util.Formatter$FormatSpecifier.print(Formatter.java:3243)
03-24 21:15:04.479   761  1797 W FastPrintWriter: 	at java.util.Formatter$FormatSpecifier.printString(Formatter.java:3216)
03-24 21:15:04.479   761  1797 W FastPrintWriter: 	at java.util.Formatter$FormatSpecifier.print(Formatter.java:3093)
03-24 21:15:04.479   761  1797 W FastPrintWriter: 	at java.util.Formatter.format(Formatter.java:2704)
03-24 21:15:04.479   761  1797 W FastPrintWriter: 	at java.io.PrintWriter.format(PrintWriter.java:992)
03-24 21:15:04.479   761  1797 W FastPrintWriter: 	at java.io.PrintWriter.printf(PrintWriter.java:889)
03-24 21:15:04.479   761  1797 W FastPrintWriter: 	at com.android.server.art.DumpHelper.dumpSecondaryDex(DumpHelper.java:183)
03-24 21:15:04.479   761  1797 W FastPrintWriter: 	at com.android.server.art.DumpHelper.dumpPackage(DumpHelper.java:134)
03-24 21:15:04.479   761  1797 W FastPrintWriter: 	at com.android.server.art.ArtManagerLocal.dumpPackage(ArtManagerLocal.java:1142)
03-24 21:15:04.479   761  1797 W FastPrintWriter: 	at com.android.server.pm.DexOptHelper.dumpDexoptState(DexOptHelper.java:176)
03-24 21:15:04.479   761  1797 W FastPrintWriter: 	at com.android.server.pm.ComputerEngine.dump(ComputerEngine.java:3122)
03-24 21:15:04.479   761  1797 W FastPrintWriter: 	at com.android.server.pm.DumpHelper.doDump(DumpHelper.java:527)
03-24 21:15:04.479   761  1797 W FastPrintWriter: 	at com.android.server.pm.PackageManagerService$IPackageManagerImpl.dump(PackageManagerService.java:6759)
03-24 21:15:04.479   761  1797 W FastPrintWriter: 	at android.os.Binder.doDump(Binder.java:1104)
03-24 21:15:04.479   761  1797 W FastPrintWriter: 	at android.os.Binder.dump(Binder.java:1094)
03-24 21:15:04.479   761  1797 W FastPrintWriter: 	at android.os.Binder.onTransact(Binder.java:940)
03-24 21:15:04.479   761  1797 W FastPrintWriter: 	at android.content.pm.IPackageManager$Stub.onTransact(IPackageManager.java:4666)
03-24 21:15:04.479   761  1797 W FastPrintWriter: 	at com.android.server.pm.PackageManagerService$IPackageManagerImpl.onTransact(PackageManagerService.java:6705)
03-24 21:15:04.479   761  1797 W FastPrintWriter: 	at android.os.Binder.execTransactInternal(Binder.java:1478)
03-24 21:15:04.479   761  1797 W FastPrintWriter: 	at android.os.Binder.execTransact(Binder.java:1418)
03-24 21:15:04.479   761  1797 W FastPrintWriter: Caused by: android.system.ErrnoException: write failed: EPIPE (Broken pipe)
03-24 21:15:04.479   761  1797 W FastPrintWriter: 	at libcore.io.Linux.writeBytes(Native Method)
03-24 21:15:04.479   761  1797 W FastPrintWriter: 	at libcore.io.Linux.write(Linux.java:338)
03-24 21:15:04.479   761  1797 W FastPrintWriter: 	at libcore.io.ForwardingOs.write(ForwardingOs.java:954)
03-24 21:15:04.479   761  1797 W FastPrintWriter: 	at libcore.io.BlockGuardOs.write(BlockGuardOs.java:448)
03-24 21:15:04.479   761  1797 W FastPrintWriter: 	at libcore.io.IoBridge.write(IoBridge.java:646)
03-24 21:15:04.479   761  1797 W FastPrintWriter: 	... 34 more
03-24 21:15:04.497   761  1797 W libbinder.Binder: Binder transaction to android.content.pm.IPackageManager code 1598311760 took 4806ms. Data bytes: 80 Reply bytes: 4 Flags: 16
03-24 21:15:04.589   761   904 I HalDevMgr: bestIfaceCreationProposal is null, requestIface=STA, existingIface=[name=wlan0 type=STA]
03-24 21:15:07.851   761   904 I HalDevMgr: bestIfaceCreationProposal is null, requestIface=STA, existingIface=[name=wlan0 type=STA]
03-24 21:15:08.459   761   773 I system_server: Background concurrent mark compact GC freed 21MB AllocSpace bytes, 10(200KB) LOS objects, 42% free, 32MB/56MB, paused 9.785ms,178.236ms total 3.983s
03-24 21:15:09.690  4933  4933 W libbinder.BackendUnifiedServiceManager: Thread Pool max thread count is 0. Cannot cache binder as linkToDeath cannot be implemented. serviceName: package
03-24 21:15:10.913   761   904 I HalDevMgr: bestIfaceCreationProposal is null, requestIface=STA, existingIface=[name=wlan0 type=STA]
03-24 21:15:11.016  1872  4866 I artd    : GetBestInfo: odex next to the dex file (/data/app/~~WEw-qEWCHlUZbloVSQpK4Q==/com.google.android.gms-zScGdJoN6j6usFjBF8E2Dg==/oat/x86_64/base.odex) is kOatUpToDate with filter 'speed-profile' executable 'false'
03-24 21:15:11.056  1872  4866 I artd    : GetBestInfo: odex next to the dex file (/data/app/~~WEw-qEWCHlUZbloVSQpK4Q==/com.google.android.gms-zScGdJoN6j6usFjBF8E2Dg==/oat/x86_64/split_AdsDynamite_installtime.odex) is kOatUpToDate with filter 'speed' executable 'false'
03-24 21:15:11.080  1872  4866 I artd    : GetBestInfo: odex next to the dex file (/data/app/~~WEw-qEWCHlUZbloVSQpK4Q==/com.google.android.gms-zScGdJoN6j6usFjBF8E2Dg==/oat/x86_64/split_CronetDynamite_installtime.odex) is kOatUpToDate with filter 'speed' executable 'false'
03-24 21:15:11.113  1872  1880 I artd    : GetBestInfo: odex next to the dex file (/data/app/~~WEw-qEWCHlUZbloVSQpK4Q==/com.google.android.gms-zScGdJoN6j6usFjBF8E2Dg==/oat/x86_64/split_DynamiteLoader_installtime.odex) is kOatUpToDate with filter 'speed' executable 'false'
03-24 21:15:11.224  1872  1880 I artd    : GetBestInfo: odex next to the dex file (/data/app/~~WEw-qEWCHlUZbloVSQpK4Q==/com.google.android.gms-zScGdJoN6j6usFjBF8E2Dg==/oat/x86_64/split_DynamiteModulesA_installtime.odex) is kOatUpToDate with filter 'speed' executable 'false'
03-24 21:15:11.269  1872  1880 I artd    : GetBestInfo: odex next to the dex file (/data/app/~~WEw-qEWCHlUZbloVSQpK4Q==/com.google.android.gms-zScGdJoN6j6usFjBF8E2Dg==/oat/x86_64/split_DynamiteModulesC_installtime.odex) is kOatUpToDate with filter 'speed' executable 'false'
03-24 21:15:11.310  1872  1880 I artd    : GetBestInfo: odex next to the dex file (/data/app/~~WEw-qEWCHlUZbloVSQpK4Q==/com.google.android.gms-zScGdJoN6j6usFjBF8E2Dg==/oat/x86_64/split_GoogleCertificates_installtime.odex) is kOatUpToDate with filter 'speed' executable 'false'
03-24 21:15:11.364  1872  4866 I artd    : GetBestInfo: odex next to the dex file (/data/app/~~WEw-qEWCHlUZbloVSQpK4Q==/com.google.android.gms-zScGdJoN6j6usFjBF8E2Dg==/oat/x86_64/split_MapsDynamite_installtime.odex) is kOatUpToDate with filter 'speed' executable 'false'
03-24 21:15:11.394  1872  4866 I artd    : GetBestInfo: odex next to the dex file (/data/app/~~WEw-qEWCHlUZbloVSQpK4Q==/com.google.android.gms-zScGdJoN6j6usFjBF8E2Dg==/oat/x86_64/split_MeasurementDynamite_installtime.odex) is kOatUpToDate with filter 'speed' executable 'false'
03-24 21:15:11.425  1872  4866 I artd    : GetBestInfo: odex next to the dex file (/data/app/~~WEw-qEWCHlUZbloVSQpK4Q==/com.google.android.gms-zScGdJoN6j6usFjBF8E2Dg==/oat/x86_64/split_all_locale_splits.odex) is kOatUpToDate with filter 'speed' executable 'false'
03-24 21:15:11.436  1872  4866 I artd    : GetBestInfo: /data/user_de/0/com.google.android.gms/app_chimera/m/0000000a/dl-TfliteDynamiteDynamite.integ_252130102100800.apk has no usable artifacts
03-24 21:15:11.439  1872  4866 I artd    : GetBestInfo: /data/user_de/0/com.google.android.gms/app_chimera/m/00000001/CronetDynamite.apk has no usable artifacts
03-24 21:15:11.442  1872  4866 I artd    : GetBestInfo: /data/user_de/0/com.google.android.gms/app_chimera/m/00000002/DynamiteLoader.apk has no usable artifacts
03-24 21:15:11.447  1872  4866 I artd    : GetBestInfo: /data/user_de/0/com.google.android.gms/app_chimera/m/00000005/GoogleCertificates.apk has no usable artifacts
03-24 21:15:11.462  1872  4866 I artd    : GetBestInfo: /data/user_de/0/com.google.android.gms/app_chimera/m/0000000f/dl-MlkitOcrCommon.optional_261133100800.apk has no usable artifacts
03-24 21:15:11.474  1872  4866 I artd    : GetBestInfo: /data/user_de/0/com.google.android.gms/app_chimera/m/0000000d/dl-MlkitBarcodeUi.optional_261133100800.apk has no usable artifacts
03-24 21:15:11.500  1872  4866 I artd    : GetBestInfo: vdex next to the dex file (/data/user/0/com.google.android.gms/app_dg_cache/E054CA794C125F959C88D4849C82AB3F226237E6/oat/x86_64/the.vdex) is kOatUpToDate with filter 'verify' executable 'false'
03-24 21:15:11.509  1872  4866 I artd    : GetBestInfo: /data/user_de/0/com.google.android.gms/app_chimera/m/00000007/MeasurementDynamite.apk has no usable artifacts
03-24 21:15:11.519  1872  4866 I artd    : GetBestInfo: /data/user_de/0/com.google.android.gms/app_chimera/m/0000000b/dl-VisionOcr.optional_261133100000.apk has no usable artifacts
03-24 21:15:11.533  1872  4866 I artd    : GetBestInfo: /data/user_de/0/com.google.android.gms/app_chimera/m/0000000c/dl-Appsearch.optional_261133100800.apk has no usable artifacts
03-24 21:15:11.569  1872  4866 I artd    : GetBestInfo: /data/user/0/com.google.android.gms/app_dg_cache/0B5F21648920603C6816E0B76773EED17E15FB77/the.apk has no usable artifacts
03-24 21:15:11.586   761  1797 W libbinder.Binder: Binder transaction to android.content.pm.IPackageManager code 1598311760 took 1891ms. Data bytes: 80 Reply bytes: 4 Flags: 16
03-24 21:15:13.820  1164  1299 D SatelliteController: iisInCarrierRoamingNbIotNtn: satellite is disabled
03-24 21:15:13.829  1164  1299 D SatelliteController: getCarrierRoamingNtnConnectType: Falling back to global carrier config connect type: 0
03-24 21:15:13.944   761   904 I HalDevMgr: bestIfaceCreationProposal is null, requestIface=STA, existingIface=[name=wlan0 type=STA]
03-24 21:15:16.972   761   904 I HalDevMgr: bestIfaceCreationProposal is null, requestIface=STA, existingIface=[name=wlan0 type=STA]
03-24 21:15:19.390  4936  4936 W libbinder.BackendUnifiedServiceManager: Thread Pool max thread count is 0. Cannot cache binder as linkToDeath cannot be implemented. serviceName: package
03-24 21:15:19.824  1872  4866 I artd    : GetBestInfo: odex next to the dex file (/data/app/~~WEw-qEWCHlUZbloVSQpK4Q==/com.google.android.gms-zScGdJoN6j6usFjBF8E2Dg==/oat/x86_64/base.odex) is kOatUpToDate with filter 'speed-profile' executable 'false'
03-24 21:15:19.849  1872  4866 I artd    : GetBestInfo: odex next to the dex file (/data/app/~~WEw-qEWCHlUZbloVSQpK4Q==/com.google.android.gms-zScGdJoN6j6usFjBF8E2Dg==/oat/x86_64/split_AdsDynamite_installtime.odex) is kOatUpToDate with filter 'speed' executable 'false'
03-24 21:15:19.876  1872  1880 I artd    : GetBestInfo: odex next to the dex file (/data/app/~~WEw-qEWCHlUZbloVSQpK4Q==/com.google.android.gms-zScGdJoN6j6usFjBF8E2Dg==/oat/x86_64/split_CronetDynamite_installtime.odex) is kOatUpToDate with filter 'speed' executable 'false'
03-24 21:15:19.906  1872  1880 I artd    : GetBestInfo: odex next to the dex file (/data/app/~~WEw-qEWCHlUZbloVSQpK4Q==/com.google.android.gms-zScGdJoN6j6usFjBF8E2Dg==/oat/x86_64/split_DynamiteLoader_installtime.odex) is kOatUpToDate with filter 'speed' executable 'false'
03-24 21:15:19.928  1872  1880 I artd    : GetBestInfo: odex next to the dex file (/data/app/~~WEw-qEWCHlUZbloVSQpK4Q==/com.google.android.gms-zScGdJoN6j6usFjBF8E2Dg==/oat/x86_64/split_DynamiteModulesA_installtime.odex) is kOatUpToDate with filter 'speed' executable 'false'
03-24 21:15:19.950  1872  1880 I artd    : GetBestInfo: odex next to the dex file (/data/app/~~WEw-qEWCHlUZbloVSQpK4Q==/com.google.android.gms-zScGdJoN6j6usFjBF8E2Dg==/oat/x86_64/split_DynamiteModulesC_installtime.odex) is kOatUpToDate with filter 'speed' executable 'false'
03-24 21:15:19.975  1872  1880 I artd    : GetBestInfo: odex next to the dex file (/data/app/~~WEw-qEWCHlUZbloVSQpK4Q==/com.google.android.gms-zScGdJoN6j6usFjBF8E2Dg==/oat/x86_64/split_GoogleCertificates_installtime.odex) is kOatUpToDate with filter 'speed' executable 'false'
03-24 21:15:19.986   761   904 I HalDevMgr: bestIfaceCreationProposal is null, requestIface=STA, existingIface=[name=wlan0 type=STA]
03-24 21:15:20.018  1872  1880 I artd    : GetBestInfo: odex next to the dex file (/data/app/~~WEw-qEWCHlUZbloVSQpK4Q==/com.google.android.gms-zScGdJoN6j6usFjBF8E2Dg==/oat/x86_64/split_MapsDynamite_installtime.odex) is kOatUpToDate with filter 'speed' executable 'false'
03-24 21:15:20.037  1872  1880 I artd    : GetBestInfo: odex next to the dex file (/data/app/~~WEw-qEWCHlUZbloVSQpK4Q==/com.google.android.gms-zScGdJoN6j6usFjBF8E2Dg==/oat/x86_64/split_MeasurementDynamite_installtime.odex) is kOatUpToDate with filter 'speed' executable 'false'
03-24 21:15:20.057  1872  1880 I artd    : GetBestInfo: odex next to the dex file (/data/app/~~WEw-qEWCHlUZbloVSQpK4Q==/com.google.android.gms-zScGdJoN6j6usFjBF8E2Dg==/oat/x86_64/split_all_locale_splits.odex) is kOatUpToDate with filter 'speed' executable 'false'
03-24 21:15:20.074  1872  1880 I artd    : GetBestInfo: /data/user_de/0/com.google.android.gms/app_chimera/m/0000000a/dl-TfliteDynamiteDynamite.integ_252130102100800.apk has no usable artifacts
03-24 21:15:20.080  1872  1880 I artd    : GetBestInfo: /data/user_de/0/com.google.android.gms/app_chimera/m/00000001/CronetDynamite.apk has no usable artifacts
03-24 21:15:20.081  1872  1880 I artd    : GetBestInfo: /data/user_de/0/com.google.android.gms/app_chimera/m/00000002/DynamiteLoader.apk has no usable artifacts
03-24 21:15:20.083  1872  1880 I artd    : GetBestInfo: /data/user_de/0/com.google.android.gms/app_chimera/m/00000005/GoogleCertificates.apk has no usable artifacts
03-24 21:15:20.096  1872  1880 I artd    : GetBestInfo: /data/user_de/0/com.google.android.gms/app_chimera/m/0000000f/dl-MlkitOcrCommon.optional_261133100800.apk has no usable artifacts
03-24 21:15:20.114  1872  1880 I artd    : GetBestInfo: /data/user_de/0/com.google.android.gms/app_chimera/m/0000000d/dl-MlkitBarcodeUi.optional_261133100800.apk has no usable artifacts
03-24 21:15:20.140  1872  1880 I artd    : GetBestInfo: vdex next to the dex file (/data/user/0/com.google.android.gms/app_dg_cache/E054CA794C125F959C88D4849C82AB3F226237E6/oat/x86_64/the.vdex) is kOatUpToDate with filter 'verify' executable 'false'
03-24 21:15:20.156  1872  1880 I artd    : GetBestInfo: /data/user_de/0/com.google.android.gms/app_chimera/m/00000007/MeasurementDynamite.apk has no usable artifacts
03-24 21:15:20.171  1872  1880 I artd    : GetBestInfo: /data/user_de/0/com.google.android.gms/app_chimera/m/0000000b/dl-VisionOcr.optional_261133100000.apk has no usable artifacts
03-24 21:15:20.191  1872  1880 I artd    : GetBestInfo: /data/user_de/0/com.google.android.gms/app_chimera/m/0000000c/dl-Appsearch.optional_261133100800.apk has no usable artifacts
03-24 21:15:20.244  1872  1880 I artd    : GetBestInfo: /data/user/0/com.google.android.gms/app_dg_cache/0B5F21648920603C6816E0B76773EED17E15FB77/the.apk has no usable artifacts
03-24 21:15:23.003   761   904 I HalDevMgr: bestIfaceCreationProposal is null, requestIface=STA, existingIface=[name=wlan0 type=STA]
03-24 21:15:23.804  1164  1299 D SatelliteController: iisInCarrierRoamingNbIotNtn: satellite is disabled
03-24 21:15:23.810  1164  1299 D SatelliteController: getCarrierRoamingNtnConnectType: Falling back to global carrier config connect type: 0
03-24 21:15:26.016   761   904 I HalDevMgr: bestIfaceCreationProposal is null, requestIface=STA, existingIface=[name=wlan0 type=STA]
03-24 21:15:29.042   761   904 I HalDevMgr: bestIfaceCreationProposal is null, requestIface=STA, existingIface=[name=wlan0 type=STA]
03-24 21:15:29.436  4942  4942 W libbinder.BackendUnifiedServiceManager: Thread Pool max thread count is 0. Cannot cache binder as linkToDeath cannot be implemented. serviceName: package
03-24 21:15:29.734  1872  1880 I artd    : GetBestInfo: odex next to the dex file (/data/app/~~WEw-qEWCHlUZbloVSQpK4Q==/com.google.android.gms-zScGdJoN6j6usFjBF8E2Dg==/oat/x86_64/base.odex) is kOatUpToDate with filter 'speed-profile' executable 'false'
03-24 21:15:29.747  1872  1880 I artd    : GetBestInfo: odex next to the dex file (/data/app/~~WEw-qEWCHlUZbloVSQpK4Q==/com.google.android.gms-zScGdJoN6j6usFjBF8E2Dg==/oat/x86_64/split_AdsDynamite_installtime.odex) is kOatUpToDate with filter 'speed' executable 'false'
03-24 21:15:29.761  1872  1880 I artd    : GetBestInfo: odex next to the dex file (/data/app/~~WEw-qEWCHlUZbloVSQpK4Q==/com.google.android.gms-zScGdJoN6j6usFjBF8E2Dg==/oat/x86_64/split_CronetDynamite_installtime.odex) is kOatUpToDate with filter 'speed' executable 'false'
03-24 21:15:29.774  1872  1880 I artd    : GetBestInfo: odex next to the dex file (/data/app/~~WEw-qEWCHlUZbloVSQpK4Q==/com.google.android.gms-zScGdJoN6j6usFjBF8E2Dg==/oat/x86_64/split_DynamiteLoader_installtime.odex) is kOatUpToDate with filter 'speed' executable 'false'
03-24 21:15:29.788  1872  1880 I artd    : GetBestInfo: odex next to the dex file (/data/app/~~WEw-qEWCHlUZbloVSQpK4Q==/com.google.android.gms-zScGdJoN6j6usFjBF8E2Dg==/oat/x86_64/split_DynamiteModulesA_installtime.odex) is kOatUpToDate with filter 'speed' executable 'false'
03-24 21:15:29.806  1872  1880 I artd    : GetBestInfo: odex next to the dex file (/data/app/~~WEw-qEWCHlUZbloVSQpK4Q==/com.google.android.gms-zScGdJoN6j6usFjBF8E2Dg==/oat/x86_64/split_DynamiteModulesC_installtime.odex) is kOatUpToDate with filter 'speed' executable 'false'
03-24 21:15:29.823  1872  1880 I artd    : GetBestInfo: odex next to the dex file (/data/app/~~WEw-qEWCHlUZbloVSQpK4Q==/com.google.android.gms-zScGdJoN6j6usFjBF8E2Dg==/oat/x86_64/split_GoogleCertificates_installtime.odex) is kOatUpToDate with filter 'speed' executable 'false'
03-24 21:15:29.833  1872  1880 I artd    : GetBestInfo: odex next to the dex file (/data/app/~~WEw-qEWCHlUZbloVSQpK4Q==/com.google.android.gms-zScGdJoN6j6usFjBF8E2Dg==/oat/x86_64/split_MapsDynamite_installtime.odex) is kOatUpToDate with filter 'speed' executable 'false'
03-24 21:15:29.848  1872  1880 I artd    : GetBestInfo: odex next to the dex file (/data/app/~~WEw-qEWCHlUZbloVSQpK4Q==/com.google.android.gms-zScGdJoN6j6usFjBF8E2Dg==/oat/x86_64/split_MeasurementDynamite_installtime.odex) is kOatUpToDate with filter 'speed' executable 'false'
03-24 21:15:29.866  1872  1880 I artd    : GetBestInfo: odex next to the dex file (/data/app/~~WEw-qEWCHlUZbloVSQpK4Q==/com.google.android.gms-zScGdJoN6j6usFjBF8E2Dg==/oat/x86_64/split_all_locale_splits.odex) is kOatUpToDate with filter 'speed' executable 'false'
03-24 21:15:29.876  1872  1880 I artd    : GetBestInfo: /data/user_de/0/com.google.android.gms/app_chimera/m/0000000a/dl-TfliteDynamiteDynamite.integ_252130102100800.apk has no usable artifacts
03-24 21:15:29.878  1872  1880 I artd    : GetBestInfo: /data/user_de/0/com.google.android.gms/app_chimera/m/00000001/CronetDynamite.apk has no usable artifacts
03-24 21:15:29.879  1872  1880 I artd    : GetBestInfo: /data/user_de/0/com.google.android.gms/app_chimera/m/00000002/DynamiteLoader.apk has no usable artifacts
03-24 21:15:29.881  1872  1880 I artd    : GetBestInfo: /data/user_de/0/com.google.android.gms/app_chimera/m/00000005/GoogleCertificates.apk has no usable artifacts
03-24 21:15:29.890  1872  1880 I artd    : GetBestInfo: /data/user_de/0/com.google.android.gms/app_chimera/m/0000000f/dl-MlkitOcrCommon.optional_261133100800.apk has no usable artifacts
03-24 21:15:29.904  1872  1880 I artd    : GetBestInfo: /data/user_de/0/com.google.android.gms/app_chimera/m/0000000d/dl-MlkitBarcodeUi.optional_261133100800.apk has no usable artifacts
03-24 21:15:29.917  1872  1880 I artd    : GetBestInfo: vdex next to the dex file (/data/user/0/com.google.android.gms/app_dg_cache/E054CA794C125F959C88D4849C82AB3F226237E6/oat/x86_64/the.vdex) is kOatUpToDate with filter 'verify' executable 'false'
03-24 21:15:29.924  1872  1880 I artd    : GetBestInfo: /data/user_de/0/com.google.android.gms/app_chimera/m/00000007/MeasurementDynamite.apk has no usable artifacts
03-24 21:15:29.937  1872  1880 I artd    : GetBestInfo: /data/user_de/0/com.google.android.gms/app_chimera/m/0000000b/dl-VisionOcr.optional_261133100000.apk has no usable artifacts
03-24 21:15:29.951  1872  1880 I artd    : GetBestInfo: /data/user_de/0/com.google.android.gms/app_chimera/m/0000000c/dl-Appsearch.optional_261133100800.apk has no usable artifacts
03-24 21:15:29.972  1872  1880 I artd    : GetBestInfo: /data/user/0/com.google.android.gms/app_dg_cache/0B5F21648920603C6816E0B76773EED17E15FB77/the.apk has no usable artifacts
03-24 21:15:32.075   761   904 I HalDevMgr: bestIfaceCreationProposal is null, requestIface=STA, existingIface=[name=wlan0 type=STA]
03-24 21:15:33.810  1164  1299 D SatelliteController: iisInCarrierRoamingNbIotNtn: satellite is disabled
03-24 21:15:33.824  1164  1299 D SatelliteController: getCarrierRoamingNtnConnectType: Falling back to global carrier config connect type: 0
03-24 21:15:35.092   761   904 I HalDevMgr: bestIfaceCreationProposal is null, requestIface=STA, existingIface=[name=wlan0 type=STA]
03-24 21:15:38.114   761   904 I HalDevMgr: bestIfaceCreationProposal is null, requestIface=STA, existingIface=[name=wlan0 type=STA]
03-24 21:15:39.453  4948  4948 W libbinder.BackendUnifiedServiceManager: Thread Pool max thread count is 0. Cannot cache binder as linkToDeath cannot be implemented. serviceName: package
03-24 21:15:40.008  1872  1880 I artd    : GetBestInfo: odex next to the dex file (/data/app/~~WEw-qEWCHlUZbloVSQpK4Q==/com.google.android.gms-zScGdJoN6j6usFjBF8E2Dg==/oat/x86_64/base.odex) is kOatUpToDate with filter 'speed-profile' executable 'false'
03-24 21:15:40.027  1872  1880 I artd    : GetBestInfo: odex next to the dex file (/data/app/~~WEw-qEWCHlUZbloVSQpK4Q==/com.google.android.gms-zScGdJoN6j6usFjBF8E2Dg==/oat/x86_64/split_AdsDynamite_installtime.odex) is kOatUpToDate with filter 'speed' executable 'false'
03-24 21:15:40.050  1872  1880 I artd    : GetBestInfo: odex next to the dex file (/data/app/~~WEw-qEWCHlUZbloVSQpK4Q==/com.google.android.gms-zScGdJoN6j6usFjBF8E2Dg==/oat/x86_64/split_CronetDynamite_installtime.odex) is kOatUpToDate with filter 'speed' executable 'false'
03-24 21:15:40.085  1872  4866 I artd    : GetBestInfo: odex next to the dex file (/data/app/~~WEw-qEWCHlUZbloVSQpK4Q==/com.google.android.gms-zScGdJoN6j6usFjBF8E2Dg==/oat/x86_64/split_DynamiteLoader_installtime.odex) is kOatUpToDate with filter 'speed' executable 'false'
03-24 21:15:40.121  1872  4866 I artd    : GetBestInfo: odex next to the dex file (/data/app/~~WEw-qEWCHlUZbloVSQpK4Q==/com.google.android.gms-zScGdJoN6j6usFjBF8E2Dg==/oat/x86_64/split_DynamiteModulesA_installtime.odex) is kOatUpToDate with filter 'speed' executable 'false'
03-24 21:15:40.146  1872  4866 I artd    : GetBestInfo: odex next to the dex file (/data/app/~~WEw-qEWCHlUZbloVSQpK4Q==/com.google.android.gms-zScGdJoN6j6usFjBF8E2Dg==/oat/x86_64/split_DynamiteModulesC_installtime.odex) is kOatUpToDate with filter 'speed' executable 'false'
03-24 21:15:40.165  1872  4866 I artd    : GetBestInfo: odex next to the dex file (/data/app/~~WEw-qEWCHlUZbloVSQpK4Q==/com.google.android.gms-zScGdJoN6j6usFjBF8E2Dg==/oat/x86_64/split_GoogleCertificates_installtime.odex) is kOatUpToDate with filter 'speed' executable 'false'
03-24 21:15:40.203  1872  4866 I artd    : GetBestInfo: odex next to the dex file (/data/app/~~WEw-qEWCHlUZbloVSQpK4Q==/com.google.android.gms-zScGdJoN6j6usFjBF8E2Dg==/oat/x86_64/split_MapsDynamite_installtime.odex) is kOatUpToDate with filter 'speed' executable 'false'
03-24 21:15:40.227  1872  1880 I artd    : GetBestInfo: odex next to the dex file (/data/app/~~WEw-qEWCHlUZbloVSQpK4Q==/com.google.android.gms-zScGdJoN6j6usFjBF8E2Dg==/oat/x86_64/split_MeasurementDynamite_installtime.odex) is kOatUpToDate with filter 'speed' executable 'false'
03-24 21:15:40.239  1872  1880 I artd    : GetBestInfo: odex next to the dex file (/data/app/~~WEw-qEWCHlUZbloVSQpK4Q==/com.google.android.gms-zScGdJoN6j6usFjBF8E2Dg==/oat/x86_64/split_all_locale_splits.odex) is kOatUpToDate with filter 'speed' executable 'false'
03-24 21:15:40.257  1872  1880 I artd    : GetBestInfo: /data/user_de/0/com.google.android.gms/app_chimera/m/0000000a/dl-TfliteDynamiteDynamite.integ_252130102100800.apk has no usable artifacts
03-24 21:15:40.263  1872  1880 I artd    : GetBestInfo: /data/user_de/0/com.google.android.gms/app_chimera/m/00000001/CronetDynamite.apk has no usable artifacts
03-24 21:15:40.264  1872  1880 I artd    : GetBestInfo: /data/user_de/0/com.google.android.gms/app_chimera/m/00000002/DynamiteLoader.apk has no usable artifacts
03-24 21:15:40.266  1872  1880 I artd    : GetBestInfo: /data/user_de/0/com.google.android.gms/app_chimera/m/00000005/GoogleCertificates.apk has no usable artifacts
03-24 21:15:40.281  1872  4866 I artd    : GetBestInfo: /data/user_de/0/com.google.android.gms/app_chimera/m/0000000f/dl-MlkitOcrCommon.optional_261133100800.apk has no usable artifacts
03-24 21:15:40.311  1872  4866 I artd    : GetBestInfo: /data/user_de/0/com.google.android.gms/app_chimera/m/0000000d/dl-MlkitBarcodeUi.optional_261133100800.apk has no usable artifacts
03-24 21:15:40.342  1872  4866 I artd    : GetBestInfo: vdex next to the dex file (/data/user/0/com.google.android.gms/app_dg_cache/E054CA794C125F959C88D4849C82AB3F226237E6/oat/x86_64/the.vdex) is kOatUpToDate with filter 'verify' executable 'false'
03-24 21:15:40.364  1872  4866 I artd    : GetBestInfo: /data/user_de/0/com.google.android.gms/app_chimera/m/00000007/MeasurementDynamite.apk has no usable artifacts
03-24 21:15:40.392  1872  4866 I artd    : GetBestInfo: /data/user_de/0/com.google.android.gms/app_chimera/m/0000000b/dl-VisionOcr.optional_261133100000.apk has no usable artifacts
03-24 21:15:40.414  1872  4866 I artd    : GetBestInfo: /data/user_de/0/com.google.android.gms/app_chimera/m/0000000c/dl-Appsearch.optional_261133100800.apk has no usable artifacts
03-24 21:15:40.451  1872  4866 I artd    : GetBestInfo: /data/user/0/com.google.android.gms/app_dg_cache/0B5F21648920603C6816E0B76773EED17E15FB77/the.apk has no usable artifacts
03-24 21:15:40.478   761  1797 W libbinder.Binder: Binder transaction to android.content.pm.IPackageManager code 1598311760 took 1018ms. Data bytes: 80 Reply bytes: 4 Flags: 16
03-24 21:15:41.135   761   904 I HalDevMgr: bestIfaceCreationProposal is null, requestIface=STA, existingIface=[name=wlan0 type=STA]
03-24 21:15:43.811  1164  1299 D SatelliteController: iisInCarrierRoamingNbIotNtn: satellite is disabled
03-24 21:15:43.816  1164  1299 D SatelliteController: getCarrierRoamingNtnConnectType: Falling back to global carrier config connect type: 0
03-24 21:15:44.152   761   904 I HalDevMgr: bestIfaceCreationProposal is null, requestIface=STA, existingIface=[name=wlan0 type=STA]
03-24 21:15:47.176   761   904 I HalDevMgr: bestIfaceCreationProposal is null, requestIface=STA, existingIface=[name=wlan0 type=STA]
03-24 21:15:49.651  4951  4951 W libbinder.BackendUnifiedServiceManager: Thread Pool max thread count is 0. Cannot cache binder as linkToDeath cannot be implemented. serviceName: package
03-24 21:15:50.217   761   904 I HalDevMgr: bestIfaceCreationProposal is null, requestIface=STA, existingIface=[name=wlan0 type=STA]
03-24 21:15:50.272  1872  4866 I artd    : GetBestInfo: odex next to the dex file (/data/app/~~WEw-qEWCHlUZbloVSQpK4Q==/com.google.android.gms-zScGdJoN6j6usFjBF8E2Dg==/oat/x86_64/base.odex) is kOatUpToDate with filter 'speed-profile' executable 'false'
03-24 21:15:50.301  1872  4866 I artd    : GetBestInfo: odex next to the dex file (/data/app/~~WEw-qEWCHlUZbloVSQpK4Q==/com.google.android.gms-zScGdJoN6j6usFjBF8E2Dg==/oat/x86_64/split_AdsDynamite_installtime.odex) is kOatUpToDate with filter 'speed' executable 'false'
03-24 21:15:50.340  1872  4866 I artd    : GetBestInfo: odex next to the dex file (/data/app/~~WEw-qEWCHlUZbloVSQpK4Q==/com.google.android.gms-zScGdJoN6j6usFjBF8E2Dg==/oat/x86_64/split_CronetDynamite_installtime.odex) is kOatUpToDate with filter 'speed' executable 'false'
03-24 21:15:50.395  1872  4866 I artd    : GetBestInfo: odex next to the dex file (/data/app/~~WEw-qEWCHlUZbloVSQpK4Q==/com.google.android.gms-zScGdJoN6j6usFjBF8E2Dg==/oat/x86_64/split_DynamiteLoader_installtime.odex) is kOatUpToDate with filter 'speed' executable 'false'
03-24 21:15:50.426  1872  4866 I artd    : GetBestInfo: odex next to the dex file (/data/app/~~WEw-qEWCHlUZbloVSQpK4Q==/com.google.android.gms-zScGdJoN6j6usFjBF8E2Dg==/oat/x86_64/split_DynamiteModulesA_installtime.odex) is kOatUpToDate with filter 'speed' executable 'false'
03-24 21:15:50.456  1872  4866 I artd    : GetBestInfo: odex next to the dex file (/data/app/~~WEw-qEWCHlUZbloVSQpK4Q==/com.google.android.gms-zScGdJoN6j6usFjBF8E2Dg==/oat/x86_64/split_DynamiteModulesC_installtime.odex) is kOatUpToDate with filter 'speed' executable 'false'
03-24 21:15:50.479  1872  4866 I artd    : GetBestInfo: odex next to the dex file (/data/app/~~WEw-qEWCHlUZbloVSQpK4Q==/com.google.android.gms-zScGdJoN6j6usFjBF8E2Dg==/oat/x86_64/split_GoogleCertificates_installtime.odex) is kOatUpToDate with filter 'speed' executable 'false'
03-24 21:15:50.506  1872  4866 I artd    : GetBestInfo: odex next to the dex file (/data/app/~~WEw-qEWCHlUZbloVSQpK4Q==/com.google.android.gms-zScGdJoN6j6usFjBF8E2Dg==/oat/x86_64/split_MapsDynamite_installtime.odex) is kOatUpToDate with filter 'speed' executable 'false'
03-24 21:15:50.536  1872  4866 I artd    : GetBestInfo: odex next to the dex file (/data/app/~~WEw-qEWCHlUZbloVSQpK4Q==/com.google.android.gms-zScGdJoN6j6usFjBF8E2Dg==/oat/x86_64/split_MeasurementDynamite_installtime.odex) is kOatUpToDate with filter 'speed' executable 'false'
03-24 21:15:50.562  1872  4866 I artd    : GetBestInfo: odex next to the dex file (/data/app/~~WEw-qEWCHlUZbloVSQpK4Q==/com.google.android.gms-zScGdJoN6j6usFjBF8E2Dg==/oat/x86_64/split_all_locale_splits.odex) is kOatUpToDate with filter 'speed' executable 'false'
03-24 21:15:50.573  1872  4866 I artd    : GetBestInfo: /data/user_de/0/com.google.android.gms/app_chimera/m/0000000a/dl-TfliteDynamiteDynamite.integ_252130102100800.apk has no usable artifacts
03-24 21:15:50.577  1872  4866 I artd    : GetBestInfo: /data/user_de/0/com.google.android.gms/app_chimera/m/00000001/CronetDynamite.apk has no usable artifacts
03-24 21:15:50.580  1872  4866 I artd    : GetBestInfo: /data/user_de/0/com.google.android.gms/app_chimera/m/00000002/DynamiteLoader.apk has no usable artifacts
03-24 21:15:50.584  1872  4866 I artd    : GetBestInfo: /data/user_de/0/com.google.android.gms/app_chimera/m/00000005/GoogleCertificates.apk has no usable artifacts
03-24 21:15:50.602  1872  4866 I artd    : GetBestInfo: /data/user_de/0/com.google.android.gms/app_chimera/m/0000000f/dl-MlkitOcrCommon.optional_261133100800.apk has no usable artifacts
03-24 21:15:50.623  1872  4866 I artd    : GetBestInfo: /data/user_de/0/com.google.android.gms/app_chimera/m/0000000d/dl-MlkitBarcodeUi.optional_261133100800.apk has no usable artifacts
03-24 21:15:50.650  1872  4866 I artd    : GetBestInfo: vdex next to the dex file (/data/user/0/com.google.android.gms/app_dg_cache/E054CA794C125F959C88D4849C82AB3F226237E6/oat/x86_64/the.vdex) is kOatUpToDate with filter 'verify' executable 'false'
03-24 21:15:50.669  1872  4866 I artd    : GetBestInfo: /data/user_de/0/com.google.android.gms/app_chimera/m/00000007/MeasurementDynamite.apk has no usable artifacts
03-24 21:15:50.688  1872  4866 I artd    : GetBestInfo: /data/user_de/0/com.google.android.gms/app_chimera/m/0000000b/dl-VisionOcr.optional_261133100000.apk has no usable artifacts
03-24 21:15:50.711  1872  4866 I artd    : GetBestInfo: /data/user_de/0/com.google.android.gms/app_chimera/m/0000000c/dl-Appsearch.optional_261133100800.apk has no usable artifacts
03-24 21:15:50.772  1872  4866 I artd    : GetBestInfo: /data/user/0/com.google.android.gms/app_dg_cache/0B5F21648920603C6816E0B76773EED17E15FB77/the.apk has no usable artifacts
03-24 21:15:50.803   761  1797 W libbinder.Binder: Binder transaction to android.content.pm.IPackageManager code 1598311760 took 1146ms. Data bytes: 80 Reply bytes: 4 Flags: 16
03-24 21:15:53.238   761   904 I HalDevMgr: bestIfaceCreationProposal is null, requestIface=STA, existingIface=[name=wlan0 type=STA]
03-24 21:15:53.808  1164  1299 D SatelliteController: iisInCarrierRoamingNbIotNtn: satellite is disabled
03-24 21:15:53.810  1164  1299 D SatelliteController: getCarrierRoamingNtnConnectType: Falling back to global carrier config connect type: 0
03-24 21:15:56.253   761   904 I HalDevMgr: bestIfaceCreationProposal is null, requestIface=STA, existingIface=[name=wlan0 type=STA]
03-24 21:15:59.287   761   904 I HalDevMgr: bestIfaceCreationProposal is null, requestIface=STA, existingIface=[name=wlan0 type=STA]
03-24 21:15:59.437  4954  4954 W libbinder.BackendUnifiedServiceManager: Thread Pool max thread count is 0. Cannot cache binder as linkToDeath cannot be implemented. serviceName: package
03-24 21:15:59.931  1872  4866 I artd    : GetBestInfo: odex next to the dex file (/data/app/~~WEw-qEWCHlUZbloVSQpK4Q==/com.google.android.gms-zScGdJoN6j6usFjBF8E2Dg==/oat/x86_64/base.odex) is kOatUpToDate with filter 'speed-profile' executable 'false'
03-24 21:15:59.961  1872  4866 I artd    : GetBestInfo: odex next to the dex file (/data/app/~~WEw-qEWCHlUZbloVSQpK4Q==/com.google.android.gms-zScGdJoN6j6usFjBF8E2Dg==/oat/x86_64/split_AdsDynamite_installtime.odex) is kOatUpToDate with filter 'speed' executable 'false'
03-24 21:15:59.985  1872  4866 I artd    : GetBestInfo: odex next to the dex file (/data/app/~~WEw-qEWCHlUZbloVSQpK4Q==/com.google.android.gms-zScGdJoN6j6usFjBF8E2Dg==/oat/x86_64/split_CronetDynamite_installtime.odex) is kOatUpToDate with filter 'speed' executable 'false'
03-24 21:16:00.009  1872  4866 I artd    : GetBestInfo: odex next to the dex file (/data/app/~~WEw-qEWCHlUZbloVSQpK4Q==/com.google.android.gms-zScGdJoN6j6usFjBF8E2Dg==/oat/x86_64/split_DynamiteLoader_installtime.odex) is kOatUpToDate with filter 'speed' executable 'false'
03-24 21:16:00.040  1872  1880 I artd    : GetBestInfo: odex next to the dex file (/data/app/~~WEw-qEWCHlUZbloVSQpK4Q==/com.google.android.gms-zScGdJoN6j6usFjBF8E2Dg==/oat/x86_64/split_DynamiteModulesA_installtime.odex) is kOatUpToDate with filter 'speed' executable 'false'
03-24 21:16:00.069  1872  4866 I artd    : GetBestInfo: odex next to the dex file (/data/app/~~WEw-qEWCHlUZbloVSQpK4Q==/com.google.android.gms-zScGdJoN6j6usFjBF8E2Dg==/oat/x86_64/split_DynamiteModulesC_installtime.odex) is kOatUpToDate with filter 'speed' executable 'false'
03-24 21:16:00.092  1872  4866 I artd    : GetBestInfo: odex next to the dex file (/data/app/~~WEw-qEWCHlUZbloVSQpK4Q==/com.google.android.gms-zScGdJoN6j6usFjBF8E2Dg==/oat/x86_64/split_GoogleCertificates_installtime.odex) is kOatUpToDate with filter 'speed' executable 'false'
03-24 21:16:00.116  1872  4866 I artd    : GetBestInfo: odex next to the dex file (/data/app/~~WEw-qEWCHlUZbloVSQpK4Q==/com.google.android.gms-zScGdJoN6j6usFjBF8E2Dg==/oat/x86_64/split_MapsDynamite_installtime.odex) is kOatUpToDate with filter 'speed' executable 'false'
03-24 21:16:00.136  1872  4866 I artd    : GetBestInfo: odex next to the dex file (/data/app/~~WEw-qEWCHlUZbloVSQpK4Q==/com.google.android.gms-zScGdJoN6j6usFjBF8E2Dg==/oat/x86_64/split_MeasurementDynamite_installtime.odex) is kOatUpToDate with filter 'speed' executable 'false'
03-24 21:16:00.163  1872  4866 I artd    : GetBestInfo: odex next to the dex file (/data/app/~~WEw-qEWCHlUZbloVSQpK4Q==/com.google.android.gms-zScGdJoN6j6usFjBF8E2Dg==/oat/x86_64/split_all_locale_splits.odex) is kOatUpToDate with filter 'speed' executable 'false'
03-24 21:16:00.184  1872  4866 I artd    : GetBestInfo: /data/user_de/0/com.google.android.gms/app_chimera/m/0000000a/dl-TfliteDynamiteDynamite.integ_252130102100800.apk has no usable artifacts
03-24 21:16:00.189  1872  4866 I artd    : GetBestInfo: /data/user_de/0/com.google.android.gms/app_chimera/m/00000001/CronetDynamite.apk has no usable artifacts
03-24 21:16:00.192  1872  4866 I artd    : GetBestInfo: /data/user_de/0/com.google.android.gms/app_chimera/m/00000002/DynamiteLoader.apk has no usable artifacts
03-24 21:16:00.195  1872  4866 I artd    : GetBestInfo: /data/user_de/0/com.google.android.gms/app_chimera/m/00000005/GoogleCertificates.apk has no usable artifacts
03-24 21:16:00.210  1872  4866 I artd    : GetBestInfo: /data/user_de/0/com.google.android.gms/app_chimera/m/0000000f/dl-MlkitOcrCommon.optional_261133100800.apk has no usable artifacts
03-24 21:16:00.231  1872  4866 I artd    : GetBestInfo: /data/user_de/0/com.google.android.gms/app_chimera/m/0000000d/dl-MlkitBarcodeUi.optional_261133100800.apk has no usable artifacts
03-24 21:16:00.270  1872  4866 I artd    : GetBestInfo: vdex next to the dex file (/data/user/0/com.google.android.gms/app_dg_cache/E054CA794C125F959C88D4849C82AB3F226237E6/oat/x86_64/the.vdex) is kOatUpToDate with filter 'verify' executable 'false'
03-24 21:16:00.297  1872  4866 I artd    : GetBestInfo: /data/user_de/0/com.google.android.gms/app_chimera/m/00000007/MeasurementDynamite.apk has no usable artifacts
03-24 21:16:00.337  1872  4866 I artd    : GetBestInfo: /data/user_de/0/com.google.android.gms/app_chimera/m/0000000b/dl-VisionOcr.optional_261133100000.apk has no usable artifacts
03-24 21:16:00.372  1872  4866 I artd    : GetBestInfo: /data/user_de/0/com.google.android.gms/app_chimera/m/0000000c/dl-Appsearch.optional_261133100800.apk has no usable artifacts
03-24 21:16:00.423  1872  4866 I artd    : GetBestInfo: /data/user/0/com.google.android.gms/app_dg_cache/0B5F21648920603C6816E0B76773EED17E15FB77/the.apk has no usable artifacts
03-24 21:16:00.463   761  1797 W libbinder.Binder: Binder transaction to android.content.pm.IPackageManager code 1598311760 took 1022ms. Data bytes: 80 Reply bytes: 4 Flags: 16
03-24 21:16:02.308   761   904 I HalDevMgr: bestIfaceCreationProposal is null, requestIface=STA, existingIface=[name=wlan0 type=STA]
03-24 21:16:03.810  1164  1299 D SatelliteController: iisInCarrierRoamingNbIotNtn: satellite is disabled
03-24 21:16:03.811  1164  1299 D SatelliteController: getCarrierRoamingNtnConnectType: Falling back to global carrier config connect type: 0
03-24 21:16:05.388   761   904 I HalDevMgr: bestIfaceCreationProposal is null, requestIface=STA, existingIface=[name=wlan0 type=STA]
03-24 21:16:08.427   761   904 I HalDevMgr: bestIfaceCreationProposal is null, requestIface=STA, existingIface=[name=wlan0 type=STA]
03-24 21:16:09.390  4957  4957 W libbinder.BackendUnifiedServiceManager: Thread Pool max thread count is 0. Cannot cache binder as linkToDeath cannot be implemented. serviceName: package
03-24 21:16:09.836  1872  4866 I artd    : GetBestInfo: odex next to the dex file (/data/app/~~WEw-qEWCHlUZbloVSQpK4Q==/com.google.android.gms-zScGdJoN6j6usFjBF8E2Dg==/oat/x86_64/base.odex) is kOatUpToDate with filter 'speed-profile' executable 'false'
03-24 21:16:09.856  1872  4866 I artd    : GetBestInfo: odex next to the dex file (/data/app/~~WEw-qEWCHlUZbloVSQpK4Q==/com.google.android.gms-zScGdJoN6j6usFjBF8E2Dg==/oat/x86_64/split_AdsDynamite_installtime.odex) is kOatUpToDate with filter 'speed' executable 'false'
03-24 21:16:09.876  1872  4866 I artd    : GetBestInfo: odex next to the dex file (/data/app/~~WEw-qEWCHlUZbloVSQpK4Q==/com.google.android.gms-zScGdJoN6j6usFjBF8E2Dg==/oat/x86_64/split_CronetDynamite_installtime.odex) is kOatUpToDate with filter 'speed' executable 'false'
03-24 21:16:09.893  1872  4866 I artd    : GetBestInfo: odex next to the dex file (/data/app/~~WEw-qEWCHlUZbloVSQpK4Q==/com.google.android.gms-zScGdJoN6j6usFjBF8E2Dg==/oat/x86_64/split_DynamiteLoader_installtime.odex) is kOatUpToDate with filter 'speed' executable 'false'
03-24 21:16:09.918  1872  4866 I artd    : GetBestInfo: odex next to the dex file (/data/app/~~WEw-qEWCHlUZbloVSQpK4Q==/com.google.android.gms-zScGdJoN6j6usFjBF8E2Dg==/oat/x86_64/split_DynamiteModulesA_installtime.odex) is kOatUpToDate with filter 'speed' executable 'false'
03-24 21:16:09.937  1872  4866 I artd    : GetBestInfo: odex next to the dex file (/data/app/~~WEw-qEWCHlUZbloVSQpK4Q==/com.google.android.gms-zScGdJoN6j6usFjBF8E2Dg==/oat/x86_64/split_DynamiteModulesC_installtime.odex) is kOatUpToDate with filter 'speed' executable 'false'
03-24 21:16:09.962  1872  4866 I artd    : GetBestInfo: odex next to the dex file (/data/app/~~WEw-qEWCHlUZbloVSQpK4Q==/com.google.android.gms-zScGdJoN6j6usFjBF8E2Dg==/oat/x86_64/split_GoogleCertificates_installtime.odex) is kOatUpToDate with filter 'speed' executable 'false'
03-24 21:16:10.001  1872  4866 I artd    : GetBestInfo: odex next to the dex file (/data/app/~~WEw-qEWCHlUZbloVSQpK4Q==/com.google.android.gms-zScGdJoN6j6usFjBF8E2Dg==/oat/x86_64/split_MapsDynamite_installtime.odex) is kOatUpToDate with filter 'speed' executable 'false'
03-24 21:16:10.023  1872  4866 I artd    : GetBestInfo: odex next to the dex file (/data/app/~~WEw-qEWCHlUZbloVSQpK4Q==/com.google.android.gms-zScGdJoN6j6usFjBF8E2Dg==/oat/x86_64/split_MeasurementDynamite_installtime.odex) is kOatUpToDate with filter 'speed' executable 'false'
03-24 21:16:10.040  1872  4866 I artd    : GetBestInfo: odex next to the dex file (/data/app/~~WEw-qEWCHlUZbloVSQpK4Q==/com.google.android.gms-zScGdJoN6j6usFjBF8E2Dg==/oat/x86_64/split_all_locale_splits.odex) is kOatUpToDate with filter 'speed' executable 'false'
03-24 21:16:10.054  1872  4866 I artd    : GetBestInfo: /data/user_de/0/com.google.android.gms/app_chimera/m/0000000a/dl-TfliteDynamiteDynamite.integ_252130102100800.apk has no usable artifacts
03-24 21:16:10.057  1872  4866 I artd    : GetBestInfo: /data/user_de/0/com.google.android.gms/app_chimera/m/00000001/CronetDynamite.apk has no usable artifacts
03-24 21:16:10.059  1872  4866 I artd    : GetBestInfo: /data/user_de/0/com.google.android.gms/app_chimera/m/00000002/DynamiteLoader.apk has no usable artifacts
03-24 21:16:10.061  1872  4866 I artd    : GetBestInfo: /data/user_de/0/com.google.android.gms/app_chimera/m/00000005/GoogleCertificates.apk has no usable artifacts
03-24 21:16:10.074  1872  4866 I artd    : GetBestInfo: /data/user_de/0/com.google.android.gms/app_chimera/m/0000000f/dl-MlkitOcrCommon.optional_261133100800.apk has no usable artifacts
03-24 21:16:10.091  1872  4866 I artd    : GetBestInfo: /data/user_de/0/com.google.android.gms/app_chimera/m/0000000d/dl-MlkitBarcodeUi.optional_261133100800.apk has no usable artifacts
03-24 21:16:10.125  1872  4866 I artd    : GetBestInfo: vdex next to the dex file (/data/user/0/com.google.android.gms/app_dg_cache/E054CA794C125F959C88D4849C82AB3F226237E6/oat/x86_64/the.vdex) is kOatUpToDate with filter 'verify' executable 'false'
03-24 21:16:10.136  1872  4866 I artd    : GetBestInfo: /data/user_de/0/com.google.android.gms/app_chimera/m/00000007/MeasurementDynamite.apk has no usable artifacts
03-24 21:16:10.154  1872  4866 I artd    : GetBestInfo: /data/user_de/0/com.google.android.gms/app_chimera/m/0000000b/dl-VisionOcr.optional_261133100000.apk has no usable artifacts
03-24 21:16:10.164  1872  4866 I artd    : GetBestInfo: /data/user_de/0/com.google.android.gms/app_chimera/m/0000000c/dl-Appsearch.optional_261133100800.apk has no usable artifacts
03-24 21:16:10.180  1872  4866 I artd    : GetBestInfo: /data/user/0/com.google.android.gms/app_dg_cache/0B5F21648920603C6816E0B76773EED17E15FB77/the.apk has no usable artifacts
03-24 21:16:10.415   761   773 I system_server: Background young concurrent mark compact GC freed 24MB AllocSpace bytes, 6(120KB) LOS objects, 42% free, 32MB/56MB, paused 6.303ms,9.809ms total 700.733ms
03-24 21:16:11.445   761   904 I HalDevMgr: bestIfaceCreationProposal is null, requestIface=STA, existingIface=[name=wlan0 type=STA]
03-24 21:16:13.813  1164  1299 D SatelliteController: iisInCarrierRoamingNbIotNtn: satellite is disabled
03-24 21:16:13.815  1164  1299 D SatelliteController: getCarrierRoamingNtnConnectType: Falling back to global carrier config connect type: 0
03-24 21:16:14.458   761   904 I HalDevMgr: bestIfaceCreationProposal is null, requestIface=STA, existingIface=[name=wlan0 type=STA]
03-24 21:16:17.467   761   904 I HalDevMgr: bestIfaceCreationProposal is null, requestIface=STA, existingIface=[name=wlan0 type=STA]
03-24 21:16:19.379  4962  4962 W libbinder.BackendUnifiedServiceManager: Thread Pool max thread count is 0. Cannot cache binder as linkToDeath cannot be implemented. serviceName: package
03-24 21:16:19.653  1872  4866 I artd    : GetBestInfo: odex next to the dex file (/data/app/~~WEw-qEWCHlUZbloVSQpK4Q==/com.google.android.gms-zScGdJoN6j6usFjBF8E2Dg==/oat/x86_64/base.odex) is kOatUpToDate with filter 'speed-profile' executable 'false'
03-24 21:16:19.663  1872  4866 I artd    : GetBestInfo: odex next to the dex file (/data/app/~~WEw-qEWCHlUZbloVSQpK4Q==/com.google.android.gms-zScGdJoN6j6usFjBF8E2Dg==/oat/x86_64/split_AdsDynamite_installtime.odex) is kOatUpToDate with filter 'speed' executable 'false'
03-24 21:16:19.674  1872  4866 I artd    : GetBestInfo: odex next to the dex file (/data/app/~~WEw-qEWCHlUZbloVSQpK4Q==/com.google.android.gms-zScGdJoN6j6usFjBF8E2Dg==/oat/x86_64/split_CronetDynamite_installtime.odex) is kOatUpToDate with filter 'speed' executable 'false'
03-24 21:16:19.682  1872  4866 I artd    : GetBestInfo: odex next to the dex file (/data/app/~~WEw-qEWCHlUZbloVSQpK4Q==/com.google.android.gms-zScGdJoN6j6usFjBF8E2Dg==/oat/x86_64/split_DynamiteLoader_installtime.odex) is kOatUpToDate with filter 'speed' executable 'false'
03-24 21:16:19.693  1872  4866 I artd    : GetBestInfo: odex next to the dex file (/data/app/~~WEw-qEWCHlUZbloVSQpK4Q==/com.google.android.gms-zScGdJoN6j6usFjBF8E2Dg==/oat/x86_64/split_DynamiteModulesA_installtime.odex) is kOatUpToDate with filter 'speed' executable 'false'
03-24 21:16:19.709  1872  4866 I artd    : GetBestInfo: odex next to the dex file (/data/app/~~WEw-qEWCHlUZbloVSQpK4Q==/com.google.android.gms-zScGdJoN6j6usFjBF8E2Dg==/oat/x86_64/split_DynamiteModulesC_installtime.odex) is kOatUpToDate with filter 'speed' executable 'false'
03-24 21:16:19.722  1872  4866 I artd    : GetBestInfo: odex next to the dex file (/data/app/~~WEw-qEWCHlUZbloVSQpK4Q==/com.google.android.gms-zScGdJoN6j6usFjBF8E2Dg==/oat/x86_64/split_GoogleCertificates_installtime.odex) is kOatUpToDate with filter 'speed' executable 'false'
03-24 21:16:19.735  1872  4866 I artd    : GetBestInfo: odex next to the dex file (/data/app/~~WEw-qEWCHlUZbloVSQpK4Q==/com.google.android.gms-zScGdJoN6j6usFjBF8E2Dg==/oat/x86_64/split_MapsDynamite_installtime.odex) is kOatUpToDate with filter 'speed' executable 'false'
03-24 21:16:19.755  1872  4866 I artd    : GetBestInfo: odex next to the dex file (/data/app/~~WEw-qEWCHlUZbloVSQpK4Q==/com.google.android.gms-zScGdJoN6j6usFjBF8E2Dg==/oat/x86_64/split_MeasurementDynamite_installtime.odex) is kOatUpToDate with filter 'speed' executable 'false'
03-24 21:16:19.775  1872  4866 I artd    : GetBestInfo: odex next to the dex file (/data/app/~~WEw-qEWCHlUZbloVSQpK4Q==/com.google.android.gms-zScGdJoN6j6usFjBF8E2Dg==/oat/x86_64/split_all_locale_splits.odex) is kOatUpToDate with filter 'speed' executable 'false'
03-24 21:16:19.785  1872  4866 I artd    : GetBestInfo: /data/user_de/0/com.google.android.gms/app_chimera/m/0000000a/dl-TfliteDynamiteDynamite.integ_252130102100800.apk has no usable artifacts
03-24 21:16:19.787  1872  1880 I artd    : GetBestInfo: /data/user_de/0/com.google.android.gms/app_chimera/m/00000001/CronetDynamite.apk has no usable artifacts
03-24 21:16:19.788  1872  1880 I artd    : GetBestInfo: /data/user_de/0/com.google.android.gms/app_chimera/m/00000002/DynamiteLoader.apk has no usable artifacts
03-24 21:16:19.790  1872  1880 I artd    : GetBestInfo: /data/user_de/0/com.google.android.gms/app_chimera/m/00000005/GoogleCertificates.apk has no usable artifacts
03-24 21:16:19.803  1872  1880 I artd    : GetBestInfo: /data/user_de/0/com.google.android.gms/app_chimera/m/0000000f/dl-MlkitOcrCommon.optional_261133100800.apk has no usable artifacts
03-24 21:16:19.821  1872  1880 I artd    : GetBestInfo: /data/user_de/0/com.google.android.gms/app_chimera/m/0000000d/dl-MlkitBarcodeUi.optional_261133100800.apk has no usable artifacts
03-24 21:16:19.833  1872  1880 I artd    : GetBestInfo: vdex next to the dex file (/data/user/0/com.google.android.gms/app_dg_cache/E054CA794C125F959C88D4849C82AB3F226237E6/oat/x86_64/the.vdex) is kOatUpToDate with filter 'verify' executable 'false'
03-24 21:16:19.837  1872  4866 I artd    : GetBestInfo: /data/user_de/0/com.google.android.gms/app_chimera/m/00000007/MeasurementDynamite.apk has no usable artifacts
03-24 21:16:19.848  1872  4866 I artd    : GetBestInfo: /data/user_de/0/com.google.android.gms/app_chimera/m/0000000b/dl-VisionOcr.optional_261133100000.apk has no usable artifacts
03-24 21:16:19.865  1872  4866 I artd    : GetBestInfo: /data/user_de/0/com.google.android.gms/app_chimera/m/0000000c/dl-Appsearch.optional_261133100800.apk has no usable artifacts
03-24 21:16:19.884  1872  4866 I artd    : GetBestInfo: /data/user/0/com.google.android.gms/app_dg_cache/0B5F21648920603C6816E0B76773EED17E15FB77/the.apk has no usable artifacts
03-24 21:16:20.338  4960  4960 D AndroidRuntime: >>>>>> START com.android.internal.os.RuntimeInit uid 2000 <<<<<<
03-24 21:16:20.478   761   904 I HalDevMgr: bestIfaceCreationProposal is null, requestIface=STA, existingIface=[name=wlan0 type=STA]
03-24 21:16:20.567  4960  4960 I AndroidRuntime: Using default boot image
03-24 21:16:20.567  4960  4960 I AndroidRuntime: Leaving lock profiling enabled
03-24 21:16:20.808  4960  4960 I app_process: Using CollectorTypeCMC GC.
03-24 21:16:23.498   761   904 I HalDevMgr: bestIfaceCreationProposal is null, requestIface=STA, existingIface=[name=wlan0 type=STA]
03-24 21:16:23.822  1164  1299 D SatelliteController: iisInCarrierRoamingNbIotNtn: satellite is disabled
03-24 21:16:23.824  1164  1299 D SatelliteController: getCarrierRoamingNtnConnectType: Falling back to global carrier config connect type: 0
03-24 21:16:24.849  4960  4960 D nativeloader: InitDefaultPublicLibraries for_preload=1: libandroid.so:libaaudio.so:libamidi.so:libbinder_ndk.so:libc.so:libcamera2ndk.so:libdl.so:libEGL.so:libGLESv1_CM.so:libGLESv2.so:libGLESv3.so:libicu.so:libicui18n.so:libicuuc.so:libjnigraphics.so:liblog.so:libmediandk.so:libm.so:libnativehelper.so:libnativewindow.so:libOpenMAXAL.so:libOpenSLES.so:libRS.so:libstdc++.so:libsync.so:libvulkan.so:libwebviewchromium_plat_support.so:libz.so
03-24 21:16:25.440  4960  4960 D nativeloader: Load libicu_jni.so using APEX ns com_android_art for caller /apex/com.android.art/javalib/core-oj.jar: ok
03-24 21:16:25.447  4960  4960 D app_process: u_setTimeZoneFilesDirectory("/apex/com.android.tzdata/etc/tz/versioned/9/icu") succeeded. 
03-24 21:16:25.459  4960  4960 D app_process: I18n APEX ICU file found: /apex/com.android.i18n/etc/icu/icudt76l.dat
03-24 21:16:25.605  4960  4960 D nativeloader: Load libjavacore.so using APEX ns com_android_art for caller /apex/com.android.art/javalib/core-oj.jar: ok
03-24 21:16:25.712  4960  4960 D nativeloader: Load libopenjdk.so using APEX ns com_android_art for caller /apex/com.android.art/javalib/core-oj.jar: ok
03-24 21:16:25.881  4960  4960 I app_process: Priority-to-niceness mapping: 19, 16, 13, 10, 0, -2, -4, -5, -6, -8
03-24 21:16:25.899  4960  4960 W app_process: Unexpected CPU variant for x86: x86_64.
03-24 21:16:25.899  4960  4960 W app_process: Known variants: atom, sandybridge, silvermont, goldmont, goldmont-plus, goldmont-without-sha-xsaves, tremont, kabylake, alderlake, default
03-24 21:16:26.545   761   904 I HalDevMgr: bestIfaceCreationProposal is null, requestIface=STA, existingIface=[name=wlan0 type=STA]
03-24 21:16:27.665  4960  4960 D nativeloader: Load libframework-connectivity-tiramisu-jni.so using APEX ns com_android_tethering for caller /apex/com.android.tethering/javalib/framework-connectivity-t.jar: ok
03-24 21:16:27.673  4960  4960 D AndroidRuntime: Calling main entry com.android.commands.monkey.Monkey
03-24 21:16:27.693  4960  4960 D nativeloader: Load /system/lib64/libmonkey_jni.so using ns default for caller /system/framework/monkey.jar in same partition (is_bridged=0): ok
03-24 21:16:27.700  4960  4960 W Monkey  : args: [-p, com.vdigital.volumestream, -c, android.intent.category.LAUNCHER, 1]
03-24 21:16:27.788  4960  4960 I AconfigPackage: android.media.swcodec.flags is mapped to com.android.media.swcodec
03-24 21:16:27.795  4960  4960 I AconfigPackage: com.android.permission.flags is mapped to com.android.permission
03-24 21:16:27.795  4960  4960 I AconfigPackage: com.android.permissioncontroller.flags is mapped to com.android.permission
03-24 21:16:27.807  4960  4960 I AconfigPackage: com.android.icu is mapped to com.android.i18n
03-24 21:16:27.809  4960  4960 I AconfigPackage: com.android.appsearch.flags is mapped to com.android.appsearch
03-24 21:16:27.813  4960  4960 I AconfigPackage: android.uprobestats.mainline.flags is mapped to com.android.uprobestats
03-24 21:16:27.816  4960  4960 I AconfigPackage: com.android.crashrecovery.flags is mapped to com.android.crashrecovery
03-24 21:16:27.818  4960  4960 I AconfigPackage: android.provider.flags is mapped to com.android.configinfrastructure
03-24 21:16:27.819  4960  4960 I AconfigPackage: com.android.server.deviceconfig is mapped to com.android.configinfrastructure
03-24 21:16:27.821  4960  4960 I AconfigPackage: com.android.compos.flags is mapped to com.android.compos
03-24 21:16:27.824  4960  4960 I AconfigPackage: com.android.art.flags is mapped to com.android.art
03-24 21:16:27.824  4960  4960 I AconfigPackage: com.android.art.rw.flags is mapped to com.android.art
03-24 21:16:27.824  4960  4960 I AconfigPackage: com.android.libcore is mapped to com.android.art
03-24 21:16:27.829  4960  4960 I AconfigPackage: com.android.telephony.flags is mapped to com.android.telephonycore
03-24 21:16:27.832  4960  4960 I AconfigPackage: com.android.media.extractor.flags is mapped to com.android.media
03-24 21:16:27.832  4960  4960 I AconfigPackage: com.android.media.mainline.flags is mapped to com.android.media
03-24 21:16:27.835  4960  4960 I AconfigPackage: com.android.wifi.flags is mapped to com.android.wifi
03-24 21:16:27.837  4960  4960 I AconfigPackage: com.android.org.conscrypt.flags is mapped to com.android.conscrypt
03-24 21:16:27.837  4960  4960 I AconfigPackage: com.android.org.conscrypt.net.flags is mapped to com.android.conscrypt
03-24 21:16:27.841  4960  4960 I AconfigPackage: com.android.healthfitness.flags is mapped to com.android.healthfitness
03-24 21:16:27.847  4960  4960 I AconfigPackage: com.android.ipsec.flags is mapped to com.android.ipsec
03-24 21:16:27.853  4960  4960 I AconfigPackage: com.android.nfc.module.flags is mapped to com.android.nfcservices
03-24 21:16:27.860  4960  4960 I AconfigPackage: com.android.adservices.ondevicepersonalization.flags is mapped to com.android.ondevicepersonalization
03-24 21:16:27.864  4960  4960 I AconfigPackage: com.android.adbd.flags is mapped to com.android.adbd
03-24 21:16:27.869  4960  4960 I AconfigPackage: com.android.bluetooth.flags is mapped to com.android.bt
03-24 21:16:27.874  4960  4960 I AconfigPackage: com.android.devicelock.flags is mapped to com.android.devicelock
03-24 21:16:27.879  4960  4960 I AconfigPackage: android.os.profiling is mapped to com.android.profiling
03-24 21:16:27.879  4960  4960 I AconfigPackage: android.os.profiling.anomaly.flags is mapped to com.android.profiling
03-24 21:16:27.883  4960  4960 I AconfigPackage: com.android.os.statsd.flags is mapped to com.android.os.statsd
03-24 21:16:27.886  4960  4960 I AconfigPackage: com.android.rkpd.flags is mapped to com.android.rkpd
03-24 21:16:27.890  4960  4960 I AconfigPackage: com.android.cellbroadcastreceiver.flags is mapped to com.android.cellbroadcast
03-24 21:16:27.895  4960  4960 I AconfigPackage: com.android.adservices.flags is mapped to com.android.adservices
03-24 21:16:27.896  4960  4960 I AconfigPackage: com.android.sdksandbox.flags is mapped to com.android.adservices
03-24 21:16:27.903  4960  4960 I AconfigPackage: com.android.uwb.flags is mapped to com.android.uwb
03-24 21:16:27.904  4960  4960 I AconfigPackage: com.android.ranging.flags is mapped to com.android.uwb
03-24 21:16:27.910  4960  4960 I AconfigPackage: android.graphics.pdf.flags is mapped to com.android.mediaprovider
03-24 21:16:27.910  4960  4960 I AconfigPackage: com.android.providers.media.flags is mapped to com.android.mediaprovider
03-24 21:16:27.910  4960  4960 I AconfigPackage: android.graphics.pdf.flags.readonly is mapped to com.android.mediaprovider
03-24 21:16:27.914  4960  4960 I AconfigPackage: com.android.tethering.mainline.beta is mapped to com.android.tethering
03-24 21:16:27.914  4960  4960 I AconfigPackage: android.net.http is mapped to com.android.tethering
03-24 21:16:27.914  4960  4960 I AconfigPackage: com.android.tethering.readonly.flags is mapped to com.android.tethering
03-24 21:16:27.914  4960  4960 I AconfigPackage: android.net.vcn is mapped to com.android.tethering
03-24 21:16:27.914  4960  4960 I AconfigPackage: com.android.net.flags is mapped to com.android.tethering
03-24 21:16:27.914  4960  4960 I AconfigPackage: com.android.tethering.beta.test is mapped to com.android.tethering
03-24 21:16:27.914  4960  4960 I AconfigPackage: com.android.nearby.flags is mapped to com.android.tethering
03-24 21:16:27.915  4960  4960 I AconfigPackage: com.android.net.ct.flags is mapped to com.android.tethering
03-24 21:16:27.915  4960  4960 I AconfigPackage: com.android.net.thread.flags is mapped to com.android.tethering
03-24 21:16:27.918  4960  4960 I AconfigPackage: com.android.system.virtualmachine.flags is mapped to com.android.virt
03-24 21:16:27.919  4960  4960 E FeatureFlagsImplExport: android.os.flagging.AconfigStorageReadException: ERROR_PACKAGE_NOT_FOUND: package android.xr cannot be found on the device
03-24 21:16:28.019  4960  4960 W Monkey  :  arg: "-p"
03-24 21:16:28.020  4960  4960 W Monkey  :  arg: "com.vdigital.volumestream"
03-24 21:16:28.020  4960  4960 W Monkey  :  arg: "-c"
03-24 21:16:28.020  4960  4960 W Monkey  :  arg: "android.intent.category.LAUNCHER"
03-24 21:16:28.021  4960  4960 W Monkey  :  arg: "1"
03-24 21:16:28.023  4960  4960 W Monkey  : data="com.vdigital.volumestream"
03-24 21:16:28.024  4960  4960 W Monkey  : data="android.intent.category.LAUNCHER"
03-24 21:16:28.231   761   875 D EventHub: No input device configuration file found for device 'Monkey touch'.
03-24 21:16:28.331   761   875 I EventHub: usingClockIoctl=true
03-24 21:16:28.335   761   875 I EventHub: New device: id=15, fd=649, path='/dev/input/event14', name='Monkey touch', classes=TOUCH | TOUCH_MT, configuration='', keyLayout='', keyCharacterMap='', builtinKeyboard=false, 
03-24 21:16:28.535   761   875 I InputReader: Device reconfigured: id=15, name='Monkey touch', size 1280x2856, orientation Rotation0, mode DIRECT, display id 0
03-24 21:16:28.537   761   875 I InputReader: Device added: id=15, eventHubId=15, name='Monkey touch', descriptor='e1fe28b90f915c7d1febbd52c1ef84b3c4cbed9f',sources=TOUCHSCREEN
03-24 21:16:28.724   761  1797 W ActivityManager: registerReceiverWithFeature: no app for null
03-24 21:16:28.922   761  1797 W ActivityTaskManager: callingPackage for (uid=2000, pid=4960) has no WPC
03-24 21:16:28.936   761  1797 V WindowManager: DesktopModeLaunchParamsModifier: phase= 0 task=null activity=null display-area-from-current-params=null display-area-from-default-fallback=DefaultTaskDisplayArea@137857333 display-id=0 task-display-area-windowing-mode=1 suggested-display-area=DefaultTaskDisplayArea@137857333 task null, skipping
03-24 21:16:28.937   761  1797 V WindowManager: TaskLaunchParamsModifier:phase=0 task=null activity=null display-area-from-current-params=null display-area-from-default-fallback=DefaultTaskDisplayArea@137857333 display-id=0 task-display-area-windowing-mode=1 suggested-display-area=DefaultTaskDisplayArea@137857333
03-24 21:16:28.963   761  1797 V GrammaticalInflectionUtils: AttributionSource: android.content.AttributionSource@4c7d67db does not have READ_SYSTEM_GRAMMATICAL_GENDER permission.
03-24 21:16:29.043   761  1797 V WindowManager: DesktopModeLaunchParamsModifier: phase= 0 task=null activity=ActivityRecord{106572129 u0 com.vdigital.volumestream/.platform.activity.MainActivity display-area-from-current-params=null display-area-for-record=DefaultTaskDisplayArea@137857333 display-id=0 task-display-area-windowing-mode=1 suggested-display-area=DefaultTaskDisplayArea@137857333 task null, skipping
03-24 21:16:29.045   761  1797 V WindowManager: TaskLaunchParamsModifier:phase=0 task=null activity=ActivityRecord{106572129 u0 com.vdigital.volumestream/.platform.activity.MainActivity t-1} display-area-from-current-params=null display-area-for-record=DefaultTaskDisplayArea@137857333 display-id=0 task-display-area-windowing-mode=1 suggested-display-area=DefaultTaskDisplayArea@137857333
03-24 21:16:29.048   761  1797 V WindowManager: DesktopModeLaunchParamsModifier: phase= 3 task=Task{fe81438 #8 type=standard A=10227:com.vdigital.volumestream} activity=ActivityRecord{106572129 u0 com.vdigital.volumestream/.platform.activity.MainActivity t-1} display-from-task=0 display-id=0 task-display-area-windowing-mode=1 suggested-display-area=DefaultTaskDisplayArea@137857333 not entering desktop mode, skipping
03-24 21:16:29.049   761  1797 V WindowManager: TaskLaunchParamsModifier:phase=3 task=Task{fe81438 #8 type=standard A=10227:com.vdigital.volumestream} activity=ActivityRecord{106572129 u0 com.vdigital.volumestream/.platform.activity.MainActivity t-1} display-from-task=0 display-id=0 task-display-area-windowing-mode=1 suggested-display-area=DefaultTaskDisplayArea@137857333 inherit-from-task=fullscreen non-freeform-task-display-area display-area=DefaultTaskDisplayArea@137857333 skip-bounds-fullscreen
03-24 21:16:29.063   761  1797 V WindowManager: DesktopModeLaunchParamsModifier: phase= 3 task=Task{fe81438 #8 type=standard A=10227:com.vdigital.volumestream} activity=ActivityRecord{106572129 u0 com.vdigital.volumestream/.platform.activity.MainActivity t-1} display-from-task=0 display-id=0 task-display-area-windowing-mode=1 suggested-display-area=DefaultTaskDisplayArea@137857333 not entering desktop mode, skipping
03-24 21:16:29.064   761  1797 V WindowManager: TaskLaunchParamsModifier:phase=3 task=Task{fe81438 #8 type=standard A=10227:com.vdigital.volumestream} activity=ActivityRecord{106572129 u0 com.vdigital.volumestream/.platform.activity.MainActivity t-1} display-from-task=0 display-id=0 task-display-area-windowing-mode=1 suggested-display-area=DefaultTaskDisplayArea@137857333 inherit-from-task=fullscreen non-freeform-task-display-area display-area=DefaultTaskDisplayArea@137857333 skip-bounds-fullscreen
03-24 21:16:29.076   761  1797 V WindowManager: DesktopModeLaunchParamsModifier: phase= 3 task=Task{fe81438 #8 type=standard A=10227:com.vdigital.volumestream} activity=ActivityRecord{106572129 u0 com.vdigital.volumestream/.platform.activity.MainActivity t-1} display-from-task=0 display-id=0 task-display-area-windowing-mode=1 suggested-display-area=DefaultTaskDisplayArea@137857333 not entering desktop mode, skipping
03-24 21:16:29.077   761  1797 V WindowManager: TaskLaunchParamsModifier:phase=3 task=Task{fe81438 #8 type=standard A=10227:com.vdigital.volumestream} activity=ActivityRecord{106572129 u0 com.vdigital.volumestream/.platform.activity.MainActivity t-1} display-from-task=0 display-id=0 task-display-area-windowing-mode=1 suggested-display-area=DefaultTaskDisplayArea@137857333 inherit-from-task=fullscreen non-freeform-task-display-area display-area=DefaultTaskDisplayArea@137857333 skip-bounds-fullscreen
03-24 21:16:29.197   601   694 I libbinder.BpBinder: onLastStrongRef automatically unlinking death recipients for descriptor: '(not cached)'
03-24 21:16:29.250   761  1797 I ActivityTaskManager: START u0 {act=android.intent.action.MAIN cat=[android.intent.category.LAUNCHER] flg=0x10200000 cmp=com.vdigital.volumestream/.platform.activity.MainActivity} with LAUNCH_MULTIPLE from uid 2000 (com.android.shell) (BAL_ALLOW_PERMISSION) result code=0
03-24 21:16:29.254  4960  4960 I Monkey  : Events injected: 1
03-24 21:16:29.327  1017  1079 V WindowManagerShell: Transition requested (#12): android.os.BinderProxy@5a71d90 TransitionRequestInfo { type = OPEN, triggerTask = TaskInfo{userId=0 taskId=8 effectiveUid=10227 displayId=0 isRunning=true baseIntent=Intent { flg=0x10000000 cmp=com.vdigital.volumestream/.platform.activity.MainActivity } baseActivity=ComponentInfo{com.vdigital.volumestream/com.vdigital.volumestream.platform.activity.MainActivity} topActivity=ComponentInfo{com.vdigital.volumestream/com.vdigital.volumestream.platform.activity.MainActivity} origActivity=null realActivity=ComponentInfo{com.vdigital.volumestream/com.vdigital.volumestream.platform.activity.MainActivity} numActivities=2 lastActiveTime=1169316 supportsMultiWindow=true resizeMode=1 isResizeable=true minWidth=-1 minHeight=-1 defaultMinSize=220 token=WCT{android.os.BinderProxy@876b29} topActivityType=1 pictureInPictureParams=null shouldDockBigOverlays=false launchIntoPipHostTaskId=-1 lastParentTaskIdBeforePip=-1 displayCutoutSafeInsets=Rect(0, 0 - 0, 0) topActivityInfo=ActivityInfo{89a689 com.vdigital.volumestream.platform.activity.MainActivity} launchCookies=[] positionInParent=Point(0, 0) parentTaskId=-1 isFocused=true isVisible=true isVisibleRequested=true isTopActivityNoDisplay=false isSleeping=false locusId=null displayAreaFeatureId=1 isTopActivityTransparent=false isActivityStackTransparent=false lastNonFullscreenBounds=null capturedLink=null capturedLinkTimestamp=0 requestedVisibleTypes=503 topActivityRequestOpenInBrowserEducationTimestamp=0 appCompatTaskInfo=AppCompatTaskInfo { topActivityInSizeCompat=false isLeafTask= true eligibleForLetterboxEducation= false isLetterboxEducationEnabled= true isLetterboxDoubleTapEnabled= false eligibleForUserAspectRatioButton= false topActivityBoundsLetterboxed= false isFromLetterboxDoubleTap= false topActivityLetterboxVerticalPosition= -1 topActivityLetterboxHorizontalPosition= -1 topActivityLetterboxWidth=-1 topActivityLetterboxHeight=-1 topActivityAppBounds=Rect(156, 0 - 2856, 1208) isUserFullscreenOverrideEnabled=false isSystemFullscreenOverrideEnabled=false hasMinAspectRatioOverride=false topActivityLetterboxBounds=null cameraCompatTaskInfo=CameraCompatTaskInfo { cameraCompatMode=undefinedundefined} topNonResizableActivityAspectRatio=-1.0} topActivityMainWindowFrame=null isAppBubble=false}, pipChange = null, remoteTransition = null, displayChange = null, requestedLocation = null, userChange = null, windowingLayerChange = null, flags = 0, debugId = 12 }
03-24 21:16:29.396  1017  1079 D ShellSplitScreen: logExit: no-op, mLoggerSessionId is null
03-24 21:16:29.406  1017  1079 V ShellDesktopMode: DesktopTasksController: handleRequest request=TransitionRequestInfo { type = OPEN, triggerTask = TaskInfo{userId=0 taskId=8 effectiveUid=10227 displayId=0 isRunning=true baseIntent=Intent { flg=0x10000000 cmp=com.vdigital.volumestream/.platform.activity.MainActivity } baseActivity=ComponentInfo{com.vdigital.volumestream/com.vdigital.volumestream.platform.activity.MainActivity} topActivity=ComponentInfo{com.vdigital.volumestream/com.vdigital.volumestream.platform.activity.MainActivity} origActivity=null realActivity=ComponentInfo{com.vdigital.volumestream/com.vdigital.volumestream.platform.activity.MainActivity} numActivities=2 lastActiveTime=1169316 supportsMultiWindow=true resizeMode=1 isResizeable=true minWidth=-1 minHeight=-1 defaultMinSize=220 token=WCT{android.os.BinderProxy@876b29} topActivityType=1 pictureInPictureParams=null shouldDockBigOverlays=false launchIntoPipHostTaskId=-1 lastParentTaskIdBeforePip=-1 displayCutoutSafeInsets=Rect(0, 0 - 0, 0) topActivityInfo=ActivityInfo{89a689 com.vdigital.volumestream.platform.activity.MainActivity} launchCookies=[] positionInParent=Point(0, 0) parentTaskId=-1 isFocused=true isVisible=true isVisibleRequested=true isTopActivityNoDisplay=false isSleeping=false locusId=null displayAreaFeatureId=1 isTopActivityTransparent=false isActivityStackTransparent=false lastNonFullscreenBounds=null capturedLink=null capturedLinkTimestamp=0 requestedVisibleTypes=503 topActivityRequestOpenInBrowserEducationTimestamp=0 appCompatTaskInfo=AppCompatTaskInfo { topActivityInSizeCompat=false isLeafTask= true eligibleForLetterboxEducation= false isLetterboxEducationEnabled= true isLetterboxDoubleTapEnabled= false eligibleForUserAspectRatioButton= false topActivityBoundsLetterboxed= false isFromLetterboxDoubleTap= false topActivityLetterboxVerticalPosition= -1 topActivityLetterboxHorizontalPosition= -1 topActivityLetterboxWidth=-1 topActivityLetterboxHeight=-1 topActivityAppBounds=Rect(156, 0 - 2856, 1208) isUserFullscreenOverrideEnabled=false isSystemFullscreenOverrideEnabled=false hasMinAspectRatioOverride=false topActivityLetterboxBounds=null cameraCompatTaskInfo=CameraCompatTaskInfo { cameraCompatMode=undefinedundefined} topNonResizableActivityAspectRatio=-1.0} topActivityMainWindowFrame=null isAppBubble=false}, pipChange = null, remoteTransition = null, displayChange = null, requestedLocation = null, userChange = null, windowingLayerChange = null, flags = 0, debugId = 12 }
03-24 21:16:29.471  1017  1079 V ShellDesktopMode: DesktopTasksController: skipping handleRequest reason=triggerTask's display doesn't support desktop mode
03-24 21:16:29.501   761   785 W libbinder.IPCThreadState: Sending oneway calls to frozen process.
03-24 21:16:29.677   761   904 I HalDevMgr: bestIfaceCreationProposal is null, requestIface=STA, existingIface=[name=wlan0 type=STA]
03-24 21:16:29.884  1017  1079 V ShellDesktopMode: DesktopDisplayModeController: canDesktopFirstModeBeEnabledOnDefaultDisplay: isDefaultDisplayDesktopEligible=false
03-24 21:16:29.884   761   785 W ActivityTaskManager: Activity top resumed state loss timeout for ActivityRecord{139860885 u0 com.vdigital.volumestream/.platform.activity.MainActivity t8}
03-24 21:16:29.886   761   785 W ActivityTaskManager: Activity pause timeout for ActivityRecord{139860885 u0 com.vdigital.volumestream/.platform.activity.MainActivity t8}
03-24 21:16:30.311  4975  4975 W libbinder.BackendUnifiedServiceManager: Thread Pool max thread count is 0. Cannot cache binder as linkToDeath cannot be implemented. serviceName: package
03-24 21:16:30.385  2788  2825 W libbinder.Binder: Binder transaction to android.app.IApplicationThread code 55 took 1005ms. Data bytes: 388 Reply bytes: 0 Flags: 17
03-24 21:16:30.806  1440  1440 I PkDeviceHelper: PkDeviceHelper.refreshDevices():93 refreshing devices
03-24 21:16:31.141  1440  1440 I PkDeviceHelper: PkDeviceHelper.addDevice():133 device qwerty2 added
03-24 21:16:31.216  1440  1440 I PkDeviceHelper: PkDeviceHelper.addDevice():133 device AT Translated Set 2 keyboard added
03-24 21:16:31.394  1440  1440 W NotificationCenter: NotificationCenter$NotificationQueue.notifyPendingNotificationsOnExecutor():877 Heavy notify work detected on UI thread: [lom->jpv, lom->ngr] takes 1008ms
03-24 21:16:31.524  1440  1440 W NotificationCenter: NotificationCenter$NotificationQueue.notifyPendingNotificationsOnExecutor():877 Heavy notify work detected on UI thread: [lom->hvg, lom->guo, lom->guo] takes 113ms
03-24 21:16:31.728   761   967 D BackgroundInstallControlService: Package event received: 0
03-24 21:16:31.735   761   967 D BackgroundInstallControlService: Package event received: 0
03-24 21:16:31.749   761   783 W Looper  : Slow dispatch took 1591ms android.ui app=system_server main=false group=TOP_APP h=android.os.Handler c=android.database.ContentObserver$$ExternalSyntheticLambda1@9be9a6a m=0
03-24 21:16:31.754   761  1797 W libbinder.Binder: Binder transaction to android.view.IWindowManager code 56 took 1912ms. Data bytes: 140 Reply bytes: 4 Flags: 18
03-24 21:16:31.762   761   840 W libbinder.Binder: Binder transaction to android.app.IActivityClientController code 4 took 1381ms. Data bytes: 120 Reply bytes: 4 Flags: 18
03-24 21:16:31.780   761   783 W Looper  : Slow delivery took 312ms android.ui app=system_server main=false group=TOP_APP h=com.android.server.wm.AppWarnings$UiHandler c=null m=7
03-24 21:16:31.856   761   967 D BackgroundInstallControlService: Package event received: 0
03-24 21:16:31.858   761   967 D BackgroundInstallControlService: Package event received: 0
03-24 21:16:31.944   761   967 D BackgroundInstallControlService: Package event received: 0
03-24 21:16:31.973   761   967 D BackgroundInstallControlService: Package event received: 0
03-24 21:16:31.981   761   967 D BackgroundInstallControlService: Package event received: 0
03-24 21:16:31.984   761   967 D BackgroundInstallControlService: Package event received: 0
03-24 21:16:32.101   761   967 D BackgroundInstallControlService: Package event received: 0
03-24 21:16:32.169  1166  1166 D b/417220811: invalidateLoadedTasks - previous requestLoadId: -1
03-24 21:16:32.224   761   967 D BackgroundInstallControlService: Package event received: 0
03-24 21:16:32.357   761   785 W ProcessStats: Tracking association SourceState{9989f94 system/1000 BFgs #4276} whose proc state 4 is better than process ProcessState{b69d3ea com.google.android.ext.services/10207 pkg=com.google.android.ext.services} proc state 14 (5 skipped)
03-24 21:16:32.393   761   967 D BackgroundInstallControlService: Package event received: 0
03-24 21:16:32.397   761   967 D BackgroundInstallControlService: Package event received: 0
03-24 21:16:32.405   761   967 D BackgroundInstallControlService: Package event received: 0
03-24 21:16:32.421   761   967 D BackgroundInstallControlService: Package event received: 0
03-24 21:16:32.422   761   967 D BackgroundInstallControlService: Package event received: 0
03-24 21:16:32.423   761   967 D BackgroundInstallControlService: Package event received: 0
03-24 21:16:32.423   761   967 D BackgroundInstallControlService: Package event received: 0
03-24 21:16:32.426  4960  4960 I Monkey  : ## Network stats: elapsed time=2861ms (0ms mobile, 0ms wifi, 2861ms not connected)
03-24 21:16:32.435   761   967 D BackgroundInstallControlService: Package event received: 0
03-24 21:16:32.436   761   967 D BackgroundInstallControlService: Package event received: 0
03-24 21:16:32.436   761   967 D BackgroundInstallControlService: Package event received: 0
03-24 21:16:32.437   761   967 D BackgroundInstallControlService: Package event received: 0
03-24 21:16:32.437   761   967 D BackgroundInstallControlService: Package event received: 0
03-24 21:16:32.437   761   967 D BackgroundInstallControlService: Package event received: 0
03-24 21:16:32.450  4960  4960 I app_process: System.exit called, status: 0
03-24 21:16:32.452   761   967 D BackgroundInstallControlService: Package event received: 0
03-24 21:16:32.453  4960  4960 I AndroidRuntime: VM exiting with result code 0.
03-24 21:16:32.453   761   967 D BackgroundInstallControlService: Package event received: 0
03-24 21:16:32.669  1017  1017 I Choreographer: Skipped 48 frames!  The application may be doing too much work on its main thread.
03-24 21:16:32.750  1872  4866 I artd    : GetBestInfo: odex next to the dex file (/data/app/~~WEw-qEWCHlUZbloVSQpK4Q==/com.google.android.gms-zScGdJoN6j6usFjBF8E2Dg==/oat/x86_64/base.odex) is kOatUpToDate with filter 'speed-profile' executable 'false'
03-24 21:16:32.844  1872  1880 I artd    : GetBestInfo: odex next to the dex file (/data/app/~~WEw-qEWCHlUZbloVSQpK4Q==/com.google.android.gms-zScGdJoN6j6usFjBF8E2Dg==/oat/x86_64/split_AdsDynamite_installtime.odex) is kOatUpToDate with filter 'speed' executable 'false'
03-24 21:16:32.888   761   904 I HalDevMgr: bestIfaceCreationProposal is null, requestIface=STA, existingIface=[name=wlan0 type=STA]
03-24 21:16:32.893  1872  1880 I artd    : GetBestInfo: odex next to the dex file (/data/app/~~WEw-qEWCHlUZbloVSQpK4Q==/com.google.android.gms-zScGdJoN6j6usFjBF8E2Dg==/oat/x86_64/split_CronetDynamite_installtime.odex) is kOatUpToDate with filter 'speed' executable 'false'
03-24 21:16:32.915  1872  1880 I artd    : GetBestInfo: odex next to the dex file (/data/app/~~WEw-qEWCHlUZbloVSQpK4Q==/com.google.android.gms-zScGdJoN6j6usFjBF8E2Dg==/oat/x86_64/split_DynamiteLoader_installtime.odex) is kOatUpToDate with filter 'speed' executable 'false'
03-24 21:16:32.934  1872  1880 I artd    : GetBestInfo: odex next to the dex file (/data/app/~~WEw-qEWCHlUZbloVSQpK4Q==/com.google.android.gms-zScGdJoN6j6usFjBF8E2Dg==/oat/x86_64/split_DynamiteModulesA_installtime.odex) is kOatUpToDate with filter 'speed' executable 'false'
03-24 21:16:32.952   761   875 I EventHub: Removing device Monkey touch due to epoll hang-up event.
03-24 21:16:32.953   761   875 I EventHub: Removed device: path=/dev/input/event14 name=Monkey touch id=15 fd=649 classes=TOUCH | TOUCH_MT
03-24 21:16:32.958  1872  1880 I artd    : GetBestInfo: odex next to the dex file (/data/app/~~WEw-qEWCHlUZbloVSQpK4Q==/com.google.android.gms-zScGdJoN6j6usFjBF8E2Dg==/oat/x86_64/split_DynamiteModulesC_installtime.odex) is kOatUpToDate with filter 'speed' executable 'false'
03-24 21:16:32.975   761   875 I InputReader: Device removed: id=15, eventHubId=15, name='Monkey touch', descriptor='e1fe28b90f915c7d1febbd52c1ef84b3c4cbed9f', sources=TOUCHSCREEN
03-24 21:16:32.985  1872  1880 I artd    : GetBestInfo: odex next to the dex file (/data/app/~~WEw-qEWCHlUZbloVSQpK4Q==/com.google.android.gms-zScGdJoN6j6usFjBF8E2Dg==/oat/x86_64/split_GoogleCertificates_installtime.odex) is kOatUpToDate with filter 'speed' executable 'false'
03-24 21:16:33.015  1872  1880 I artd    : GetBestInfo: odex next to the dex file (/data/app/~~WEw-qEWCHlUZbloVSQpK4Q==/com.google.android.gms-zScGdJoN6j6usFjBF8E2Dg==/oat/x86_64/split_MapsDynamite_installtime.odex) is kOatUpToDate with filter 'speed' executable 'false'
03-24 21:16:33.036  1872  1880 I artd    : GetBestInfo: odex next to the dex file (/data/app/~~WEw-qEWCHlUZbloVSQpK4Q==/com.google.android.gms-zScGdJoN6j6usFjBF8E2Dg==/oat/x86_64/split_MeasurementDynamite_installtime.odex) is kOatUpToDate with filter 'speed' executable 'false'
03-24 21:16:33.062   761  1727 E TaskPersister: File error accessing recents directory (directory doesn't exist?).
03-24 21:16:33.112   761   875 I EventHub: Removing device '/dev/input/event14' due to inotify event
03-24 21:16:33.135  1872  4866 I artd    : GetBestInfo: odex next to the dex file (/data/app/~~WEw-qEWCHlUZbloVSQpK4Q==/com.google.android.gms-zScGdJoN6j6usFjBF8E2Dg==/oat/x86_64/split_all_locale_splits.odex) is kOatUpToDate with filter 'speed' executable 'false'
03-24 21:16:33.177  1872  1880 I artd    : GetBestInfo: /data/user_de/0/com.google.android.gms/app_chimera/m/0000000a/dl-TfliteDynamiteDynamite.integ_252130102100800.apk has no usable artifacts
03-24 21:16:33.193  1872  1880 I artd    : GetBestInfo: /data/user_de/0/com.google.android.gms/app_chimera/m/00000001/CronetDynamite.apk has no usable artifacts
03-24 21:16:33.196  1872  1880 I artd    : GetBestInfo: /data/user_de/0/com.google.android.gms/app_chimera/m/00000002/DynamiteLoader.apk has no usable artifacts
03-24 21:16:33.205  1872  1880 I artd    : GetBestInfo: /data/user_de/0/com.google.android.gms/app_chimera/m/00000005/GoogleCertificates.apk has no usable artifacts
03-24 21:16:33.220  1017  1079 V ShellDesktopMode: DesktopDisplayModeController: canDesktopFirstModeBeEnabledOnDefaultDisplay: isDefaultDisplayDesktopEligible=false
03-24 21:16:33.226   761   785 W libbinder.IPCThreadState: Sending oneway calls to frozen process.
03-24 21:16:33.243  1872  1880 I artd    : GetBestInfo: /data/user_de/0/com.google.android.gms/app_chimera/m/0000000f/dl-MlkitOcrCommon.optional_261133100800.apk has no usable artifacts
03-24 21:16:33.280  1872  1880 I artd    : GetBestInfo: /data/user_de/0/com.google.android.gms/app_chimera/m/0000000d/dl-MlkitBarcodeUi.optional_261133100800.apk has no usable artifacts
03-24 21:16:33.307  1440  1440 I PkDeviceHelper: PkDeviceHelper.refreshDevices():93 refreshing devices
03-24 21:16:33.316  1872  1880 I artd    : GetBestInfo: vdex next to the dex file (/data/user/0/com.google.android.gms/app_dg_cache/E054CA794C125F959C88D4849C82AB3F226237E6/oat/x86_64/the.vdex) is kOatUpToDate with filter 'verify' executable 'false'
03-24 21:16:33.315  1440  1440 I PkDeviceHelper: PkDeviceHelper.addDevice():133 device qwerty2 added
03-24 21:16:33.326  1440  1440 I PkDeviceHelper: PkDeviceHelper.addDevice():133 device AT Translated Set 2 keyboard added
03-24 21:16:33.328  1440  1440 W NotificationCenter: NotificationCenter$NotificationQueue.notifyPendingNotificationsOnExecutor():877 Heavy notify work detected on UI thread: [lom->jpv, lom->ngr] takes 22ms
03-24 21:16:33.347  1872  4866 I artd    : GetBestInfo: /data/user_de/0/com.google.android.gms/app_chimera/m/00000007/MeasurementDynamite.apk has no usable artifacts
03-24 21:16:33.427  1872  4866 I artd    : GetBestInfo: /data/user_de/0/com.google.android.gms/app_chimera/m/0000000b/dl-VisionOcr.optional_261133100000.apk has no usable artifacts
03-24 21:16:33.475  1872  1880 I artd    : GetBestInfo: /data/user_de/0/com.google.android.gms/app_chimera/m/0000000c/dl-Appsearch.optional_261133100800.apk has no usable artifacts
03-24 21:16:33.552  1872  4866 I artd    : GetBestInfo: /data/user/0/com.google.android.gms/app_dg_cache/0B5F21648920603C6816E0B76773EED17E15FB77/the.apk has no usable artifacts
03-24 21:16:33.620   761   785 W PermissionService: getPermissionFlags: Unknown user -1
03-24 21:16:33.621   761   785 W PermissionService: getPermissionFlags: Unknown user -1
03-24 21:16:33.637   761  1285 W libbinder.Binder: Binder transaction to android.content.pm.IPackageManager code 1598311760 took 3320ms. Data bytes: 80 Reply bytes: 4 Flags: 16
03-24 21:16:33.649  1017  1017 I Choreographer: Skipped 35 frames!  The application may be doing too much work on its main thread.
03-24 21:16:33.678  1017  1017 D NavigationModeController: getCurrentUserContext: contextUser=0 currentUser=0
03-24 21:16:33.787  1017  4534 I HWUI    : Davey! duration=1888ms; Flags=0, FrameTimelineVsyncId=27041, IntendedVsync=1171983250082, Vsync=1172783250050, InputEventId=0, HandleInputStart=1172805386290, AnimationStart=1172805408940, PerformTraversalsStart=1172805409186, DrawStart=1173606874505, FrameDeadline=1171999916748, FrameStartTime=1172785912886, FrameInterval=16666666, WorkloadTarget=16666666, SyncQueued=1173695633494, SyncStart=1173706993361, IssueDrawCommandsStart=1173712752989, SwapBuffers=1173828630401, FrameCompleted=1173882907799, DequeueBufferDuration=772088, QueueBufferDuration=2624319, GpuCompleted=1173881750097, SwapBuffersCompleted=1173882907799, DisplayPresentTime=0, CommandSubmissionCompleted=1173828630401, 
03-24 21:16:33.804   761   761 W Looper  : Slow dispatch took 164ms main app=system_server main=true group=FOREGROUND h=com.android.server.notification.NotificationManagerService$WorkerHandler c=com.android.server.notification.NotificationManagerService$EnqueueNotificationRunnable@fccc0b5 m=0
03-24 21:16:33.861  1164  1299 D SatelliteController: iisInCarrierRoamingNbIotNtn: satellite is disabled
03-24 21:16:33.871  1164  1299 D SatelliteController: getCarrierRoamingNtnConnectType: Falling back to global carrier config connect type: 0
03-24 21:16:34.048   761   785 W BLASTSyncEngine: Sync group 12 timeout
03-24 21:16:34.061   761   785 I BLASTSyncEngine: Unfinished container: ActivityRecord{106572129 u0 com.vdigital.volumestream/.platform.activity.MainActivity t8}
03-24 21:16:34.073   761   967 D BackgroundInstallControlService: Package event received: 0
03-24 21:16:34.080   761   761 V NotificationHistory: Attempted to add notif for locked/gone/disabled user 0
03-24 21:16:34.099   761   783 W Looper  : Drained
03-24 21:16:34.175   761   782 V WindowManager: Sent Transition (#12) createdAt=03-24 21:16:28.996 via request=TransitionRequestInfo { type = OPEN, triggerTask = TaskInfo{userId=0 taskId=8 effectiveUid=10227 displayId=0 isRunning=true baseIntent=Intent { flg=0x10000000 cmp=com.vdigital.volumestream/.platform.activity.MainActivity } baseActivity=ComponentInfo{com.vdigital.volumestream/com.vdigital.volumestream.platform.activity.MainActivity} topActivity=ComponentInfo{com.vdigital.volumestream/com.vdigital.volumestream.platform.activity.MainActivity} origActivity=null realActivity=ComponentInfo{com.vdigital.volumestream/com.vdigital.volumestream.platform.activity.MainActivity} numActivities=2 lastActiveTime=1169316 supportsMultiWindow=true resizeMode=1 isResizeable=true minWidth=-1 minHeight=-1 defaultMinSize=220 token=WCT{RemoteToken{a751648 Task{fe81438 #8 type=standard A=10227:com.vdigital.volumestream}}} topActivityType=1 pictureInPictureParams=null shouldDockBigOverlays=false launchIntoPipHostTaskId=-1 lastParentTaskIdBeforePip=-1 displayCutoutSafeInsets=Rect(0, 0 - 0, 0) topActivityInfo=ActivityInfo{9a1516d com.vdigital.volumestream.platform.activity.MainActivity} launchCookies=[] positionInParent=Point(0, 0) parentTaskId=-1 isFocused=true isVisible=true isVisibleRequested=true isTopActivityNoDisplay=false isSleeping=false locusId=null displayAreaFeatureId=1 isTopActivityTransparent=false isActivityStackTransparent=false lastNonFullscreenBounds=null capturedLink=null capturedLinkTimestamp=0 requestedVisibleTypes=503 topActivityRequestOpenInBrowserEducationTimestamp=0 appCompatTaskInfo=AppCompatTaskInfo { topActivityInSizeCompat=false isLeafTask= true eligibleForLetterboxEducation= false isLetterboxEducationEnabled= true isLetterboxDoubleTapEnabled= false eligibleForUserAspectRatioButton= false topActivityBoundsLetterboxed= false isFromLetterboxDoubleTap= false topActivityLetterboxVerticalPosition= -1 topActivityLetterboxHorizontalPosition= -1 topActivityLetterboxWidth=-1 topActivityLetterboxHeight=-1 topActivityAppBounds=Rect(156, 0 - 2856, 1208) isUserFullscreenOverrideEnabled=false isSystemFullscreenOverrideEnabled=false hasMinAspectRatioOverride=false topActivityLetterboxBounds=null cameraCompatTaskInfo=CameraCompatTaskInfo { cameraCompatMode=undefinedundefined} topNonResizableActivityAspectRatio=-1.0} topActivityMainWindowFrame=null isAppBubble=false}, pipChange = null, remoteTransition = null, displayChange = null, requestedLocation = null, userChange = null, windowingLayerChange = null, flags = 0, debugId = 12 }
03-24 21:16:34.176   761   782 V WindowManager:     startWCT=WindowContainerTransaction { changes= {} hops= [] errorCallbackToken=null taskFragmentOrganizer=null }
03-24 21:16:34.219   761   782 V WindowManager:     info={id=12 t=OPEN f=0x0 trk=0 r=[0@Point(0, 0)] c=[
03-24 21:16:34.219   761   782 V WindowManager:         {m=OPEN f=FILLS_TASK leash=Surface(name=ActivityRecord{106572129 u0 com.vdigital.volumestream/.platform.activity.MainActivity t8}#141)/@0x500f97 sb=Rect(0, 0 - 0, 0) eb=Rect(0, 0 - 2856, 1280) epz=Point(2856, 1280) d=-1->0 r=-1->1:-1 bc=ffededf6 activity=ActivityTransitionInfo { component = ComponentInfo{com.vdigital.volumestream/com.vdigital.volumestream.platform.activity.MainActivity}, taskId = 8, appCompatTransitionInfo = null } opt={t=FROM_STYLE mUserId=0}},
03-24 21:16:34.219   761   782 V WindowManager:         {m=TO_BACK f=FILLS_TASK leash=Surface(name=ActivityRecord{139860885 u0 com.vdigital.volumestream/.platform.activity.MainActivity t8}#112)/@0x7c6a16 sb=Rect(0, 0 - 2856, 1280) eb=Rect(0, 0 - 2856, 1280) epz=Point(2856, 1280) d=0 bc=ffededf6 activity=ActivityTransitionInfo { component = ComponentInfo{com.vdigital.volumestream/com.vdigital.volumestream.platform.activity.MainActivity}, taskId = 8, appCompatTransitionInfo = null } opt={t=FROM_STYLE mUserId=0}}
03-24 21:16:34.219   761   782 V WindowManager:     ]}
03-24 21:16:34.221   761   782 W Looper  : Slow dispatch took 105ms android.fg app=system_server main=false group=FOREGROUND h=android.os.Handler c=com.android.server.wm.TransitionController$Logger@7cd11a2 m=0
03-24 21:16:34.449  1017  1767 V WindowManagerShell: onTransitionReady(transaction=3268470113541)
03-24 21:16:34.484  1017  1079 V WindowManagerShell: onTransitionReady (#12) android.os.BinderProxy@5a71d90: {id=12 t=OPEN f=0x0 trk=0 r=[0@Point(0, 0)] c=[
03-24 21:16:34.484  1017  1079 V WindowManagerShell:         {m=OPEN f=FILLS_TASK leash=Surface(name=ActivityRecord{106572129 u0 com.vdigital.volumestream/.platform.activity.MainActivity t8}#141)/@0xd713813 sb=Rect(0, 0 - 0, 0) eb=Rect(0, 0 - 2856, 1280) epz=Point(2856, 1280) d=-1->0 r=-1->1:-1 bc=ffededf6 activity=ActivityTransitionInfo { component = ComponentInfo{com.vdigital.volumestream/com.vdigital.volumestream.platform.activity.MainActivity}, taskId = 8, appCompatTransitionInfo = null } opt={t=FROM_STYLE mUserId=0}},
03-24 21:16:34.484  1017  1079 V WindowManagerShell:         {m=TO_BACK f=FILLS_TASK leash=Surface(name=ActivityRecord{139860885 u0 com.vdigital.volumestream/.platform.activity.MainActivity t8}#112)/@0x9fcda50 sb=Rect(0, 0 - 2856, 1280) eb=Rect(0, 0 - 2856, 1280) epz=Point(2856, 1280) d=0 bc=ffededf6 activity=ActivityTransitionInfo { component = ComponentInfo{com.vdigital.volumestream/com.vdigital.volumestream.platform.activity.MainActivity}, taskId = 8, appCompatTransitionInfo = null } opt={t=FROM_STYLE mUserId=0}}
03-24 21:16:34.484  1017  1079 V WindowManagerShell:     ]}
03-24 21:16:34.547  1017  1079 V WindowManagerShell: Playing animation for (#12) android.os.BinderProxy@5a71d90@0
03-24 21:16:34.556  1017  1079 V ShellRecents: RecentsTransitionHandler.startAnimation: no controller found
03-24 21:16:34.565  1017  1079 V ShellDesktopMode: DesktopMixedTransitionHandler: No pending desktop transition
03-24 21:16:34.575  1017  1079 V WindowManagerShell: Transition doesn't have explicit remote, search filters for match for {id=12 t=OPEN f=0x0 trk=0 r=[0@Point(0, 0)] c=[{m=OPEN f=FILLS_TASK leash=Surface(name=ActivityRecord{106572129 u0 com.vdigital.volumestream/.platform.activity.MainActivity t8}#141)/@0xd713813 sb=Rect(0, 0 - 0, 0) eb=Rect(0, 0 - 2856, 1280) epz=Point(2856, 1280) d=-1->0 r=-1->1:-1 bc=ffededf6 activity=ActivityTransitionInfo { component = ComponentInfo{com.vdigital.volumestream/com.vdigital.volumestream.platform.activity.MainActivity}, taskId = 8, appCompatTransitionInfo = null } opt={t=FROM_STYLE mUserId=0}},{m=TO_BACK f=FILLS_TASK leash=Surface(name=ActivityRecord{139860885 u0 com.vdigital.volumestream/.platform.activity.MainActivity t8}#112)/@0x9fcda50 sb=Rect(0, 0 - 2856, 1280) eb=Rect(0, 0 - 2856, 1280) epz=Point(2856, 1280) d=0 bc=ffededf6 activity=ActivityTransitionInfo { component = ComponentInfo{com.vdigital.volumestream/com.vdigital.volumestream.platform.activity.MainActivity}, taskId = 8, appCompatTransitionInfo = null } opt={t=FROM_STYLE mUserId=0}}]}
03-24 21:16:34.586  1017  1079 V WindowManagerShell:  Checking filter Pair{{types=[] flags=0x0] notFlags=0x0 checks=[{atype=undefined independent=true modes=[CLOSE,TO_BACK] flags=IN_TASK_WITH_EMBEDDED_ACTIVITY mustBeTask=false order=ANY topActivity=null launchCookie=null taskFragmentToken=android.os.BinderProxy@2d426f windowingMode=undefined isCrossDisplayMove=false}]} RemoteTransition { remoteTransition = android.window.IRemoteTransition$Stub$Proxy@e5d4b7c, appThread = android.app.IApplicationThread$Stub$Proxy@8a11c05, debugName = overlayBackTransition }}
03-24 21:16:34.590  1017  1079 V WindowManagerShell:  Checking filter Pair{{types=[] flags=0x0] notFlags=0x0 checks=[{atype=dream independent=true modes=[OPEN,TO_FRONT] flags=NONE mustBeTask=false order=ANY topActivity=null launchCookie=null windowingMode=undefined isCrossDisplayMove=false},{atype=home independent=true modes=[CLOSE,TO_BACK] flags=NONE mustBeTask=false order=ANY topActivity=null launchCookie=null windowingMode=undefined isCrossDisplayMove=false}]} RemoteTransition { remoteTransition = android.window.IRemoteTransition$Stub$Proxy@400a45a, appThread = android.app.IApplicationThread$Stub$Proxy@df5968b, debugName = LauncherToDream }}
03-24 21:16:34.591  1017  1079 V WindowManagerShell:  Checking filter Pair{{types=[] flags=0x0] notFlags=0x100 checks=[{atype=home independent=true modes=[OPEN,TO_FRONT] flags=NONE mustBeTask=false order=TOP topActivity=ComponentInfo{com.google.android.apps.nexuslauncher/com.google.android.apps.nexuslauncher.NexusLauncherActivity} launchCookie=null windowingMode=undefined isCrossDisplayMove=false},{atype=standard independent=true modes=[CLOSE,TO_BACK] flags=NONE mustBeTask=false order=ANY topActivity=null launchCookie=null windowingMode=undefined isCrossDisplayMove=false},{NOT atype=undefined independent=true modes=[] flags=NONE mustBeTask=true order=ANY topActivity=null launchCookie=null customAnim=true windowingMode=undefined isCrossDisplayMove=false}]} RemoteTransition { remoteTransition = android.window.IRemoteTransition$Stub$Proxy@ff1a368, appThread = android.app.IApplicationThread$Stub$Proxy@41c7381, debugName = QuickstepLaunchHome }}
03-24 21:16:34.592  1017  1079 V WindowManagerShell:  Checking filter Pair{{types=[OPEN,TO_FRONT] flags=0x0] notFlags=0x0 checks=[{atype=standard independent=true modes=[OPEN,TO_FRONT] flags=NONE mustBeTask=true order=ANY topActivity=null launchCookie=null windowingMode=freeform isCrossDisplayMove=false}]} RemoteTransition { remoteTransition = android.window.IRemoteTransition$Stub$Proxy@2eb6763, appThread = null, debugName = DesktopWindowLimitUnminimize }}
03-24 21:16:34.592  1017  1079 V WindowManagerShell:  Delegate animation for (#12) to null
03-24 21:16:34.596  1017  1079 V WindowManagerShell: start default transition animation, info = {id=12 t=OPEN f=0x0 trk=0 r=[0@Point(0, 0)] c=[{m=OPEN f=FILLS_TASK leash=Surface(name=ActivityRecord{106572129 u0 com.vdigital.volumestream/.platform.activity.MainActivity t8}#141)/@0xd713813 sb=Rect(0, 0 - 0, 0) eb=Rect(0, 0 - 2856, 1280) epz=Point(2856, 1280) d=-1->0 r=-1->1:-1 bc=ffededf6 activity=ActivityTransitionInfo { component = ComponentInfo{com.vdigital.volumestream/com.vdigital.volumestream.platform.activity.MainActivity}, taskId = 8, appCompatTransitionInfo = null } opt={t=FROM_STYLE mUserId=0}},{m=TO_BACK f=FILLS_TASK leash=Surface(name=ActivityRecord{139860885 u0 com.vdigital.volumestream/.platform.activity.MainActivity t8}#112)/@0x9fcda50 sb=Rect(0, 0 - 2856, 1280) eb=Rect(0, 0 - 2856, 1280) epz=Point(2856, 1280) d=0 bc=ffededf6 activity=ActivityTransitionInfo { component = ComponentInfo{com.vdigital.volumestream/com.vdigital.volumestream.platform.activity.MainActivity}, taskId = 8, appCompatTransitionInfo = null } opt={t=FROM_STYLE mUserId=0}}]}
03-24 21:16:34.745  1017  1079 V WindowManagerShell: loadAnimation: anim=android.view.animation.AnimationSet@c9bc6bd animAttr=0x5 type=OPEN isEntrance=false
03-24 21:16:34.795  1017  1079 V WindowManagerShell: loadAnimation: anim=android.view.animation.AnimationSet@1637780 animAttr=0x4 type=OPEN isEntrance=true
03-24 21:16:34.836  1017  1079 V WindowManagerShell:  animated by com.android.wm.shell.transition.DefaultTransitionHandler@56020ce
03-24 21:16:34.844   554   590 I RanchuHwc: logCompositionFallbackIfChanged: layer 28 CompositionType fallback from 2 to 1
03-24 21:16:34.850   554   590 I RanchuHwc: logCompositionFallbackIfChanged: layer 29 CompositionType fallback from 2 to 1
03-24 21:16:35.011  1589  2285 W AiAiEcho: LyftNotificationParser Ridesharing ETA not enabled
03-24 21:16:35.036  1589  2285 I AiAiEcho: SmartspaceNotificationPredictor no parser can handle this notification or notification is invalid
03-24 21:16:35.391  1017  1079 V WindowManagerShell: Transition animation finished (aborted=false), notifying core (#12) android.os.BinderProxy@5a71d90@0
03-24 21:16:35.523  2788  2788 I Choreographer: Skipped 67 frames!  The application may be doing too much work on its main thread.
03-24 21:16:35.631  1017  1079 V WindowManagerShell: Track 0 became idle
03-24 21:16:35.633  1017  1079 V WindowManagerShell: All active transition animations finished
03-24 21:16:35.648   761   782 V WindowManager: Finish Transition (#12): created at 03-24 21:16:28.996 collect-started=40.317ms request-sent=223.059ms started=798.97ms ready=2644.151ms sent=5098.32ms commit=781.921ms finished=6514.081ms
03-24 21:16:35.659   761   782 W Looper  : Slow dispatch took 138ms android.fg app=system_server main=false group=FOREGROUND h=android.os.Handler c=com.android.server.wm.Transition$$ExternalSyntheticLambda5@35f5a8f m=0
03-24 21:16:36.141   761   904 I HalDevMgr: bestIfaceCreationProposal is null, requestIface=STA, existingIface=[name=wlan0 type=STA]
03-24 21:16:36.446  2788  2788 D AndroidRuntime: Shutting down VM
--------- beginning of crash
03-24 21:16:36.611  2788  2788 E AndroidRuntime: FATAL EXCEPTION: main
03-24 21:16:36.611  2788  2788 E AndroidRuntime: Process: com.vdigital.volumestream, PID: 2788
03-24 21:16:36.611  2788  2788 E AndroidRuntime: java.lang.RuntimeException: java.lang.reflect.InvocationTargetException
03-24 21:16:36.611  2788  2788 E AndroidRuntime: 	at com.android.internal.os.RuntimeInit$MethodAndArgsCaller.run(RuntimeInit.java:576)
03-24 21:16:36.611  2788  2788 E AndroidRuntime: 	at com.android.internal.os.ZygoteInit.main(ZygoteInit.java:929)
03-24 21:16:36.611  2788  2788 E AndroidRuntime: Caused by: java.lang.reflect.InvocationTargetException
03-24 21:16:36.611  2788  2788 E AndroidRuntime: 	at java.lang.reflect.Method.invoke(Native Method)
03-24 21:16:36.611  2788  2788 E AndroidRuntime: 	at com.android.internal.os.RuntimeInit$MethodAndArgsCaller.run(RuntimeInit.java:566)
03-24 21:16:36.611  2788  2788 E AndroidRuntime: 	... 1 more
03-24 21:16:36.611  2788  2788 E AndroidRuntime: Caused by: org.koin.core.error.KoinAppAlreadyStartedException: Trying to run new Koin Application whereas Koin is already started. Use 'KoinContext()' instead of check for any 'startKoin' usage. 
03-24 21:16:36.611  2788  2788 E AndroidRuntime: 	at org.koin.compose.KoinApplicationKt.KoinApplication(KoinApplication.kt:114)
03-24 21:16:36.611  2788  2788 E AndroidRuntime: 	at com.vdigital.volumestream.VolumeStreamAppKt.VolumeStreamApp(VolumeStreamApp.kt:13)
03-24 21:16:36.611  2788  2788 E AndroidRuntime: 	at com.vdigital.volumestream.platform.activity.ComposableSingletons$MainActivityKt$lambda$-779667837$1.invoke(MainActivity.kt:14)
03-24 21:16:36.611  2788  2788 E AndroidRuntime: 	at com.vdigital.volumestream.platform.activity.ComposableSingletons$MainActivityKt$lambda$-779667837$1.invoke(MainActivity.kt:13)
03-24 21:16:36.611  2788  2788 E AndroidRuntime: 	at androidx.compose.runtime.internal.ComposableLambdaImpl.invoke(ComposableLambda.jvm.kt:109)
03-24 21:16:36.611  2788  2788 E AndroidRuntime: 	at androidx.compose.runtime.internal.ComposableLambdaImpl.invoke(ComposableLambda.jvm.kt:35)
03-24 21:16:36.611  2788  2788 E AndroidRuntime: 	at androidx.compose.ui.platform.ComposeView.Content(ComposeView.android.kt:441)
03-24 21:16:36.611  2788  2788 E AndroidRuntime: 	at androidx.compose.ui.platform.AbstractComposeView$ensureCompositionCreated$1.invoke(ComposeView.android.kt:259)
03-24 21:16:36.611  2788  2788 E AndroidRuntime: 	at androidx.compose.ui.platform.AbstractComposeView$ensureCompositionCreated$1.invoke(ComposeView.android.kt:258)
03-24 21:16:36.611  2788  2788 E AndroidRuntime: 	at androidx.compose.runtime.internal.ComposableLambdaImpl.invoke(ComposableLambda.jvm.kt:109)
03-24 21:16:36.611  2788  2788 E AndroidRuntime: 	at androidx.compose.runtime.internal.ComposableLambdaImpl.invoke(ComposableLambda.jvm.kt:35)
03-24 21:16:36.611  2788  2788 E AndroidRuntime: 	at androidx.compose.runtime.CompositionLocalKt.CompositionLocalProvider(CompositionLocal.kt:380)
03-24 21:16:36.611  2788  2788 E AndroidRuntime: 	at androidx.compose.ui.platform.CompositionLocalsKt.ProvideCommonCompositionLocals(CompositionLocals.kt:216)
03-24 21:16:36.611  2788  2788 E AndroidRuntime: 	at androidx.compose.ui.platform.AndroidCompositionLocals_androidKt$ProvideAndroidCompositionLocals$3.invoke(AndroidCompositionLocals.android.kt:132)
03-24 21:16:36.611  2788  2788 E AndroidRuntime: 	at androidx.compose.ui.platform.AndroidCompositionLocals_androidKt$ProvideAndroidCompositionLocals$3.invoke(AndroidCompositionLocals.android.kt:131)
03-24 21:16:36.611  2788  2788 E AndroidRuntime: 	at androidx.compose.runtime.internal.ComposableLambdaImpl.invoke(ComposableLambda.jvm.kt:109)
03-24 21:16:36.611  2788  2788 E AndroidRuntime: 	at androidx.compose.runtime.internal.ComposableLambdaImpl.invoke(ComposableLambda.jvm.kt:35)
03-24 21:16:36.611  2788  2788 E AndroidRuntime: 	at androidx.compose.runtime.CompositionLocalKt.CompositionLocalProvider(CompositionLocal.kt:380)
03-24 21:16:36.611  2788  2788 E AndroidRuntime: 	at androidx.compose.ui.platform.AndroidCompositionLocals_androidKt.ProvideAndroidCompositionLocals(AndroidCompositionLocals.android.kt:121)
03-24 21:16:36.611  2788  2788 E AndroidRuntime: 	at androidx.compose.ui.platform.WrappedComposition$setContent$1$1$3.invoke(Wrapper.android.kt:155)
03-24 21:16:36.611  2788  2788 E AndroidRuntime: 	at androidx.compose.ui.platform.WrappedComposition$setContent$1$1$3.invoke(Wrapper.android.kt:154)
03-24 21:16:36.611  2788  2788 E AndroidRuntime: 	at androidx.compose.runtime.internal.ComposableLambdaImpl.invoke(ComposableLambda.jvm.kt:109)
03-24 21:16:36.611  2788  2788 E AndroidRuntime: 	at androidx.compose.runtime.internal.ComposableLambdaImpl.invoke(ComposableLambda.jvm.kt:35)
03-24 21:16:36.611  2788  2788 E AndroidRuntime: 	at androidx.compose.runtime.CompositionLocalKt.CompositionLocalProvider(CompositionLocal.kt:401)
03-24 21:16:36.611  2788  2788 E AndroidRuntime: 	at androidx.compose.ui.platform.WrappedComposition$setContent$1$1.invoke(Wrapper.android.kt:154)
03-24 21:16:36.611  2788  2788 E AndroidRuntime: 	at androidx.compose.ui.platform.WrappedComposition$setContent$1$1.invoke(Wrapper.android.kt:133)
03-24 21:16:36.611  2788  2788 E AndroidRuntime: 	at androidx.compose.runtime.internal.ComposableLambdaImpl.invoke(ComposableLambda.jvm.kt:109)
03-24 21:16:36.611  2788  2788 E AndroidRuntime: 	at androidx.compose.runtime.internal.ComposableLambdaImpl.invoke(ComposableLambda.jvm.kt:35)
03-24 21:16:36.611  2788  2788 E AndroidRuntime: 	at androidx.compose.runtime.ActualJvm_jvmKt.invokeComposable(ActualJvm.jvm.kt:97)
03-24 21:16:36.611  2788  2788 E AndroidRuntime: 	at androidx.compose.runtime.ComposerImpl.doCompose(Composer.kt:3595)
03-24 21:16:36.611  2788  2788 E AndroidRuntime: 	at androidx.compose.runtime.ComposerImpl.composeContent$runtime_release(Composer.kt:3522)
03-24 21:16:36.611  2788  2788 E AndroidRuntime: 	at androidx.compose.runtime.CompositionImpl.composeContent(Composition.kt:743)
03-24 21:16:36.613  2788  2788 E AndroidRuntime: 	at androidx.compose.runtime.Recomposer.composeInitial$runtime_release(Recomposer.kt:1122)
03-24 21:16:36.613  2788  2788 E AndroidRuntime: 	at androidx.compose.runtime.CompositionImpl.composeInitial(Composition.kt:649)
03-24 21:16:36.613  2788  2788 E AndroidRuntime: 	at androidx.compose.runtime.CompositionImpl.setContent(Composition.kt:635)
03-24 21:16:36.613  2788  2788 E AndroidRuntime: 	at androidx.compose.ui.platform.WrappedComposition$setContent$1.invoke(Wrapper.android.kt:133)
03-24 21:16:36.613  2788  2788 E AndroidRuntime: 	at androidx.compose.ui.platform.WrappedComposition$setContent$1.invoke(Wrapper.android.kt:124)
03-24 21:16:36.613  2788  2788 E AndroidRuntime: 	at androidx.compose.ui.platform.AndroidComposeView.setOnViewTreeOwnersAvailable(AndroidComposeView.android.kt:1626)
03-24 21:16:36.613  2788  2788 E AndroidRuntime: 	at androidx.compose.ui.platform.WrappedComposition.setContent(Wrapper.android.kt:124)
03-24 21:16:36.613  2788  2788 E AndroidRuntime: 	at androidx.compose.ui.platform.WrappedComposition.onStateChanged(Wrapper.android.kt:180)
03-24 21:16:36.613  2788  2788 E AndroidRuntime: 	at androidx.lifecycle.LifecycleRegistry$ObserverWithState.dispatchEvent(LifecycleRegistry.jvm.kt:320)
03-24 21:16:36.613  2788  2788 E AndroidRuntime: 	at androidx.lifecycle.LifecycleRegistry.addObserver(LifecycleRegistry.jvm.kt:198)
03-24 21:16:36.613  2788  2788 E AndroidRuntime: 	at androidx.compose.ui.platform.WrappedComposition$setContent$1.invoke(Wrapper.android.kt:131)
03-24 21:16:36.613  2788  2788 E AndroidRuntime: 	at androidx.compose.ui.platform.WrappedComposition$setContent$1.invoke(Wrapper.android.kt:124)
03-24 21:16:36.613  2788  2788 E AndroidRuntime: 	at androidx.compose.ui.platform.AndroidComposeView.onAttachedToWindow(AndroidComposeView.android.kt:1707)
03-24 21:16:36.613  2788  2788 E AndroidRuntime: 	at android.view.View.dispatchAttachedToWindow(View.java:23294)
03-24 21:16:36.613  2788  2788 E AndroidRuntime: 	at android.view.ViewGroup.dispatchAttachedToWindow(ViewGroup.java:3517)
03-24 21:16:36.613  2788  2788 E AndroidRuntime: 	at android.view.ViewGroup.dispatchAttachedToWindow(ViewGroup.java:3524)
03-24 21:16:36.613  2788  2788 E AndroidRuntime: 	at android.view.ViewGroup.dispatchAttachedToWindow(ViewGroup.java:3524)
03-24 21:16:36.613  2788  2788 E AndroidRuntime: 	at android.view.ViewGroup.dispatchAttachedToWindow(ViewGroup.java:3524)
03-24 21:16:36.613  2788  2788 E AndroidRuntime: 	at android.view.ViewGroup.dispatchAttachedToWindow(ViewGroup.java:3524)
03-24 21:16:36.613  2788  2788 E AndroidRuntime: 	at android.view.ViewRootImpl.performTraversals(ViewRootImpl.java:3667)
03-24 21:16:36.613  2788  2788 E AndroidRuntime: 	at android.view.ViewRootImpl.doTraversal(ViewRootImpl.java:3127)
03-24 21:16:36.613  2788  2788 E AndroidRuntime: 	at android.view.ViewRootImpl$TraversalRunnable.run(ViewRootImpl.java:10807)
03-24 21:16:36.613  2788  2788 E AndroidRuntime: 	at android.view.Choreographer$CallbackRecord.run(Choreographer.java:1630)
03-24 21:16:36.613  2788  2788 E AndroidRuntime: 	at android.view.Choreographer$CallbackRecord.run(Choreographer.java:1639)
03-24 21:16:36.613  2788  2788 E AndroidRuntime: 	at android.view.Choreographer.doCallbacks(Choreographer.java:1235)
03-24 21:16:36.613  2788  2788 E AndroidRuntime: 	at android.view.Choreographer.doFrame(Choreographer.java:1164)
03-24 21:16:36.613  2788  2788 E AndroidRuntime: 	at android.view.Choreographer$FrameDisplayEventReceiver.run(Choreographer.java:1613)
03-24 21:16:36.613  2788  2788 E AndroidRuntime: 	at android.os.Handler.handleCallback(Handler.java:1070)
03-24 21:16:36.613  2788  2788 E AndroidRuntime: 	at android.os.Handler.dispatchMessage(Handler.java:125)
03-24 21:16:36.613  2788  2788 E AndroidRuntime: 	at android.os.Looper.dispatchMessage(Looper.java:333)
03-24 21:16:36.613  2788  2788 E AndroidRuntime: 	at android.os.Looper.loopOnce(Looper.java:263)
03-24 21:16:36.613  2788  2788 E AndroidRuntime: 	at android.os.Looper.loop(Looper.java:367)
03-24 21:16:36.613  2788  2788 E AndroidRuntime: 	at android.app.ActivityThread.main(ActivityThread.java:9287)
03-24 21:16:36.613  2788  2788 E AndroidRuntime: 	... 3 more
03-24 21:16:36.923   761  4981 I DropBoxManagerService: add tag=data_app_crash isTagEnabled=true flags=0x2
03-24 21:16:37.131   761   782 W Looper  : Slow dispatch took 121ms android.fg app=system_server main=false group=FOREGROUND h=com.android.server.DropBoxManagerService$DropBoxManagerBroadcastHandler c=null m=1
03-24 21:16:37.347   761  1208 W ActivityTaskManager:   Force finishing activity com.vdigital.volumestream/.platform.activity.MainActivity
03-24 21:16:37.379   761  1208 W TransitionChain: Combining AR.finish-force-crash into #13(CLOSE|R|0x10) from finishTopCrash
03-24 21:16:37.393  1017  1079 V WindowManagerShell: Transition requested (#13): android.os.BinderProxy@530c62b TransitionRequestInfo { type = CLOSE, triggerTask = TaskInfo{userId=0 taskId=8 effectiveUid=10227 displayId=0 isRunning=true baseIntent=Intent { flg=0x10000000 cmp=com.vdigital.volumestream/.platform.activity.MainActivity } baseActivity=ComponentInfo{com.vdigital.volumestream/com.vdigital.volumestream.platform.activity.MainActivity} topActivity=ComponentInfo{com.vdigital.volumestream/com.vdigital.volumestream.platform.activity.MainActivity} origActivity=null realActivity=ComponentInfo{com.vdigital.volumestream/com.vdigital.volumestream.platform.activity.MainActivity} numActivities=2 lastActiveTime=1171700 supportsMultiWindow=true resizeMode=1 isResizeable=true minWidth=-1 minHeight=-1 defaultMinSize=220 token=WCT{android.os.BinderProxy@876b29} topActivityType=1 pictureInPictureParams=null shouldDockBigOverlays=false launchIntoPipHostTaskId=-1 lastParentTaskIdBeforePip=-1 displayCutoutSafeInsets=Rect(156, 0 - 0, 0) topActivityInfo=ActivityInfo{267aa88 com.vdigital.volumestream.platform.activity.MainActivity} launchCookies=[] positionInParent=Point(0, 0) parentTaskId=-1 isFocused=true isVisible=true isVisibleRequested=true isTopActivityNoDisplay=false isSleeping=false locusId=null displayAreaFeatureId=1 isTopActivityTransparent=false isActivityStackTransparent=false lastNonFullscreenBounds=null capturedLink=null capturedLinkTimestamp=0 requestedVisibleTypes=503 topActivityRequestOpenInBrowserEducationTimestamp=0 appCompatTaskInfo=AppCompatTaskInfo { topActivityInSizeCompat=false isLeafTask= true eligibleForLetterboxEducation= false isLetterboxEducationEnabled= true isLetterboxDoubleTapEnabled= false eligibleForUserAspectRatioButton= false topActivityBoundsLetterboxed= false isFromLetterboxDoubleTap= false topActivityLetterboxVerticalPosition= -1 topActivityLetterboxHorizontalPosition= -1 topActivityLetterboxWidth=-1 topActivityLetterboxHeight=-1 topActivityAppBounds=Rect(156, 0 - 2856, 1208) isUserFullscreenOverrideEnabled=false isSystemFullscreenOverrideEnabled=false hasMinAspectRatioOverride=false topActivityLetterboxBounds=null cameraCompatTaskInfo=CameraCompatTaskInfo { cameraCompatMode=undefinedundefined} topNonResizableActivityAspectRatio=-1.0} topActivityMainWindowFrame=null isAppBubble=false}, pipChange = null, remoteTransition = null, displayChange = null, requestedLocation = null, userChange = null, windowingLayerChange = null, flags = 16, debugId = 13 }
03-24 21:16:37.406  1017  1079 V ShellDesktopMode: DesktopTasksController: handleRequest request=TransitionRequestInfo { type = CLOSE, triggerTask = TaskInfo{userId=0 taskId=8 effectiveUid=10227 displayId=0 isRunning=true baseIntent=Intent { flg=0x10000000 cmp=com.vdigital.volumestream/.platform.activity.MainActivity } baseActivity=ComponentInfo{com.vdigital.volumestream/com.vdigital.volumestream.platform.activity.MainActivity} topActivity=ComponentInfo{com.vdigital.volumestream/com.vdigital.volumestream.platform.activity.MainActivity} origActivity=null realActivity=ComponentInfo{com.vdigital.volumestream/com.vdigital.volumestream.platform.activity.MainActivity} numActivities=2 lastActiveTime=1171700 supportsMultiWindow=true resizeMode=1 isResizeable=true minWidth=-1 minHeight=-1 defaultMinSize=220 token=WCT{android.os.BinderProxy@876b29} topActivityType=1 pictureInPictureParams=null shouldDockBigOverlays=false launchIntoPipHostTaskId=-1 lastParentTaskIdBeforePip=-1 displayCutoutSafeInsets=Rect(156, 0 - 0, 0) topActivityInfo=ActivityInfo{267aa88 com.vdigital.volumestream.platform.activity.MainActivity} launchCookies=[] positionInParent=Point(0, 0) parentTaskId=-1 isFocused=true isVisible=true isVisibleRequested=true isTopActivityNoDisplay=false isSleeping=false locusId=null displayAreaFeatureId=1 isTopActivityTransparent=false isActivityStackTransparent=false lastNonFullscreenBounds=null capturedLink=null capturedLinkTimestamp=0 requestedVisibleTypes=503 topActivityRequestOpenInBrowserEducationTimestamp=0 appCompatTaskInfo=AppCompatTaskInfo { topActivityInSizeCompat=false isLeafTask= true eligibleForLetterboxEducation= false isLetterboxEducationEnabled= true isLetterboxDoubleTapEnabled= false eligibleForUserAspectRatioButton= false topActivityBoundsLetterboxed= false isFromLetterboxDoubleTap= false topActivityLetterboxVerticalPosition= -1 topActivityLetterboxHorizontalPosition= -1 topActivityLetterboxWidth=-1 topActivityLetterboxHeight=-1 topActivityAppBounds=Rect(156, 0 - 2856, 1208) isUserFullscreenOverrideEnabled=false isSystemFullscreenOverrideEnabled=false hasMinAspectRatioOverride=false topActivityLetterboxBounds=null cameraCompatTaskInfo=CameraCompatTaskInfo { cameraCompatMode=undefinedundefined} topNonResizableActivityAspectRatio=-1.0} topActivityMainWindowFrame=null isAppBubble=false}, pipChange = null, remoteTransition = null, displayChange = null, requestedLocation = null, userChange = null, windowingLayerChange = null, flags = 16, debugId = 13 }
03-24 21:16:37.411  1017  1079 V ShellDesktopMode: DesktopTasksController: skipping handleRequest reason=triggerTask's display doesn't support desktop mode
03-24 21:16:37.446   761  1208 W ActivityTaskManager:   Force finishing activity com.vdigital.volumestream/.platform.activity.MainActivity
03-24 21:16:37.448   761  1208 W TransitionChain: Combining AR.finish-force-crash into #13(CLOSE|R|0x10) from finishTopCrash
03-24 21:16:37.536   761  1208 V WindowManager: Defer transition id=13 for TaskFragmentTransaction=android.os.Binder@264ea23
03-24 21:16:37.615   761  1208 V WindowManager: deferTransitionReady deferReadyDepth=1 stack=com.android.server.wm.TransitionController.deferTransitionReady:1061 com.android.server.wm.TaskFragmentOrganizerController$TaskFragmentOrganizerState.dispatchTransaction:517 com.android.server.wm.TaskFragmentOrganizerController.dispatchPendingEvents:1259 com.android.server.wm.TaskFragmentOrganizerController.dispatchPendingEvents:1228 com.android.server.wm.RootWindowContainer.performSurfacePlacement:777 
03-24 21:16:37.678  1017  4982 W HWUI    : Failed to choose config with EGL_SWAP_BEHAVIOR_PRESERVED, retrying without...
03-24 21:16:37.695  1017  4982 W HWUI    : Failed to initialize 101010-2 format, error = EGL_SUCCESS
03-24 21:16:37.727   761  1208 W libbinder.Binder: Binder transaction to android.app.IActivityManager code 16 took 1096ms. Data bytes: 13660 Reply bytes: 4 Flags: 18
03-24 21:16:38.017  2788  2788 I Process : Sending signal. PID: 2788 SIG: 9
03-24 21:16:38.109   761   785 W ActivityTaskManager: Activity top resumed state loss timeout for ActivityRecord{106572129 u0 com.vdigital.volumestream/.platform.activity.MainActivity t8 f}}
03-24 21:16:38.111   761   785 W ActivityTaskManager: Activity pause timeout for ActivityRecord{106572129 u0 com.vdigital.volumestream/.platform.activity.MainActivity t8 f}}
03-24 21:16:38.132   761   783 W Looper  : Slow dispatch took 509ms android.ui app=system_server main=false group=TOP_APP h=com.android.server.am.ActivityManagerService$UiHandler c=null m=1
03-24 21:16:38.417   761   967 D BackgroundInstallControlService: Package event received: 0
03-24 21:16:38.432   761   967 D BackgroundInstallControlService: Package event received: 0
03-24 21:16:38.435   761   967 D BackgroundInstallControlService: Package event received: 0
03-24 21:16:38.656   761   783 W Looper  : Slow dispatch took 244ms android.ui app=system_server main=false group=TOP_APP h=com.android.server.am.ActivityManagerService$UiHandler c=com.android.server.am.UidObserverController$$ExternalSyntheticLambda0@410c6c m=0
03-24 21:16:38.712   761   782 W Looper  : Slow dispatch took 196ms android.fg app=system_server main=false group=FOREGROUND h=android.os.Handler c=com.android.server.location.injector.SystemAppForegroundHelper$$ExternalSyntheticLambda1@d1aab76 m=0
03-24 21:16:38.712   761   782 W Looper  : Slow delivery took 226ms android.fg app=system_server main=false group=FOREGROUND h=android.os.Handler c=com.android.server.power.hint.HintManagerService$MyUidObserver$$ExternalSyntheticLambda0@7dd2577 m=0
03-24 21:16:38.843   761   850 D ActivityManager: sync unfroze 2945 com.google.android.apps.messaging for 6
03-24 21:16:38.851  1166  1166 D TaskbarManager: mActivity onDeviceProfileChanged displayId=0 isDefaultDisplay=true
03-24 21:16:38.851  1166  1166 D TaskbarManager: mActivity and mWindowContext agree taskbarIsPresent=false
03-24 21:16:38.852  1166  1166 D TaskbarManager: mActivity onDeviceProfileChanged displayId=0 isDefaultDisplay=true
03-24 21:16:38.852  1166  1166 D TaskbarManager: mActivity and mWindowContext agree taskbarIsPresent=false
03-24 21:16:39.220   761   785 W ActivityTaskManager: Launch timeout has expired, giving up wake lock!
03-24 21:16:39.292  1166  1166 D TaskbarManager: QuickstepLauncher#onDeviceProfileChanged displayId=0 isDefaultDisplay=true
03-24 21:16:39.292  1166  1166 D TaskbarManager: mActivity and mWindowContext agree taskbarIsPresent=false
03-24 21:16:39.292  1166  1166 D TaskbarManager: QuickstepLauncher#onDeviceProfileChanged displayId=0 isDefaultDisplay=true
03-24 21:16:39.292  1166  1166 D TaskbarManager: mActivity and mWindowContext agree taskbarIsPresent=false
03-24 21:16:39.468   761   904 I HalDevMgr: bestIfaceCreationProposal is null, requestIface=STA, existingIface=[name=wlan0 type=STA]
03-24 21:16:39.505  1166  1166 D OverviewActionsView: updateActionButtonsVisibility() called: showSingleTaskActions = [true], showGroupActions = [false]
03-24 21:16:39.773   761   850 D ActivityManager: sync unfroze 3883 com.google.android.settings.intelligence for 6
03-24 21:16:39.778  1166  1166 D LauncherStateManager: StateManager.cancelAnimation: animation ongoing: false, partial trace:
03-24 21:16:39.778  1166  1166 D LauncherStateManager: 	at com.android.launcher3.statemanager.StateManager.reapplyState(go/retraceme f3a19d912c87c27267cfbc05ba0bc7b202ab72a6648bd76225f5f7e128d94583:40)
03-24 21:16:39.778  1166  1166 D LauncherStateManager: 	at com.android.launcher3.statemanager.StatefulActivity.reapplyUi(go/retraceme f3a19d912c87c27267cfbc05ba0bc7b202ab72a6648bd76225f5f7e128d94583:13)
03-24 21:16:39.778  1166  1166 D LauncherStateManager: 	at com.android.launcher3.Launcher.onHandleConfigurationChanged(go/retraceme f3a19d912c87c27267cfbc05ba0bc7b202ab72a6648bd76225f5f7e128d94583:23)
03-24 21:16:39.788  1166  1166 D AllAppsTransitionController: shouldProtectHeader: false skipScrim: false state: Normal stateManager.getState(): Normal
03-24 21:16:39.856  1166  1166 D KeyboardInsetsHandler: setState, toState:Normal StateManager(mLastStableState:Normal, mCurrentStableState:Normal, mState:Normal, mRestState:null, isInTransition:false)
03-24 21:16:39.856  1166  1166 D KeyboardInsetsHandler: removePendingImeController: pendingImeController=null
03-24 21:16:39.862  1166  1166 D ActivityContext: hideKeyboard
03-24 21:16:39.863  1166  1166 D ActivityContext: isImeShown: false
03-24 21:16:39.908  1166  1166 D StatsLog: LAUNCHER_GOOGLE_SEARCH_RESTORE_LIST_SIZE_AFTER_ACTIVITY_RESTART
03-24 21:16:40.235   761   783 W Looper  : Slow dispatch took 256ms android.ui app=system_server main=false group=TOP_APP h=com.android.server.am.ActivityManagerService$UiHandler c=com.android.server.am.UidObserverController$$ExternalSyntheticLambda0@410c6c m=0
03-24 21:16:40.527  1166  1166 D CellLayout: Adding view to ShortcutsAndWidgetsContainer: com.google.android.apps.nexuslauncher.qsb.SmartspaceViewContainer{a2fbb38 V.E...... ......I. 0,0-0,0 #7f0a0346 app:id/search_container_workspace}
03-24 21:16:40.550  1166  1166 D ModelCallbacks: startBinding: hotseat layout was vertical: false and is setting to true
03-24 21:16:40.550  4984  4984 W libbinder.BackendUnifiedServiceManager: Thread Pool max thread count is 0. Cannot cache binder as linkToDeath cannot be implemented. serviceName: package
03-24 21:16:40.633  1166  1166 D Launcher.Workspace: addInScreenFromBind: hotseat inflation with x = 0 and y = 3
03-24 21:16:40.635  1166  1166 D CellLayout: Adding view to ShortcutsAndWidgetsContainer: com.android.launcher3.views.DoubleShadowBubbleTextView{48b1f2b VFED..C.. ......ID 0,0-0,0 #1}
03-24 21:16:40.637  1166  1166 D Launcher.Workspace: addInScreenFromBind: hotseat inflation with x = 0 and y = 2
03-24 21:16:40.638  1166  1166 D CellLayout: Adding view to ShortcutsAndWidgetsContainer: com.android.launcher3.views.DoubleShadowBubbleTextView{8fd8f88 VFED..C.. ......ID 0,0-0,0 #2}
03-24 21:16:40.640  1166  1166 D Launcher.Workspace: addInScreenFromBind: hotseat inflation with x = 0 and y = 1
03-24 21:16:40.694  1166  1166 D CellLayout: Adding view to ShortcutsAndWidgetsContainer: com.android.launcher3.views.DoubleShadowBubbleTextView{e1bd21 VFED..C.. ......ID 0,0-0,0 #3}
03-24 21:16:40.695  1166  1166 D CellLayout: Adding view to ShortcutsAndWidgetsContainer: com.android.launcher3.views.DoubleShadowBubbleTextView{43c546 VFED..C.. ......ID 0,0-0,0 #4}
03-24 21:16:40.695  1166  1166 D CellLayout: Adding view to ShortcutsAndWidgetsContainer: com.android.launcher3.views.DoubleShadowBubbleTextView{d1a8307 VFED..C.. ......ID 0,0-0,0 #5}
03-24 21:16:40.696  1166  1166 D CellLayout: Adding view to ShortcutsAndWidgetsContainer: com.android.launcher3.views.DoubleShadowBubbleTextView{6a01c34 VFED..C.. ......ID 0,0-0,0 #6}
03-24 21:16:40.697  1166  1166 D CellLayout: Adding view to ShortcutsAndWidgetsContainer: com.android.launcher3.views.DoubleShadowBubbleTextView{efc0a5d VFED..C.. ......ID 0,0-0,0 #7}
03-24 21:16:40.770  1166  1166 D b/387844520: getOutlineOffsetX: measured width = 0, mNormalizedIconSize = 168, last updated width = 0
03-24 21:16:40.773  1166  1166 D Launcher.Workspace: addInScreenFromBind: hotseat inflation with x = 0 and y = 0
03-24 21:16:40.774  1166  1166 D CellLayout: Adding view to ShortcutsAndWidgetsContainer: com.android.launcher3.views.PredictedAppIcon{59cfa64 VFED..C.. ......ID 0,0-0,0}
03-24 21:16:40.802  1166  1166 D ModelCallbacks: Starting async inflation
03-24 21:16:40.815  1166  1166 D AllAppsStore: setApps: apps.length=20
03-24 21:16:40.815  1166  1166 D AllAppsStore: notifyUpdate: notifying listeners
03-24 21:16:40.816  1166  1166 D ActivityAllAppsContainerView: onAppsUpdated; number of apps: 20
03-24 21:16:40.817  1166  1166 D ActivityAllAppsContainerView: rebindAdapters: force: false
03-24 21:16:40.817  1166  1166 D ActivityAllAppsContainerView: rebindAdapters: Not needed.
03-24 21:16:40.817  1166  1166 D StatsLog: LAUNCHER_ALLAPPS_COUNT
03-24 21:16:40.840  1166  1166 D AlphabeticalAppsList: Clearing FastScrollerSections.
03-24 21:16:40.844  1166  1166 D AlphabeticalAppsList: Adding apps with sections. HasPrivateApps: false
03-24 21:16:40.844  1166  1166 D AlphabeticalAppsList: addAppsWithSections: adding sectionName: C with appInfoTitle: Calendar
03-24 21:16:40.845  1166  1166 D AlphabeticalAppsList: addAppsWithSections: adding sectionName: D with appInfoTitle: Drive
03-24 21:16:40.845  1166  1166 D AlphabeticalAppsList: addAppsWithSections: adding sectionName: F with appInfoTitle: Files
03-24 21:16:40.845  1166  1166 D AlphabeticalAppsList: addAppsWithSections: adding sectionName: G with appInfoTitle: Gmail
03-24 21:16:40.845  1166  1166 D AlphabeticalAppsList: addAppsWithSections: adding sectionName: M with appInfoTitle: Maps
03-24 21:16:40.845  1166  1166 D AlphabeticalAppsList: addAppsWithSections: adding sectionName: P with appInfoTitle: Phone
03-24 21:16:40.845  1166  1166 D AlphabeticalAppsList: addAppsWithSections: adding sectionName: S with appInfoTitle: Safety
03-24 21:16:40.845  1166  1166 D AlphabeticalAppsList: addAppsWithSections: adding sectionName: T with appInfoTitle: TMoble
03-24 21:16:40.845  1166  1166 D AlphabeticalAppsList: addAppsWithSections: adding sectionName: V with appInfoTitle: VolumeStream
03-24 21:16:40.847  1166  1166 D AlphabeticalAppsList: addAppsWithSections: adding sectionName: Y with appInfoTitle: YouTube
03-24 21:16:40.847  1166  1166 D AlphabeticalAppsList: Adding FastScrollSection duplicate to scroll to the bottom.
03-24 21:16:40.849  1166  1166 D AlphabeticalAppsList: Clearing FastScrollerSections.
03-24 21:16:40.849  1166  1166 D AlphabeticalAppsList: Adding apps with sections. HasPrivateApps: false
03-24 21:16:40.849  1166  1166 D AlphabeticalAppsList: addAppsWithSections: adding sectionName: C with appInfoTitle: Calendar
03-24 21:16:40.849  1166  1166 D AlphabeticalAppsList: addAppsWithSections: adding sectionName: D with appInfoTitle: Drive
03-24 21:16:40.849  1166  1166 D AlphabeticalAppsList: addAppsWithSections: adding sectionName: F with appInfoTitle: Files
03-24 21:16:40.849  1166  1166 D AlphabeticalAppsList: addAppsWithSections: adding sectionName: G with appInfoTitle: Gmail
03-24 21:16:40.849  1166  1166 D AlphabeticalAppsList: addAppsWithSections: adding sectionName: M with appInfoTitle: Maps
03-24 21:16:40.849  1166  1166 D AlphabeticalAppsList: addAppsWithSections: adding sectionName: P with appInfoTitle: Phone
03-24 21:16:40.849  1166  1166 D AlphabeticalAppsList: addAppsWithSections: adding sectionName: S with appInfoTitle: Safety
03-24 21:16:40.849  1166  1166 D AlphabeticalAppsList: addAppsWithSections: adding sectionName: T with appInfoTitle: TMoble
03-24 21:16:40.849  1166  1166 D AlphabeticalAppsList: addAppsWithSections: adding sectionName: V with appInfoTitle: VolumeStream
03-24 21:16:40.850  1166  1166 D AlphabeticalAppsList: addAppsWithSections: adding sectionName: Y with appInfoTitle: YouTube
03-24 21:16:40.850  1166  1166 D AlphabeticalAppsList: Adding FastScrollSection duplicate to scroll to the bottom.
03-24 21:16:40.956   761   850 D ActivityManager: sync unfroze 2427 com.google.android.dialer for 6
03-24 21:16:41.073  1166  1166 D AlphabeticIndexCompat: computeSectionName: cs: Settings sectionName: S
03-24 21:16:41.088  1166  1166 D AlphabeticIndexCompat: computeSectionName: cs: Photos sectionName: P
03-24 21:16:41.115  1166  1166 D AlphabeticIndexCompat: computeSectionName: cs: Battery sectionName: B
03-24 21:16:41.120  1166  1166 D AlphabeticIndexCompat: computeSectionName: cs: Chrome sectionName: C
03-24 21:16:41.140  1166  1166 D AlphabeticIndexCompat: computeSectionName: cs: Gmail sectionName: G
03-24 21:16:41.205  1166  1166 D AlphabeticIndexCompat: computeSectionName: cs: Drive sectionName: D
03-24 21:16:41.214  1166  1166 D AlphabeticIndexCompat: computeSectionName: cs: Clock sectionName: C
03-24 21:16:41.225  1166  1166 D AlphabeticIndexCompat: computeSectionName: cs: Contacts sectionName: C
03-24 21:16:41.232  1166  1166 D AlphabeticIndexCompat: computeSectionName: cs: Calendar sectionName: C
03-24 21:16:41.240  1166  1166 D AlphabeticIndexCompat: computeSectionName: cs: Maps sectionName: M
03-24 21:16:41.245  1166  1166 D AlphabeticIndexCompat: computeSectionName: cs: YouTube Music sectionName: Y
03-24 21:16:41.246   761   782 W Looper  : Drained
03-24 21:16:41.247  1166  1166 D AlphabeticIndexCompat: computeSectionName: cs: YouTube sectionName: Y
03-24 21:16:41.269  1166  1166 D AlphabeticIndexCompat: computeSectionName: cs: Google sectionName: G
03-24 21:16:41.272  1166  1166 D AlphabeticIndexCompat: computeSectionName: cs: Android System Intelligence sectionName: A
03-24 21:16:41.276  1166  1166 D AlphabeticIndexCompat: computeSectionName: cs: Digital Wellbeing sectionName: D
03-24 21:16:41.277  1166  1166 D AlphabeticIndexCompat: computeSectionName: cs: Conversations sectionName: C
03-24 21:16:41.392  1166  1166 D b/417220811: invalidateLoadedTasks - previous requestLoadId: -1
03-24 21:16:41.401  2427  2633 D WM-DelayedWorkTracker: Scheduling work 75d541b3-5862-4c93-be07-6071faa51260
03-24 21:16:41.443   761   840 V WindowManager: Continue transition id=13 for TaskFragmentTransaction=android.os.Binder@264ea23
03-24 21:16:41.444   761   840 V WindowManager: continueTransitionReady deferReadyDepth=0 stack=com.android.server.wm.TransitionController.continueTransitionReady:1071 com.android.server.wm.TaskFragmentOrganizerController$TaskFragmentOrganizerState.onTransactionFinished:546 com.android.server.wm.TaskFragmentOrganizerController.onTransactionHandled:740 android.window.ITaskFragmentOrganizerController$Stub.onTransact:225 android.os.Binder.execTransactInternal:1473 
03-24 21:16:41.446  1017  1079 D WindowManagerShell: setLauncherKeepClearAreaHeight: visible=false, height=375
03-24 21:16:41.554  1166  1166 D TaskbarManager: mActivity onDeviceProfileChanged displayId=0 isDefaultDisplay=true
03-24 21:16:41.554  1166  1166 D TaskbarManager: mActivity and mWindowContext agree taskbarIsPresent=false
03-24 21:16:41.555  1166  1166 D TaskbarManager: mActivity onDeviceProfileChanged displayId=0 isDefaultDisplay=true
03-24 21:16:41.555  1166  1166 D TaskbarManager: mActivity and mWindowContext agree taskbarIsPresent=false
03-24 21:16:41.556  1166  1232 I PluginActionManager[com.android.systemui.action.PLUGIN_BC_SMARTSPACE_DATA]: Found 0 plugins
03-24 21:16:41.579  1166  1166 D TaskbarManager: QuickstepLauncher#onDeviceProfileChanged displayId=0 isDefaultDisplay=true
03-24 21:16:41.579  1166  1166 D TaskbarManager: mActivity and mWindowContext agree taskbarIsPresent=false
03-24 21:16:41.579  1166  1166 D TaskbarManager: QuickstepLauncher#onDeviceProfileChanged displayId=0 isDefaultDisplay=true
03-24 21:16:41.579  1166  1166 D TaskbarManager: mActivity and mWindowContext agree taskbarIsPresent=false
03-24 21:16:41.585  1166  1166 D OverviewActionsView: updateActionButtonsVisibility() called: showSingleTaskActions = [true], showGroupActions = [false]
03-24 21:16:41.612  1166  1166 D LauncherStateManager: StateManager.cancelAnimation: animation ongoing: false, partial trace:
03-24 21:16:41.612  1166  1166 D LauncherStateManager: 	at com.android.launcher3.statemanager.StateManager.reapplyState(go/retraceme f3a19d912c87c27267cfbc05ba0bc7b202ab72a6648bd76225f5f7e128d94583:40)
03-24 21:16:41.612  1166  1166 D LauncherStateManager: 	at com.android.launcher3.statemanager.StatefulActivity.reapplyUi(go/retraceme f3a19d912c87c27267cfbc05ba0bc7b202ab72a6648bd76225f5f7e128d94583:13)
03-24 21:16:41.612  1166  1166 D LauncherStateManager: 	at com.android.launcher3.Launcher.onHandleConfigurationChanged(go/retraceme f3a19d912c87c27267cfbc05ba0bc7b202ab72a6648bd76225f5f7e128d94583:23)
03-24 21:16:41.613  1166  1166 D AllAppsTransitionController: shouldProtectHeader: false skipScrim: false state: Normal stateManager.getState(): Normal
03-24 21:16:41.617  1166  1166 D KeyboardInsetsHandler: setState, toState:Normal StateManager(mLastStableState:Normal, mCurrentStableState:Normal, mState:Normal, mRestState:null, isInTransition:false)
03-24 21:16:41.621  1166  1166 D KeyboardInsetsHandler: removePendingImeController: pendingImeController=null
03-24 21:16:41.621  1166  1166 D ActivityContext: hideKeyboard
03-24 21:16:41.621  1166  1166 D ActivityContext: isImeShown: false
03-24 21:16:41.623  1166  1166 D StatsLog: LAUNCHER_GOOGLE_SEARCH_RESTORE_LIST_SIZE_AFTER_ACTIVITY_RESTART
03-24 21:16:41.649  1166  1166 D ViewOnDrawExecutor: Cancelling tasks
03-24 21:16:41.652  1166  1166 D ViewOnDrawExecutor: markCompleted ignored: cancelled
03-24 21:16:41.654  1166  1166 D AllAppsStore: disableDeferUpdatesSilently: 1 mDeferUpdatesFlags=0
03-24 21:16:41.682  1166  1166 D CellLayout: Adding view to ShortcutsAndWidgetsContainer: com.google.android.apps.nexuslauncher.qsb.SmartspaceViewContainer{a2fbb38 V.E...... ......I. 0,0-0,0 #7f0a0346 app:id/search_container_workspace}
03-24 21:16:41.688   761   850 W JobServiceContext: Sending onNetworkChanged for a job that isn't started. JobStatus{b2d3a92 androidx.work.systemjobscheduler:u0a146/40 #TikTokWorker#com.android.dialer.voicemail.service.impl.VvmTaskWorker#@androidx.work.systemjobscheduler@com.google.android.dialer/androidx.work.impl.background.systemjob.SystemJobService u=0 s=10146 TIME=-13m45s952ms:none NET READY}
03-24 21:16:41.711  1166  1166 D ModelCallbacks: startBinding: hotseat layout was vertical: true and is setting to false
03-24 21:16:41.752  1166  1166 D Launcher.Workspace: addInScreenFromBind: hotseat inflation with x = 0 and y = 0
03-24 21:16:41.753  1166  1166 D CellLayout: Adding view to ShortcutsAndWidgetsContainer: com.android.launcher3.views.DoubleShadowBubbleTextView{334500a VFED..C.. ......ID 0,0-0,0 #1}
03-24 21:16:41.754  1166  1166 D Launcher.Workspace: addInScreenFromBind: hotseat inflation with x = 1 and y = 0
03-24 21:16:41.754  1166  1166 D CellLayout: Adding view to ShortcutsAndWidgetsContainer: com.android.launcher3.views.DoubleShadowBubbleTextView{f65507b VFED..C.. ......ID 0,0-0,0 #2}
03-24 21:16:41.754  1166  1166 D Launcher.Workspace: addInScreenFromBind: hotseat inflation with x = 2 and y = 0
03-24 21:16:41.754  1166  1166 D CellLayout: Adding view to ShortcutsAndWidgetsContainer: com.android.launcher3.views.DoubleShadowBubbleTextView{6caee98 VFED..C.. ......ID 0,0-0,0 #3}
03-24 21:16:41.754  1166  1166 D CellLayout: Adding view to ShortcutsAndWidgetsContainer: com.android.launcher3.views.DoubleShadowBubbleTextView{aaa16f1 VFED..C.. ......ID 0,0-0,0 #4}
03-24 21:16:41.755  1166  1166 D CellLayout: Adding view to ShortcutsAndWidgetsContainer: com.android.launcher3.views.DoubleShadowBubbleTextView{ccf62d6 VFED..C.. ......ID 0,0-0,0 #5}
03-24 21:16:41.755  1166  1166 D CellLayout: Adding view to ShortcutsAndWidgetsContainer: com.android.launcher3.views.DoubleShadowBubbleTextView{bee7957 VFED..C.. ......ID 0,0-0,0 #6}
03-24 21:16:41.755  1166  1166 D CellLayout: Adding view to ShortcutsAndWidgetsContainer: com.android.launcher3.views.DoubleShadowBubbleTextView{dcc5c44 VFED..C.. ......ID 0,0-0,0 #7}
03-24 21:16:41.764  1166  1166 D b/387844520: getOutlineOffsetX: measured width = 0, mNormalizedIconSize = 182, last updated width = 0
03-24 21:16:41.765  1166  1166 D Launcher.Workspace: addInScreenFromBind: hotseat inflation with x = 3 and y = 0
03-24 21:16:41.765  1166  1166 D CellLayout: Adding view to ShortcutsAndWidgetsContainer: com.android.launcher3.views.PredictedAppIcon{97753f3 VFED..C.. ......ID 0,0-0,0}
03-24 21:16:41.768  1166  1166 D ModelCallbacks: Starting async inflation
03-24 21:16:41.769  1166  1166 D AllAppsStore: setApps: apps.length=20
03-24 21:16:41.770  1166  1166 D AllAppsStore: notifyUpdate: notifying listeners
03-24 21:16:41.770  1166  1166 D ActivityAllAppsContainerView: onAppsUpdated; number of apps: 20
03-24 21:16:41.771  1166  1166 D ActivityAllAppsContainerView: rebindAdapters: force: false
03-24 21:16:41.771  1166  1166 D ActivityAllAppsContainerView: rebindAdapters: Not needed.
03-24 21:16:41.771  1166  1166 D StatsLog: LAUNCHER_ALLAPPS_COUNT
03-24 21:16:41.772  1166  1166 D AlphabeticalAppsList: Clearing FastScrollerSections.
03-24 21:16:41.772  1166  1166 D AlphabeticalAppsList: Adding apps with sections. HasPrivateApps: false
03-24 21:16:41.772  1166  1166 D AlphabeticalAppsList: addAppsWithSections: adding sectionName: C with appInfoTitle: Calendar
03-24 21:16:41.772  1166  1166 D AlphabeticalAppsList: addAppsWithSections: adding sectionName: D with appInfoTitle: Drive
03-24 21:16:41.772  1166  1166 D AlphabeticalAppsList: addAppsWithSections: adding sectionName: F with appInfoTitle: Files
03-24 21:16:41.773  1166  1166 D AlphabeticalAppsList: addAppsWithSections: adding sectionName: G with appInfoTitle: Gmail
03-24 21:16:41.773  1166  1166 D AlphabeticalAppsList: addAppsWithSections: adding sectionName: M with appInfoTitle: Maps
03-24 21:16:41.773  1166  1166 D AlphabeticalAppsList: addAppsWithSections: adding sectionName: P with appInfoTitle: Phone
03-24 21:16:41.773  1166  1166 D AlphabeticalAppsList: addAppsWithSections: adding sectionName: S with appInfoTitle: Safety
03-24 21:16:41.774  1166  1166 D AlphabeticalAppsList: addAppsWithSections: adding sectionName: T with appInfoTitle: TMoble
03-24 21:16:41.774  1166  1166 D AlphabeticalAppsList: addAppsWithSections: adding sectionName: V with appInfoTitle: VolumeStream
03-24 21:16:41.774  1166  1166 D AlphabeticalAppsList: addAppsWithSections: adding sectionName: Y with appInfoTitle: YouTube
03-24 21:16:41.775  1166  1166 D AlphabeticalAppsList: Adding FastScrollSection duplicate to scroll to the bottom.
03-24 21:16:41.775  1166  1166 D AlphabeticalAppsList: Clearing FastScrollerSections.
03-24 21:16:41.775  1166  1166 D AlphabeticalAppsList: Adding apps with sections. HasPrivateApps: false
03-24 21:16:41.776  1166  1166 D AlphabeticalAppsList: addAppsWithSections: adding sectionName: C with appInfoTitle: Calendar
03-24 21:16:41.776  1166  1166 D AlphabeticalAppsList: addAppsWithSections: adding sectionName: D with appInfoTitle: Drive
03-24 21:16:41.776  1166  1166 D AlphabeticalAppsList: addAppsWithSections: adding sectionName: F with appInfoTitle: Files
03-24 21:16:41.776  1166  1166 D AlphabeticalAppsList: addAppsWithSections: adding sectionName: G with appInfoTitle: Gmail
03-24 21:16:41.776  1166  1166 D AlphabeticalAppsList: addAppsWithSections: adding sectionName: M with appInfoTitle: Maps
03-24 21:16:41.777  1166  1166 D AlphabeticalAppsList: addAppsWithSections: adding sectionName: P with appInfoTitle: Phone
03-24 21:16:41.777  1166  1166 D AlphabeticalAppsList: addAppsWithSections: adding sectionName: S with appInfoTitle: Safety
03-24 21:16:41.777  1166  1166 D AlphabeticalAppsList: addAppsWithSections: adding sectionName: T with appInfoTitle: TMoble
03-24 21:16:41.777  1166  1166 D AlphabeticalAppsList: addAppsWithSections: adding sectionName: V with appInfoTitle: VolumeStream
03-24 21:16:41.777  1166  1166 D AlphabeticalAppsList: addAppsWithSections: adding sectionName: Y with appInfoTitle: YouTube
03-24 21:16:41.778  1166  1166 D AlphabeticalAppsList: Adding FastScrollSection duplicate to scroll to the bottom.
03-24 21:16:41.790  1166  1166 D AlphabeticIndexCompat: computeSectionName: cs: Settings sectionName: S
03-24 21:16:41.791  1166  1166 D AlphabeticIndexCompat: computeSectionName: cs: Photos sectionName: P
03-24 21:16:41.793  1166  1166 D AlphabeticIndexCompat: computeSectionName: cs: Battery sectionName: B
03-24 21:16:41.798  1166  1166 D AlphabeticIndexCompat: computeSectionName: cs: Chrome sectionName: C
03-24 21:16:41.810  1166  1166 D AlphabeticIndexCompat: computeSectionName: cs: Gmail sectionName: G
03-24 21:16:41.811  1166  1166 D AlphabeticIndexCompat: computeSectionName: cs: Drive sectionName: D
03-24 21:16:41.812  1166  1166 D AlphabeticIndexCompat: computeSectionName: cs: Clock sectionName: C
03-24 21:16:41.812  1166  1166 D AlphabeticIndexCompat: computeSectionName: cs: Contacts sectionName: C
03-24 21:16:41.813  1166  1166 D AlphabeticIndexCompat: computeSectionName: cs: Calendar sectionName: C
03-24 21:16:41.815  1166  1166 D AlphabeticIndexCompat: computeSectionName: cs: Maps sectionName: M
03-24 21:16:41.815  1166  1166 D AlphabeticIndexCompat: computeSectionName: cs: YouTube Music sectionName: Y
03-24 21:16:41.816  1166  1166 D AlphabeticIndexCompat: computeSectionName: cs: YouTube sectionName: Y
03-24 21:16:41.816  1166  1166 D AlphabeticIndexCompat: computeSectionName: cs: Google sectionName: G
03-24 21:16:41.817  1166  1166 D AlphabeticIndexCompat: computeSectionName: cs: Android System Intelligence sectionName: A
03-24 21:16:41.818  1166  1166 D AlphabeticIndexCompat: computeSectionName: cs: Digital Wellbeing sectionName: D
03-24 21:16:41.819  1166  1166 D AlphabeticIndexCompat: computeSectionName: cs: Conversations sectionName: C
03-24 21:16:41.827  1017  1079 D WindowManagerShell: setLauncherKeepClearAreaHeight: visible=false, height=567
03-24 21:16:41.833  1166  1166 D BaseActivity: Launcher flags updated: [state_started] +[state_started]
03-24 21:16:41.836  1166  1166 D BaseActivity: Launcher flags updated: [state_started|state_resumed|state_user_active] +[state_resumed|state_user_active]
03-24 21:16:41.838  1166  1232 I PluginActionManager[com.android.systemui.action.PLUGIN_BC_SMARTSPACE_DATA]: Found 0 plugins
03-24 21:16:41.849  1166  1166 D b/417220811: invalidateLoadedTasks - previous requestLoadId: -1
03-24 21:16:41.850  1166  1166 I Choreographer: Skipped 171 frames!  The application may be doing too much work on its main thread.
03-24 21:16:41.858  2427  2633 D WM-GreedyScheduler: Starting tracking for 75d541b3-5862-4c93-be07-6071faa51260
03-24 21:16:41.875  2945  2945 D WM-DelayedWorkTracker: Scheduling work 02da67f5-b27e-4512-adab-f47c125d1554
03-24 21:16:41.884  2427  2427 D WM-SystemJobService: onStartJob for WorkGenerationalId(workSpecId=75d541b3-5862-4c93-be07-6071faa51260, generation=0)
03-24 21:16:41.908  1166  1166 D NexusLauncherModelDelegate: notifySmartspaceEvent: SmartspaceTargetEvent{mSmartspaceTarget=null, mSmartspaceActionId='null', mEventType=6}
03-24 21:16:41.952  1017  1079 D WindowManagerShell: setLauncherKeepClearAreaHeight: visible=true, height=567
03-24 21:16:41.980  2427  2633 D WM-DelayedWorkTracker: Scheduling work aafe6f84-43cb-4f21-adef-50df48d72540
03-24 21:16:41.981  2427  2633 D WM-GreedyScheduler: Starting tracking for aafe6f84-43cb-4f21-adef-50df48d72540
03-24 21:16:41.982  2427  2633 D WM-DelayedWorkTracker: Scheduling work baf11f14-76f7-4803-a27c-ba49b7eb960f
03-24 21:16:41.995  2427  2633 D WM-GreedyScheduler: Starting tracking for baf11f14-76f7-4803-a27c-ba49b7eb960f
03-24 21:16:41.995  2427  2633 D WM-DelayedWorkTracker: Scheduling work 0689e80f-93a6-43ff-badf-d0f3affc791d
03-24 21:16:41.999  2427  2633 D WM-GreedyScheduler: Starting tracking for 0689e80f-93a6-43ff-badf-d0f3affc791d
03-24 21:16:42.275  1166  1166 D VRI[NexusLauncherActivity]: WindowInsets changed: 1280x2856 mandatorySystemGestures:[0,192,0,96] 
03-24 21:16:42.269  2945  2945 D WM-GreedyScheduler: Starting tracking for 02da67f5-b27e-4512-adab-f47c125d1554
03-24 21:16:42.323  1166  1166 D OverviewActionsView: updateActionButtonsVisibility() called: showSingleTaskActions = [true], showGroupActions = [false]
03-24 21:16:42.380   761   785 W BLASTSyncEngine: Sync group 13 timeout
03-24 21:16:42.412  1166  1166 D LauncherStateManager: StateManager.cancelAnimation: animation ongoing: false, partial trace:
03-24 21:16:42.412  1166  1166 D LauncherStateManager: 	at com.android.launcher3.statemanager.StateManager.reapplyState(go/retraceme f3a19d912c87c27267cfbc05ba0bc7b202ab72a6648bd76225f5f7e128d94583:40)
03-24 21:16:42.412  1166  1166 D LauncherStateManager: 	at com.android.launcher3.LauncherRootView.updateInsets(go/retraceme f3a19d912c87c27267cfbc05ba0bc7b202ab72a6648bd76225f5f7e128d94583:54)
03-24 21:16:42.412  1166  1166 D LauncherStateManager: 	at com.android.launcher3.LauncherRootView.onApplyWindowInsets(go/retraceme f3a19d912c87c27267cfbc05ba0bc7b202ab72a6648bd76225f5f7e128d94583:18)
03-24 21:16:42.412  1166  1166 D AllAppsTransitionController: shouldProtectHeader: false skipScrim: false state: Normal stateManager.getState(): Normal
03-24 21:16:42.413  1166  1166 D KeyboardInsetsHandler: setState, toState:Normal StateManager(mLastStableState:Normal, mCurrentStableState:Normal, mState:Normal, mRestState:null, isInTransition:false)
03-24 21:16:42.413  1166  1166 D KeyboardInsetsHandler: removePendingImeController: pendingImeController=null
03-24 21:16:42.413  1166  1166 D ActivityContext: hideKeyboard
03-24 21:16:42.413  1166  1166 D ActivityContext: isImeShown: false
03-24 21:16:42.425   761   785 I BLASTSyncEngine: Unfinished container: WallpaperWindowToken{b68506d showWhenLocked=true}
03-24 21:16:42.425   761   785 I BLASTSyncEngine: Unfinished container: ActivityRecord{176990701 u0 com.google.android.apps.nexuslauncher/.NexusLauncherActivity t2}
03-24 21:16:42.426   761   785 I BLASTSyncEngine:   Window{d7ff432 u0 InputMethod} NO_SURFACE
03-24 21:16:42.426   761   785 I BLASTSyncEngine:   Window{482bfc u0 com.google.android.apps.nexuslauncher/com.google.android.apps.nexuslauncher.NexusLauncherActivity} DRAW_PENDING
03-24 21:16:42.607  1017  1334 D WallpaperService: onVisibilityChanged(true): com.android.systemui.wallpapers.ImageWallpaper$CanvasEngine@1c05077
03-24 21:16:42.742   761   904 I HalDevMgr: bestIfaceCreationProposal is null, requestIface=STA, existingIface=[name=wlan0 type=STA]
03-24 21:16:42.781  1166  1166 D SsBaseTemplateCard: Date view text is empty
03-24 21:16:42.826  1166  1166 D SsBaseTemplateCard: Passed-in item info is null
03-24 21:16:42.826  1166  1166 D SsBaseTemplateCard: Passed-in item info is null
03-24 21:16:42.826  1166  1166 D SsBaseTemplateCard: Passed-in item info is null
03-24 21:16:42.826  1166  1166 D SsBaseTemplateCard: Passed-in item info is null
03-24 21:16:42.847  1166  1166 I SsBaseTemplateCard: Secondary card pane is null
03-24 21:16:42.855  1017  1028 V WindowManagerShell: onTransitionReady(transaction=3268470113592)
03-24 21:16:42.862  1017  1079 V WindowManagerShell: onTransitionReady (#13) android.os.BinderProxy@530c62b: {id=13 t=CLOSE f=0x10 trk=0 r=[0@Point(0, 0)] c=[
03-24 21:16:42.862  1017  1079 V WindowManagerShell:         {m=TO_FRONT f=SHOW_WALLPAPER|MOVE_TO_TOP leash=Surface(name=Task=1#44)/@0x96f42a0 sb=Rect(0, 0 - 2856, 1280) eb=Rect(0, 0 - 2856, 1280) epz=Point(2856, 1280) d=0 endFixedRotation=0 taskParent=-1 winMode=1 userId=0},
03-24 21:16:42.862  1017  1079 V WindowManagerShell:         {m=TO_BACK f=NONE leash=Surface(name=Task=8#111)/@0x26c4e59 sb=Rect(0, 0 - 2856, 1280) eb=Rect(0, 0 - 2856, 1280) epz=Point(2856, 1280) d=0 taskParent=-1 winMode=1 userId=0},
03-24 21:16:42.862  1017  1079 V WindowManagerShell:         {m=TO_FRONT f=IS_WALLPAPER leash=Surface(name=Surface(name=WallpaperWindowToken{b68506d}#60)/@0xbdf7338 - rotation-leash#157)/@0x9d2aa1e sb=Rect(0, 0 - 2856, 1280) eb=Rect(0, 0 - 2856, 1280) epz=Point(2856, 1280) d=0}
03-24 21:16:42.862  1017  1079 V WindowManagerShell:     ]}
03-24 21:16:42.942  1017  1079 V WindowManagerShell: Playing animation for (#13) android.os.BinderProxy@530c62b@0
03-24 21:16:42.949   761  1208 W ProcessStats: Tracking association SourceState{9800bb9 system/1000 ImpBg #4289} whose proc state 6 is better than process ProcessState{37057c0 com.google.android.settings.intelligence/10157 pkg=com.google.android.settings.intelligence} proc state 14 (11 skipped)
03-24 21:16:42.967  1017  1079 V ShellRecents: RecentsTransitionHandler.startAnimation: no controller found
03-24 21:16:42.980  1017  1079 V ShellDesktopMode: DesktopMixedTransitionHandler: No pending desktop transition
03-24 21:16:42.981  1017  1079 V WindowManagerShell: Transition doesn't have explicit remote, search filters for match for {id=13 t=CLOSE f=0x10 trk=0 r=[0@Point(0, 0)] c=[{m=TO_FRONT f=SHOW_WALLPAPER|MOVE_TO_TOP leash=Surface(name=Task=1#44)/@0x96f42a0 sb=Rect(0, 0 - 2856, 1280) eb=Rect(0, 0 - 2856, 1280) epz=Point(2856, 1280) d=0 endFixedRotation=0 taskParent=-1 winMode=1 userId=0},{m=TO_BACK f=NONE leash=Surface(name=Task=8#111)/@0x26c4e59 sb=Rect(0, 0 - 2856, 1280) eb=Rect(0, 0 - 2856, 1280) epz=Point(2856, 1280) d=0 taskParent=-1 winMode=1 userId=0},{m=TO_FRONT f=IS_WALLPAPER leash=Surface(name=Surface(name=WallpaperWindowToken{b68506d}#60)/@0xbdf7338 - rotation-leash#157)/@0x9d2aa1e sb=Rect(0, 0 - 2856, 1280) eb=Rect(0, 0 - 2856, 1280) epz=Point(2856, 1280) d=0}]}
03-24 21:16:42.981  1017  1079 V WindowManagerShell:  Checking filter Pair{{types=[] flags=0x0] notFlags=0x0 checks=[{atype=undefined independent=true modes=[CLOSE,TO_BACK] flags=IN_TASK_WITH_EMBEDDED_ACTIVITY mustBeTask=false order=ANY topActivity=null launchCookie=null taskFragmentToken=android.os.BinderProxy@2d426f windowingMode=undefined isCrossDisplayMove=false}]} RemoteTransition { remoteTransition = android.window.IRemoteTransition$Stub$Proxy@e5d4b7c, appThread = android.app.IApplicationThread$Stub$Proxy@8a11c05, debugName = overlayBackTransition }}
03-24 21:16:42.991  1166  1166 D NexusLauncherModelDelegate: notifySmartspaceEvent: SmartspaceTargetEvent{mSmartspaceTarget=SmartspaceTarget{mSmartspaceTargetId='date_card_794317_92634', mHeaderAction=null, mBaseAction=null, mCreationTimeMillis=0, mExpiryTimeMillis=0, mScore=0.0, mActionChips=[], mIconGrid=[], mFeatureType=1, mSensitive=false, mShouldShowExpanded=false, mSourceNotificationKey='null', mComponentName=ComponentInfo{com.google.android.apps.nexuslauncher/w7.d0}, mUserHandle=UserHandle{0}, mAssociatedSmartspaceTargetId='null', mSliceUri=null, mWidget=null, mTemplateData=BaseTemplateData{mTemplateType=1, mPrimaryItem=null, mSubtitleItem=null, mSubtitleSupplementalItem=null, mSupplementalLineItem=null, mSupplementalAlarmItem=null, mLayoutWeight=0}, mRemoteViews=null}, mSmartspaceActionId='null', mEventType=3}
03-24 21:16:42.992  1166  1166 D NexusLauncherModelDelegate: notifySmartspaceEvent: SmartspaceTargetEvent{mSmartspaceTarget=SmartspaceTarget{mSmartspaceTargetId='date_card_794317_92634', mHeaderAction=null, mBaseAction=null, mCreationTimeMillis=0, mExpiryTimeMillis=0, mScore=0.0, mActionChips=[], mIconGrid=[], mFeatureType=1, mSensitive=false, mShouldShowExpanded=false, mSourceNotificationKey='null', mComponentName=ComponentInfo{com.google.android.apps.nexuslauncher/w7.d0}, mUserHandle=UserHandle{0}, mAssociatedSmartspaceTargetId='null', mSliceUri=null, mWidget=null, mTemplateData=BaseTemplateData{mTemplateType=1, mPrimaryItem=null, mSubtitleItem=null, mSubtitleSupplementalItem=null, mSupplementalLineItem=null, mSupplementalAlarmItem=null, mLayoutWeight=0}, mRemoteViews=null}, mSmartspaceActionId='null', mEventType=2}
03-24 21:16:42.982  1017  1079 V WindowManagerShell:  Checking filter Pair{{types=[] flags=0x0] notFlags=0x0 checks=[{atype=dream independent=true modes=[OPEN,TO_FRONT] flags=NONE mustBeTask=false order=ANY topActivity=null launchCookie=null windowingMode=undefined isCrossDisplayMove=false},{atype=home independent=true modes=[CLOSE,TO_BACK] flags=NONE mustBeTask=false order=ANY topActivity=null launchCookie=null windowingMode=undefined isCrossDisplayMove=false}]} RemoteTransition { remoteTransition = android.window.IRemoteTransition$Stub$Proxy@400a45a, appThread = android.app.IApplicationThread$Stub$Proxy@df5968b, debugName = LauncherToDream }}
03-24 21:16:43.010  1166  1166 D b/387844520: calling updateRingPath from onSizeChanged
03-24 21:16:43.010  1166  1166 D b/387844520: getOutlineOffsetX: measured width = 198, mNormalizedIconSize = 182, last updated width = 198
03-24 21:16:43.011  1017  1079 V WindowManagerShell:  Checking filter Pair{{types=[] flags=0x0] notFlags=0x100 checks=[{atype=home independent=true modes=[OPEN,TO_FRONT] flags=NONE mustBeTask=false order=TOP topActivity=ComponentInfo{com.google.android.apps.nexuslauncher/com.google.android.apps.nexuslauncher.NexusLauncherActivity} launchCookie=null windowingMode=undefined isCrossDisplayMove=false},{atype=standard independent=true modes=[CLOSE,TO_BACK] flags=NONE mustBeTask=false order=ANY topActivity=null launchCookie=null windowingMode=undefined isCrossDisplayMove=false},{NOT atype=undefined independent=true modes=[] flags=NONE mustBeTask=true order=ANY topActivity=null launchCookie=null customAnim=true windowingMode=undefined isCrossDisplayMove=false}]} RemoteTransition { remoteTransition = android.window.IRemoteTransition$Stub$Proxy@ff1a368, appThread = android.app.IApplicationThread$Stub$Proxy@41c7381, debugName = QuickstepLaunchHome }}
03-24 21:16:43.025  1017  1079 D RemoteTransitionHandler: Found filterPair{{types=[] flags=0x0] notFlags=0x100 checks=[{atype=home independent=true modes=[OPEN,TO_FRONT] flags=NONE mustBeTask=false order=TOP topActivity=ComponentInfo{com.google.android.apps.nexuslauncher/com.google.android.apps.nexuslauncher.NexusLauncherActivity} launchCookie=null windowingMode=undefined isCrossDisplayMove=false},{atype=standard independent=true modes=[CLOSE,TO_BACK] flags=NONE mustBeTask=false order=ANY topActivity=null launchCookie=null windowingMode=undefined isCrossDisplayMove=false},{NOT atype=undefined independent=true modes=[] flags=NONE mustBeTask=true order=ANY topActivity=null launchCookie=null customAnim=true windowingMode=undefined isCrossDisplayMove=false}]} RemoteTransition { remoteTransition = android.window.IRemoteTransition$Stub$Proxy@ff1a368, appThread = android.app.IApplicationThread$Stub$Proxy@41c7381, debugName = QuickstepLaunchHome }}
03-24 21:16:43.026  1017  1079 V WindowManagerShell:  Delegate animation for (#13) to RemoteTransition { remoteTransition = android.window.IRemoteTransition$Stub$Proxy@ff1a368, appThread = android.app.IApplicationThread$Stub$Proxy@41c7381, debugName = QuickstepLaunchHome }
03-24 21:16:43.029  1166  1166 D BaseDepthController: setSurface:
03-24 21:16:43.029  1166  1166 D BaseDepthController: 	mWaitingOnSurfaceValidity: false
03-24 21:16:43.029  1166  1166 D BaseDepthController: 	mBaseSurface: Surface(name=com.google.android.apps.nexuslauncher/com.google.android.apps.nexuslauncher.NexusLauncherActivity#153)/@0x26265d2
03-24 21:16:43.033  1166  1166 V BaseDepthController: Applying blur: 0 to Surface(name=com.google.android.apps.nexuslauncher/com.google.android.apps.nexuslauncher.NexusLauncherActivity#153)/@0x26265d2 applyImmediately: false
03-24 21:16:43.033  1166  1166 D BaseDepthController: shouldBlurWorkspace: false targetState: Normal currentStableState: Normal mCurrentBlur: 0 mLauncher.getDepthBlurTargets(): [com.android.launcher3.Workspace{15786a3 V.ED..... ......ID 0,0-1280,2856 #7f0a049d app:id/workspace}, com.android.launcher3.Hotseat{25c2da0 V.ED..... ......ID 0,2289-1280,2856 #7f0a01ee app:id/hotseat}]
03-24 21:16:43.218  1017  1079 V WindowManagerShell:  animated by com.android.wm.shell.transition.RemoteTransitionHandler@99ba2e0
03-24 21:16:43.278   761   782 V WindowManager: Sent Transition (#13) createdAt=03-24 21:16:37.357 via request=TransitionRequestInfo { type = CLOSE, triggerTask = TaskInfo{userId=0 taskId=8 effectiveUid=10227 displayId=0 isRunning=true baseIntent=Intent { flg=0x10000000 cmp=com.vdigital.volumestream/.platform.activity.MainActivity } baseActivity=ComponentInfo{com.vdigital.volumestream/com.vdigital.volumestream.platform.activity.MainActivity} topActivity=ComponentInfo{com.vdigital.volumestream/com.vdigital.volumestream.platform.activity.MainActivity} origActivity=null realActivity=ComponentInfo{com.vdigital.volumestream/com.vdigital.volumestream.platform.activity.MainActivity} numActivities=2 lastActiveTime=1171700 supportsMultiWindow=true resizeMode=1 isResizeable=true minWidth=-1 minHeight=-1 defaultMinSize=220 token=WCT{RemoteToken{a751648 Task{fe81438 #8 type=standard A=10227:com.vdigital.volumestream}}} topActivityType=1 pictureInPictureParams=null shouldDockBigOverlays=false launchIntoPipHostTaskId=-1 lastParentTaskIdBeforePip=-1 displayCutoutSafeInsets=Rect(156, 0 - 0, 0) topActivityInfo=ActivityInfo{9a1516d com.vdigital.volumestream.platform.activity.MainActivity} launchCookies=[] positionInParent=Point(0, 0) parentTaskId=-1 isFocused=true isVisible=true isVisibleRequested=true isTopActivityNoDisplay=false isSleeping=false locusId=null displayAreaFeatureId=1 isTopActivityTransparent=false isActivityStackTransparent=false lastNonFullscreenBounds=null capturedLink=null capturedLinkTimestamp=0 requestedVisibleTypes=503 topActivityRequestOpenInBrowserEducationTimestamp=0 appCompatTaskInfo=AppCompatTaskInfo { topActivityInSizeCompat=false isLeafTask= true eligibleForLetterboxEducation= false isLetterboxEducationEnabled= true isLetterboxDoubleTapEnabled= false eligibleForUserAspectRatioButton= false topActivityBoundsLetterboxed= false isFromLetterboxDoubleTap= false topActivityLetterboxVerticalPosition= -1 topActivityLetterboxHorizontalPosition= -1 topActivityLetterboxWidth=-1 topActivityLetterboxHeight=-1 topActivityAppBounds=Rect(156, 0 - 2856, 1208) isUserFullscreenOverrideEnabled=false isSystemFullscreenOverrideEnabled=false hasMinAspectRatioOverride=false topActivityLetterboxBounds=null cameraCompatTaskInfo=CameraCompatTaskInfo { cameraCompatMode=undefinedundefined} topNonResizableActivityAspectRatio=-1.0} topActivityMainWindowFrame=null isAppBubble=false}, pipChange = null, remoteTransition = null, displayChange = null, requestedLocation = null, userChange = null, windowingLayerChange = null, flags = 16, debugId = 13 }
03-24 21:16:43.278   761   782 V WindowManager:     startWCT=WindowContainerTransaction { changes= {} hops= [] errorCallbackToken=null taskFragmentOrganizer=null }
03-24 21:16:43.301   761   782 V WindowManager:     info={id=13 t=CLOSE f=0x10 trk=0 r=[0@Point(0, 0)] c=[
03-24 21:16:43.301   761   782 V WindowManager:         {WCT{RemoteToken{8c66660 Task{b35eb2b #1 type=home}}} m=TO_FRONT f=SHOW_WALLPAPER|MOVE_TO_TOP leash=Surface(name=Task=1#44)/@0x88f4f11 sb=Rect(0, 0 - 2856, 1280) eb=Rect(0, 0 - 2856, 1280) epz=Point(2856, 1280) d=0 endFixedRotation=0 taskParent=-1 winMode=1 userId=0},
03-24 21:16:43.301   761   782 V WindowManager:         {WCT{RemoteToken{a751648 Task{fe81438 #8 type=standard A=10227:com.vdigital.volumestream}}} m=TO_BACK f=NONE leash=Surface(name=Task=8#111)/@0x7420876 sb=Rect(0, 0 - 2856, 1280) eb=Rect(0, 0 - 2856, 1280) epz=Point(2856, 1280) d=0 taskParent=-1 winMode=1 userId=0},
03-24 21:16:43.301   761   782 V WindowManager:         {m=TO_FRONT f=IS_WALLPAPER leash=Surface(name=Surface(name=WallpaperWindowToken{b68506d}#60)/@0xbdf7338 - rotation-leash#157)/@0xe9a3603 sb=Rect(0, 0 - 2856, 1280) eb=Rect(0, 0 - 2856, 1280) epz=Point(2856, 1280) d=0}
03-24 21:16:43.301   761   782 V WindowManager:     ]}
03-24 21:16:43.325   761   782 W Looper  : Slow dispatch took 116ms android.fg app=system_server main=false group=FOREGROUND h=android.os.Handler c=com.android.server.wm.TransitionController$Logger@485bfeb m=0
03-24 21:16:43.619  1017  1334 D WallpaperService: onSurfaceRedrawNeeded(android.service.wallpaper.WallpaperService$Engine$1@f33a276): com.android.systemui.wallpapers.ImageWallpaper$CanvasEngine@1c05077
03-24 21:16:43.655  1166  1166 D ModelCallbacks: Calling onCompleteSignal
03-24 21:16:43.655  1166  1166 D ViewOnDrawExecutor: markCompleted ignored: cancelled
03-24 21:16:43.656  1166  1166 D BaseActivity: Launcher flags updated: [state_started|state_resumed|state_deferred_resumed|state_user_active] +[state_deferred_resumed]
03-24 21:16:43.670  1872  4866 I artd    : GetBestInfo: odex next to the dex file (/data/app/~~WEw-qEWCHlUZbloVSQpK4Q==/com.google.android.gms-zScGdJoN6j6usFjBF8E2Dg==/oat/x86_64/base.odex) is kOatUpToDate with filter 'speed-profile' executable 'false'
03-24 21:16:43.716  1166  1166 D ModelCallbacks: Calling onCompleteSignal
03-24 21:16:43.716  1166  1166 D ViewOnDrawExecutor: markCompleted: executing tasks
03-24 21:16:43.732  1166  1166 I Choreographer: Skipped 111 frames!  The application may be doing too much work on its main thread.
03-24 21:16:43.741  1166  1166 D SsBaseTemplateCard: Passed-in item info is null
03-24 21:16:43.742  1166  1166 D SsBaseTemplateCard: Passed-in item info is null
03-24 21:16:43.746  1872  1880 I artd    : GetBestInfo: odex next to the dex file (/data/app/~~WEw-qEWCHlUZbloVSQpK4Q==/com.google.android.gms-zScGdJoN6j6usFjBF8E2Dg==/oat/x86_64/split_AdsDynamite_installtime.odex) is kOatUpToDate with filter 'speed' executable 'false'
03-24 21:16:43.746  1017  1190 I PluginActionManager[com.android.systemui.action.PLUGIN_NOTIFICATION_MENU_ROW]: Found 0 plugins
03-24 21:16:43.746  1166  1166 D SsBaseTemplateCard: Passed-in item info is null
03-24 21:16:43.747  1166  1166 D SsBaseTemplateCard: Passed-in item info is null
03-24 21:16:43.747  1166  1166 I SsBaseTemplateCard: Secondary card pane is null
03-24 21:16:43.755  1166  1659 I HWUI    : Davey! duration=4589ms; Flags=1, FrameTimelineVsyncId=27732, IntendedVsync=1179133249796, Vsync=1181983249682, InputEventId=0, HandleInputStart=1181986708452, AnimationStart=1181986709398, PerformTraversalsStart=1181987265915, DrawStart=1183202326567, FrameDeadline=1179149916462, FrameStartTime=1181984124960, FrameInterval=16666666, WorkloadTarget=16666666, SyncQueued=1183323824482, SyncStart=1183365677851, IssueDrawCommandsStart=1183385023716, SwapBuffers=1183626493106, FrameCompleted=1183764766204, DequeueBufferDuration=7495, QueueBufferDuration=12103691, GpuCompleted=1183764267350, SwapBuffersCompleted=1183764766204, DisplayPresentTime=28429453692043380, CommandSubmissionCompleted=1183626493106, 
03-24 21:16:44.040  1872  1880 I artd    : GetBestInfo: odex next to the dex file (/data/app/~~WEw-qEWCHlUZbloVSQpK4Q==/com.google.android.gms-zScGdJoN6j6usFjBF8E2Dg==/oat/x86_64/split_CronetDynamite_installtime.odex) is kOatUpToDate with filter 'speed' executable 'false'
03-24 21:16:44.128  1164  1299 D SatelliteController: iisInCarrierRoamingNbIotNtn: satellite is disabled
03-24 21:16:44.162  1872  1880 I artd    : GetBestInfo: odex next to the dex file (/data/app/~~WEw-qEWCHlUZbloVSQpK4Q==/com.google.android.gms-zScGdJoN6j6usFjBF8E2Dg==/oat/x86_64/split_DynamiteLoader_installtime.odex) is kOatUpToDate with filter 'speed' executable 'false'
03-24 21:16:44.339  1164  1299 D SatelliteController: getCarrierRoamingNtnConnectType: Falling back to global carrier config connect type: 0
03-24 21:16:44.354  1166  1277 W libbinder.Binder: Binder transaction to android.window.IRemoteTransition code 1 took 1278ms. Data bytes: 16628 Reply bytes: 0 Flags: 17
03-24 21:16:44.354  2427  2516 I DialerAndroidAutoStatusLookupImpl: com.android.dialer.androidautostatuslookup.impl.AndroidAutoStatusLookupImpl.isAndroidAutoConnected:97 Android Auto connected in 0 mode [CONTEXT ratelimit_period="1 MINUTES" skipped=1 ]
03-24 21:16:44.392   601   631 I libbinder.BpBinder: onLastStrongRef automatically unlinking death recipients for descriptor: '(not cached)'
03-24 21:16:44.397  1166  1659 I HWUI    : Davey! duration=2331ms; Flags=0, FrameTimelineVsyncId=27761, IntendedVsync=1181999916348, Vsync=1183849916274, InputEventId=0, HandleInputStart=1183867412476, AnimationStart=1183867413761, PerformTraversalsStart=1183870530863, DrawStart=1183909552664, FrameDeadline=1183783249610, FrameStartTime=1183866217028, FrameInterval=16666666, WorkloadTarget=16666666, SyncQueued=1184240039099, SyncStart=1184298890528, IssueDrawCommandsStart=1184300021741, SwapBuffers=1184333001550, FrameCompleted=1184389789153, DequeueBufferDuration=260846, QueueBufferDuration=5852795, GpuCompleted=1184389186035, SwapBuffersCompleted=1184389789153, DisplayPresentTime=28429453692043380, CommandSubmissionCompleted=1184333001550, 
03-24 21:16:44.420  1872  1880 I artd    : GetBestInfo: odex next to the dex file (/data/app/~~WEw-qEWCHlUZbloVSQpK4Q==/com.google.android.gms-zScGdJoN6j6usFjBF8E2Dg==/oat/x86_64/split_DynamiteModulesA_installtime.odex) is kOatUpToDate with filter 'speed' executable 'false'
03-24 21:16:44.435  2427  2516 I DialerPhoneAndroidCuiMetadataFactory: com.android.dialer.cuilogging.metadata.PhoneAndroidCuiMetadataFactory.create:40 positiveTraceId: 0
03-24 21:16:44.438  2427  2516 I DialerPhoneAndroidCuiMetadataFactory: com.android.dialer.cuilogging.metadata.PhoneAndroidCuiMetadataFactory.create:41 sessionId: fd89fde0-3421-41cd-a2ba-23f80ae59914
03-24 21:16:44.444  1166  1166 I Choreographer: Skipped 41 frames!  The application may be doing too much work on its main thread.
03-24 21:16:44.452  2427  2516 I DialerPhoneAndroidCuiMetadataFactory: com.android.dialer.cuilogging.metadata.PhoneAndroidCuiMetadataFactory.create:51 androidAutoConnectionStatus: ANDROID_AUTO_NOT_CONNECTED_IN_PROJECTION_MODE [CONTEXT ratelimit_period="1 MINUTES" ]
03-24 21:16:44.492  1872  4866 I artd    : GetBestInfo: odex next to the dex file (/data/app/~~WEw-qEWCHlUZbloVSQpK4Q==/com.google.android.gms-zScGdJoN6j6usFjBF8E2Dg==/oat/x86_64/split_DynamiteModulesC_installtime.odex) is kOatUpToDate with filter 'speed' executable 'false'
03-24 21:16:44.549  1166  1659 I HWUI    : Davey! duration=756ms; Flags=0, FrameTimelineVsyncId=27872, IntendedVsync=1183883249606, Vsync=1184566582912, InputEventId=0, HandleInputStart=1184582011306, AnimationStart=1184582014012, PerformTraversalsStart=1184582372369, DrawStart=1184597644585, FrameDeadline=1184416582918, FrameStartTime=1184578844227, FrameInterval=16666666, WorkloadTarget=16666666, SyncQueued=1184598060677, SyncStart=1184610128740, IssueDrawCommandsStart=1184610556661, SwapBuffers=1184635726349, FrameCompleted=1184651836900, DequeueBufferDuration=4244, QueueBufferDuration=648074, GpuCompleted=1184651529987, SwapBuffersCompleted=1184651836900, DisplayPresentTime=32370090479910958, CommandSubmissionCompleted=1184635726349, 
03-24 21:16:44.557  1872  4866 I artd    : GetBestInfo: odex next to the dex file (/data/app/~~WEw-qEWCHlUZbloVSQpK4Q==/com.google.android.gms-zScGdJoN6j6usFjBF8E2Dg==/oat/x86_64/split_GoogleCertificates_installtime.odex) is kOatUpToDate with filter 'speed' executable 'false'
03-24 21:16:44.685  1872  1880 I artd    : GetBestInfo: odex next to the dex file (/data/app/~~WEw-qEWCHlUZbloVSQpK4Q==/com.google.android.gms-zScGdJoN6j6usFjBF8E2Dg==/oat/x86_64/split_MapsDynamite_installtime.odex) is kOatUpToDate with filter 'speed' executable 'false'
03-24 21:16:44.721  2427  2516 I DialerInternalSemanticEventLoggerImpl: com.android.dialer.cui.impl.InternalSemanticEventLoggerImpl.logSemanticEvent:356 Logging failed CUI AutoActivatedVoicemail with result CUI_TIMEOUT to GIL
03-24 21:16:44.723  1166  1166 D LauncherStateManager: StateManager.cancelAnimation: animation ongoing: false, partial trace:
03-24 21:16:44.723  1166  1166 D LauncherStateManager: 	at com.android.launcher3.statemanager.StateManager.setCurrentAnimation(go/retraceme f3a19d912c87c27267cfbc05ba0bc7b202ab72a6648bd76225f5f7e128d94583:18)
03-24 21:16:44.723  1166  1166 D LauncherStateManager: 	at com.android.launcher3.QuickstepTransitionManager.createWallpaperOpenAnimations(go/retraceme f3a19d912c87c27267cfbc05ba0bc7b202ab72a6648bd76225f5f7e128d94583:646)
03-24 21:16:44.723  1166  1166 D LauncherStateManager: 	at com.android.launcher3.QuickstepTransitionManager$WallpaperOpenLauncherAnimationRunner.onAnimationStart(go/retraceme f3a19d912c87c27267cfbc05ba0bc7b202ab72a6648bd76225f5f7e128d94583:96)
03-24 21:16:44.728  1166  1166 D LauncherStateManager: StateManager.createAtomicAnimation: fromState: Normal, toState: Normal, partial trace:
03-24 21:16:44.728  1166  1166 D LauncherStateManager: 	at com.android.quickstep.util.WorkspaceRevealAnim.prepareToAnimate(go/retraceme f3a19d912c87c27267cfbc05ba0bc7b202ab72a6648bd76225f5f7e128d94583:20)
03-24 21:16:44.728  1166  1166 D LauncherStateManager: 	at com.android.quickstep.util.WorkspaceRevealAnim.<init>(go/retraceme f3a19d912c87c27267cfbc05ba0bc7b202ab72a6648bd76225f5f7e128d94583:11)
03-24 21:16:44.728  1166  1166 D LauncherStateManager: 	at com.android.launcher3.QuickstepTransitionManager.createWallpaperOpenAnimations(go/retraceme f3a19d912c87c27267cfbc05ba0bc7b202ab72a6648bd76225f5f7e128d94583:683)
03-24 21:16:44.729  1166  1166 D AllAppsTransitionController: shouldProtectHeader: false skipScrim: true state: Normal stateManager.getState(): Normal
03-24 21:16:44.730  1166  1166 D KeyboardInsetsHandler: removePendingImeController: pendingImeController=null
03-24 21:16:44.740  2427  2476 D WM-Processor: fzi: processing WorkGenerationalId(workSpecId=75d541b3-5862-4c93-be07-6071faa51260, generation=0)
03-24 21:16:44.752  1166  1232 I PluginActionManager[com.android.launcher3.action.PLUGIN_DYNAMIC_RESOURCE]: Found 0 plugins
03-24 21:16:44.763  1166  1166 D b/311077782: LauncherAnimationRunner.setAnimation
03-24 21:16:44.797  1166  1166 D BaseActivity: Launcher flags updated: [state_started|state_resumed|state_deferred_resumed|state_window_focused|state_user_active] +[state_window_focused]
03-24 21:16:44.859  1872  4866 I artd    : GetBestInfo: odex next to the dex file (/data/app/~~WEw-qEWCHlUZbloVSQpK4Q==/com.google.android.gms-zScGdJoN6j6usFjBF8E2Dg==/oat/x86_64/split_MeasurementDynamite_installtime.odex) is kOatUpToDate with filter 'speed' executable 'false'
03-24 21:16:44.976  1872  1880 I artd    : GetBestInfo: odex next to the dex file (/data/app/~~WEw-qEWCHlUZbloVSQpK4Q==/com.google.android.gms-zScGdJoN6j6usFjBF8E2Dg==/oat/x86_64/split_all_locale_splits.odex) is kOatUpToDate with filter 'speed' executable 'false'
03-24 21:16:45.029   761   883 I ImeTracker: com.google.android.apps.nexuslauncher:996dc9f9: onRequestHide at ORIGIN_SERVER reason HIDE_UNSPECIFIED_WINDOW fromUser false
03-24 21:16:45.040  1872  4866 I artd    : GetBestInfo: /data/user_de/0/com.google.android.gms/app_chimera/m/0000000a/dl-TfliteDynamiteDynamite.integ_252130102100800.apk has no usable artifacts
03-24 21:16:45.054  1872  4866 I artd    : GetBestInfo: /data/user_de/0/com.google.android.gms/app_chimera/m/00000001/CronetDynamite.apk has no usable artifacts
03-24 21:16:45.070  1872  4866 I artd    : GetBestInfo: /data/user_de/0/com.google.android.gms/app_chimera/m/00000002/DynamiteLoader.apk has no usable artifacts
03-24 21:16:45.077  1872  4866 I artd    : GetBestInfo: /data/user_de/0/com.google.android.gms/app_chimera/m/00000005/GoogleCertificates.apk has no usable artifacts
03-24 21:16:45.274  1872  4866 I artd    : GetBestInfo: /data/user_de/0/com.google.android.gms/app_chimera/m/0000000f/dl-MlkitOcrCommon.optional_261133100800.apk has no usable artifacts
03-24 21:16:45.489  1872  4866 I artd    : GetBestInfo: /data/user_de/0/com.google.android.gms/app_chimera/m/0000000d/dl-MlkitBarcodeUi.optional_261133100800.apk has no usable artifacts
03-24 21:16:45.571  1872  4866 I artd    : GetBestInfo: vdex next to the dex file (/data/user/0/com.google.android.gms/app_dg_cache/E054CA794C125F959C88D4849C82AB3F226237E6/oat/x86_64/the.vdex) is kOatUpToDate with filter 'verify' executable 'false'
03-24 21:16:45.621  1872  4866 I artd    : GetBestInfo: /data/user_de/0/com.google.android.gms/app_chimera/m/00000007/MeasurementDynamite.apk has no usable artifacts
03-24 21:16:45.661  1166  1166 I Choreographer: Skipped 40 frames!  The application may be doing too much work on its main thread.
03-24 21:16:45.687  1166  1166 D WorkspaceRevealAnim: onAnimationEnd: workspace alpha = 1.0
03-24 21:16:45.778  1872  1880 I artd    : GetBestInfo: /data/user_de/0/com.google.android.gms/app_chimera/m/0000000b/dl-VisionOcr.optional_261133100000.apk has no usable artifacts
03-24 21:16:45.853  1166  1166 D InsetsController: hide(ime())
03-24 21:16:45.861  2945  4993 D WM-ConstraintTracker: qhs: initial state = NetworkState(isConnected=true, isValidated=true, isMetered=false, isNotRoaming=true)
03-24 21:16:45.861  2945  4993 D WM-NetworkStateTracker: Registering network callback
03-24 21:16:45.855  1166  1166 I ImeTracker: com.google.android.apps.nexuslauncher:996dc9f9: onCancelled at PHASE_CLIENT_ALREADY_HIDDEN
03-24 21:16:45.897  1872  1880 I artd    : GetBestInfo: /data/user_de/0/com.google.android.gms/app_chimera/m/0000000c/dl-Appsearch.optional_261133100800.apk has no usable artifacts
03-24 21:16:45.946  1017  1029 V WindowManagerShell: Received remote transition finished callback for (#13)
03-24 21:16:45.979   761   904 I HalDevMgr: bestIfaceCreationProposal is null, requestIface=STA, existingIface=[name=wlan0 type=STA]
03-24 21:16:46.057  1017  1079 V WindowManagerShell: Transition animation finished (aborted=false), notifying core (#13) android.os.BinderProxy@530c62b@0
03-24 21:16:46.072  1872  1880 I artd    : GetBestInfo: /data/user/0/com.google.android.gms/app_dg_cache/0B5F21648920603C6816E0B76773EED17E15FB77/the.apk has no usable artifacts
03-24 21:16:46.096   761  1916 D ConnectivityService: requestNetwork for uid/pid:10154/2945 activeRequest: null callbackRequest: 206 [NetworkRequest [ TRACK_DEFAULT id=207, [ Capabilities: INTERNET&NOT_RESTRICTED&TRUSTED&NOT_VCN_MANAGED&NOT_BANDWIDTH_CONSTRAINED Uid: 10154 RequestorUid: 10154 RequestorPkg: com.google.android.apps.messaging UnderlyingNetworks: Null] ], NetworkRequest [ REQUEST id=208, [ Transports: SATELLITE Capabilities: INTERNET&TRUSTED&NOT_VCN_MANAGED Uid: 10154 RequestorUid: 10154 RequestorPkg: com.google.android.apps.messaging UnderlyingNetworks: Null] ]] callback flags: 0 order: 2147483647 isUidTracked: false declaredMethods: AVAIL|LOST|NC
03-24 21:16:46.110   761   840 W ContentProviderHelper: Slow operation: 217ms so far, now at getContentProviderImpl: after updateOomAdj
03-24 21:16:46.125  1166  1193 I HWUI    : Davey! duration=1016ms; Flags=0, FrameTimelineVsyncId=27938, IntendedVsync=1184783249570, Vsync=1184983249562, InputEventId=0, HandleInputStart=1184989008456, AnimationStart=1184989009281, PerformTraversalsStart=1184994431201, DrawStart=1185063243586, FrameDeadline=1184799916236, FrameStartTime=1184987566056, FrameInterval=16666666, WorkloadTarget=16666666, SyncQueued=1185067490893, SyncStart=1185070044759, IssueDrawCommandsStart=1185070329243, SwapBuffers=1185689807484, FrameCompleted=1185801908458, DequeueBufferDuration=6974, QueueBufferDuration=798332, GpuCompleted=1185801908458, SwapBuffersCompleted=1185790570653, DisplayPresentTime=28147970123825198, CommandSubmissionCompleted=1185689807484, 
03-24 21:16:46.170  1166  1193 I HWUI    : Davey! duration=838ms; Flags=0, FrameTimelineVsyncId=27967, IntendedVsync=1185116582890, Vsync=1185783249530, InputEventId=0, HandleInputStart=1185821387289, AnimationStart=1185821388303, PerformTraversalsStart=1185842542566, DrawStart=1185842590135, FrameDeadline=1185866582860, FrameStartTime=1185795130926, FrameInterval=16666666, WorkloadTarget=16666666, SyncQueued=1185842693852, SyncStart=1185842784339, IssueDrawCommandsStart=1185842958628, SwapBuffers=1185902052484, FrameCompleted=1185955500272, DequeueBufferDuration=29416577, QueueBufferDuration=7695272, GpuCompleted=1185925709840, SwapBuffersCompleted=1185955500272, DisplayPresentTime=261993005056, CommandSubmissionCompleted=1185902052484, 
03-24 21:16:46.181   761   840 W ContentProviderHelper: Slow operation: 288ms so far, now at getContentProviderImpl: done!
03-24 21:16:46.243  1589  1876 I AiAiEcho: Predicting[0]:  [CONTEXT sampling_count=5 ]
03-24 21:16:46.317  2945  4993 D WM-GreedyScheduler: Constraints met: Scheduling work ID WorkGenerationalId(workSpecId=02da67f5-b27e-4512-adab-f47c125d1554, generation=0)
03-24 21:16:46.409   761   782 V WindowManager: Finish Transition (#13): created at 03-24 21:16:37.357 collect-started=0.75ms request-sent=11.39ms started=268.288ms ready=4087.43ms sent=5403.967ms commit=1582.292ms finished=9002.78ms
03-24 21:16:46.427   761  1285 W FastPrintWriter: Write failure
03-24 21:16:46.427   761  1285 W FastPrintWriter: java.io.IOException: write failed: EPIPE (Broken pipe)
03-24 21:16:46.427   761  1285 W FastPrintWriter: 	at libcore.io.IoBridge.write(IoBridge.java:651)
03-24 21:16:46.427   761  1285 W FastPrintWriter: 	at java.io.FileOutputStream.write(FileOutputStream.java:436)
03-24 21:16:46.427   761  1285 W FastPrintWriter: 	at com.android.internal.util.FastPrintWriter.flushBytesLocked(FastPrintWriter.java:355)
03-24 21:16:46.427   761  1285 W FastPrintWriter: 	at com.android.internal.util.FastPrintWriter.flushLocked(FastPrintWriter.java:378)
03-24 21:16:46.427   761  1285 W FastPrintWriter: 	at com.android.internal.util.FastPrintWriter.appendLocked(FastPrintWriter.java:343)
03-24 21:16:46.427   761  1285 W FastPrintWriter: 	at com.android.internal.util.FastPrintWriter.write(FastPrintWriter.java:601)
03-24 21:16:46.427   761  1285 W FastPrintWriter: 	at java.io.PrintWriter.write(PrintWriter.java:507)
03-24 21:16:46.427   761  1285 W FastPrintWriter: 	at android.util.IndentingPrintWriter.write(IndentingPrintWriter.java:238)
03-24 21:16:46.427   761  1285 W FastPrintWriter: 	at java.io.PrintWriter.write(PrintWriter.java:507)
03-24 21:16:46.427   761  1285 W FastPrintWriter: 	at com.android.server.art.IndentingPrintWriter.write(IndentingPrintWriter.java:114)
03-24 21:16:46.427   761  1285 W FastPrintWriter: 	at com.android.server.art.IndentingPrintWriter.write(IndentingPrintWriter.java:89)
03-24 21:16:46.427   761  1285 W FastPrintWriter: 	at java.io.PrintWriter.write(PrintWriter.java:559)
03-24 21:16:46.427   761  1285 W FastPrintWriter: 	at java.io.PrintWriter.append(PrintWriter.java:1089)
03-24 21:16:46.427   761  1285 W FastPrintWriter: 	at java.io.PrintWriter.append(PrintWriter.java:61)
03-24 21:16:46.427   761  1285 W FastPrintWriter: 	at java.util.Formatter$FormatSpecifier.appendJustified(Formatter.java:3253)
03-24 21:16:46.427   761  1285 W FastPrintWriter: 	at java.util.Formatter$FormatSpecifier.print(Formatter.java:3243)
03-24 21:16:46.427   761  1285 W FastPrintWriter: 	at java.util.Formatter$FormatSpecifier.printString(Formatter.java:3216)
03-24 21:16:46.427   761  1285 W FastPrintWriter: 	at java.util.Formatter$FormatSpecifier.print(Formatter.java:3093)
03-24 21:16:46.427   761  1285 W FastPrintWriter: 	at java.util.Formatter.format(Formatter.java:2704)
03-24 21:16:46.427   761  1285 W FastPrintWriter: 	at java.io.PrintWriter.format(PrintWriter.java:992)
03-24 21:16:46.427   761  1285 W FastPrintWriter: 	at java.io.PrintWriter.printf(PrintWriter.java:889)
03-24 21:16:46.427   761  1285 W FastPrintWriter: 	at com.android.server.art.DumpHelper.dumpSecondaryDex(DumpHelper.java:183)
03-24 21:16:46.427   761  1285 W FastPrintWriter: 	at com.android.server.art.DumpHelper.dumpPackage(DumpHelper.java:134)
03-24 21:16:46.427   761  1285 W FastPrintWriter: 	at com.android.server.art.ArtManagerLocal.dumpPackage(ArtManagerLocal.java:1142)
03-24 21:16:46.427   761  1285 W FastPrintWriter: 	at com.android.server.pm.DexOptHelper.dumpDexoptState(DexOptHelper.java:176)
03-24 21:16:46.427   761  1285 W FastPrintWriter: 	at com.android.server.pm.ComputerEngine.dump(ComputerEngine.java:3122)
03-24 21:16:46.427   761  1285 W FastPrintWriter: 	at com.android.server.pm.DumpHelper.doDump(DumpHelper.java:527)
03-24 21:16:46.427   761  1285 W FastPrintWriter: 	at com.android.server.pm.PackageManagerService$IPackageManagerImpl.dump(PackageManagerService.java:6759)
03-24 21:16:46.427   761  1285 W FastPrintWriter: 	at android.os.Binder.doDump(Binder.java:1104)
03-24 21:16:46.427   761  1285 W FastPrintWriter: 	at android.os.Binder.dump(Binder.java:1094)
03-24 21:16:46.427   761  1285 W FastPrintWriter: 	at android.os.Binder.onTransact(Binder.java:940)
03-24 21:16:46.427   761  1285 W FastPrintWriter: 	at android.content.pm.IPackageManager$Stub.onTransact(IPackageManager.java:4666)
03-24 21:16:46.427   761  1285 W FastPrintWriter: 	at com.android.server.pm.PackageManagerService$IPackageManagerImpl.onTransact(PackageManagerService.java:6705)
03-24 21:16:46.427   761  1285 W FastPrintWriter: 	at android.os.Binder.execTransactInternal(Binder.java:1478)
03-24 21:16:46.427   761  1285 W FastPrintWriter: 	at android.os.Binder.execTransact(Binder.java:1418)
03-24 21:16:46.427   761  1285 W FastPrintWriter: Caused by: android.system.ErrnoException: write failed: EPIPE (Broken pipe)
03-24 21:16:46.427   761  1285 W FastPrintWriter: 	at libcore.io.Linux.writeBytes(Native Method)
03-24 21:16:46.427   761  1285 W FastPrintWriter: 	at libcore.io.Linux.write(Linux.java:338)
03-24 21:16:46.427   761  1285 W FastPrintWriter: 	at libcore.io.ForwardingOs.write(ForwardingOs.java:954)
03-24 21:16:46.427   761  1285 W FastPrintWriter: 	at libcore.io.BlockGuardOs.write(BlockGuardOs.java:448)
03-24 21:16:46.427   761  1285 W FastPrintWriter: 	at libcore.io.IoBridge.write(IoBridge.java:646)
03-24 21:16:46.427   761  1285 W FastPrintWriter: 	... 34 more
03-24 21:16:46.440   761  1285 W libbinder.Binder: Binder transaction to android.content.pm.IPackageManager code 1598311760 took 5879ms. Data bytes: 80 Reply bytes: 4 Flags: 16
03-24 21:16:46.466   761  1797 I WindowManager: Display id=0 rotation changed to 0 from 1, lastOrientation=5 userRotationMode=0 userRotation=0 lastSensorRotation=0
03-24 21:16:46.493  1017  1079 V WindowManagerShell: Track 0 became idle
03-24 21:16:46.493  1017  1079 V WindowManagerShell: All active transition animations finished
03-24 21:16:46.493  1589  1876 I AiAiEcho: EchoTargets: 
03-24 21:16:46.493  1589  1876 I AiAiEcho: Filtered by AiAi flag check: 
03-24 21:16:46.493  1589  1876 I AiAiEcho: [CONTEXT ratelimit_period="10 SECONDS" ]
03-24 21:16:46.524  1017  1079 V WindowManagerShell: Transition requested (#14): android.os.BinderProxy@5ec06bf TransitionRequestInfo { type = CHANGE, triggerTask = null, pipChange = null, remoteTransition = null, displayChange = DisplayChange { displayId = 0, startAbsBounds = null, endAbsBounds = null, startRotation = 1, endRotation = 0, physicalDisplayChanged = false, disconnectReparentDisplay = -1 }, requestedLocation = null, userChange = null, windowingLayerChange = null, flags = 0, debugId = 14 }
03-24 21:16:46.552  1017  1079 V ShellDesktopMode: DesktopTasksController: handleRequest request=TransitionRequestInfo { type = CHANGE, triggerTask = null, pipChange = null, remoteTransition = null, displayChange = DisplayChange { displayId = 0, startAbsBounds = null, endAbsBounds = null, startRotation = 1, endRotation = 0, physicalDisplayChanged = false, disconnectReparentDisplay = -1 }, requestedLocation = null, userChange = null, windowingLayerChange = null, flags = 0, debugId = 14 }
03-24 21:16:46.587  1017  1079 V ShellDesktopMode: DesktopTasksController: skipping handleRequest reason=triggerTask is null
03-24 21:16:46.604   761  1285 I ImeTracker: system_server:2a0c2af2: onRequestHide at ORIGIN_SERVER reason IME_REQUESTED_CHANGED_LISTENER fromUser false
03-24 21:16:46.695  1440  1440 I GoogleInputMethodService: GoogleInputMethodService.onFinishInput():2057 
03-24 21:16:46.713  1589  1876 I AiAiEcho: #remoteViewsTwiddler: feature disabled.
03-24 21:16:46.758   761   785 I ImeTracker: system_server:2a0c2af2: onCancelled at PHASE_SERVER_SHOULD_HIDE
03-24 21:16:46.778  2945  3181 D WM-NetworkStateTracker: Network capabilities changed: [ Transports: WIFI Capabilities: NOT_METERED&INTERNET&NOT_RESTRICTED&TRUSTED&NOT_VPN&VALIDATED&NOT_ROAMING&FOREGROUND&NOT_CONGESTED&NOT_SUSPENDED&NOT_VCN_MANAGED&NOT_BANDWIDTH_CONSTRAINED LinkUpBandwidth>=12000Kbps LinkDnBandwidth>=30000Kbps TransportInfo: <SSID: <unknown ssid>, BSSID: 02:00:00:00:00:00, MAC: 02:00:00:00:00:00, IP: /10.0.2.16, Security type: 0, Supplicant state: COMPLETED, Wi-Fi standard: legacy, RSSI: -50, Link speed: 1Mbps, Tx Link speed: 1Mbps, Max Supported Tx Link speed: 11Mbps, Rx Link speed: 2Mbps, Max Supported Rx Link speed: 11Mbps, Frequency: 2447MHz, Net ID: -1, Metered hint: false, score: 83, isUsable: true, CarrierMerged: false, SubscriptionId: -1, IsPrimary: -1, Trusted: true, Restricted: false, Ephemeral: false, OEM paid: false, OEM private: false, OSU AP: false, FQDN: <none>, Provider friendly name: <none>, Requesting package name: <none><none>MLO Information: , Is TID-To-Link negotiation supported by the AP: false, AP MLD Address: <none>, AP MLO Link Id: <none>, AP MLO Affiliated links: <none>, Vendor Data: <none>> SignalStrength: -50 UnderlyingNetworks: Null]
03-24 21:16:46.789   761   914 D ConnectivityService: NetReassign [207 : null → 101] [c 376] [a 203] [i 25]
03-24 21:16:46.806   761   914 D InetDiagMessage: Destroyed 0 sockets, proto=IPPROTO_TCP, family=AF_INET, states=14
03-24 21:16:46.809   761   914 D InetDiagMessage: Destroyed 0 sockets, proto=IPPROTO_TCP, family=AF_INET6, states=14
03-24 21:16:46.810   761   914 D InetDiagMessage: Destroyed live tcp sockets for uids={10227} in 21ms
03-24 21:16:46.817   761   914 D InetDiagMessage: Destroyed 0 sockets, proto=IPPROTO_TCP, family=AF_INET, states=14
03-24 21:16:46.818   761   914 D InetDiagMessage: Destroyed 0 sockets, proto=IPPROTO_TCP, family=AF_INET6, states=14
03-24 21:16:46.818   761   914 D InetDiagMessage: Destroyed live tcp sockets for uids={20227} in 6ms
03-24 21:16:46.974  1440  1440 I Module  : DeviceLockedStatusModuleProvider$Module.updateDeviceLockedStatus():100 repeatCheckTimes = 0, locked = false
03-24 21:16:46.985  2945  4993 D WM-Processor: qcu: processing WorkGenerationalId(workSpecId=02da67f5-b27e-4512-adab-f47c125d1554, generation=0)
03-24 21:16:46.997  1440  1440 W NotificationCenter: NotificationCenter$NotificationQueue.notifyPendingNotificationsOnExecutor():877 Heavy notify work detected on UI thread: [ltj->lse, ltj->guu, ltj->fum, ltj->ngp, ltj->jtc, ltj->jtc, ltj->jtc, ltj->jtc, ltj->jtc, ltj->jtc, ltj->nuz, ltj->lsn, ltj->jtc, ltj->jtc, ltj->jtc, ltj->jtc, ltj->jtc, ltj->kya, ltj->jup, ltj->jtc, ltj->jtc, ltj->jqp, ltj->fwu] takes 198ms
03-24 21:16:47.256  2945  4993 D MddListenableWorkerFactory: createWorker for class: com.google.android.apps.messaging.shared.rcsprovisioning.RcsProvisioningListenableWorker
03-24 21:16:47.300  1440  1440 I GoogleInputMethodService: GoogleInputMethodService.onStartInput():1318 onStartInput(EditorInfo{EditorInfo{packageName=com.google.android.apps.nexuslauncher, inputType=0, inputTypeString=NULL, enableLearning=false, autoCorrection=false, autoComplete=false, imeOptions=0, privateImeOptions=null, actionName=UNSPECIFIED, actionLabel=null, initialSelStart=-1, initialSelEnd=-1, initialCapsMode=0, label=null, fieldId=0, fieldName=null, extras=null, hintText=null, hintLocales=[]}}, false)
03-24 21:16:47.348  1589  1876 I AiAiEcho: #postPredictionTargets: Sending updates to UISurface home with targets# 0 (types=[])
03-24 21:16:47.366   761   815 D BrightnessThermalClamper: Thermal status observer already started
03-24 21:16:47.383   761   785 I DisplayTopology: Display with ID 0 updated, new logical width: 1280, new logicalHeight: 2856, new density: 480
03-24 21:16:47.449  1017  1017 I Choreographer: Skipped 229 frames!  The application may be doing too much work on its main thread.
03-24 21:16:47.494  2945  2945 I Bugle   : BroadcastReceiverAsyncWorkTracker: Acknowledging broadcast of crsu@735b0b6
03-24 21:16:47.527  1440  1440 I Module  : DeviceLockedStatusModuleProvider$Module.updateDeviceLockedStatus():100 repeatCheckTimes = 1, locked = false
03-24 21:16:47.536  1166  1166 D SsBaseTemplateCard: Passed-in item info is null
03-24 21:16:47.536  1166  1166 D SsBaseTemplateCard: Passed-in item info is null
03-24 21:16:47.536  1166  1166 D SsBaseTemplateCard: Passed-in item info is null
03-24 21:16:47.537  1166  1166 D SsBaseTemplateCard: Passed-in item info is null
03-24 21:16:47.537  1166  1166 I SsBaseTemplateCard: Secondary card pane is null
03-24 21:16:47.569  2945  2945 D WM-SystemJobService: onStartJob for WorkGenerationalId(workSpecId=02da67f5-b27e-4512-adab-f47c125d1554, generation=0)
03-24 21:16:47.571  2945  3052 I Bugle   : BroadcastReceiverAsyncWorkTracker: Acknowledging broadcast of crsu@735b0b6
03-24 21:16:47.636  1440  1440 W NotificationCenter: NotificationCenter$NotificationQueue.notifyPendingNotificationsOnExecutor():877 Heavy notify work detected on UI thread: [ltj->lse, ltj->guu, ltj->fum, ltj->ngp, ltj->jtc, ltj->jtc, ltj->jtc, ltj->jtc, ltj->jtc, ltj->jtc, ltj->nuz, ltj->lsn, ltj->jtc, ltj->jtc, ltj->jtc, ltj->jtc, ltj->jtc, ltj->kya, ltj->jup, ltj->jtc, ltj->jtc, ltj->jqp, ltj->fwu] takes 110ms
03-24 21:16:47.657   761   785 I ActivityTaskManager: Config changes=20000480 {1.0 310mcc260mnc [en_US] ldltr sw427dp w427dp h952dp 480dpi nrml long compactNeeded port finger qwerty/v/v dpad/v winConfig={ mBounds=Rect(0, 0 - 1280, 2856) mAppBounds=Rect(0, 0 - 1280, 2856) mMaxBounds=Rect(0, 0 - 1280, 2856) mDisplayRotation=ROTATION_0 mWindowingMode=fullscreen mActivityType=undefined mAlwaysOnTop=undefined mRotation=ROTATION_0} as.2 s.119 fontWeightAdjustment=0}
03-24 21:16:47.712   761   967 D BackgroundInstallControlService: Package event received: 0
03-24 21:16:47.772   761  1285 W PackageConfigPersister: App-specific configuration not found for packageName: com.google.android.apps.nexuslauncher and userId: 0
03-24 21:16:47.799  1440  1440 W NotificationCenter: NotificationCenter$NotificationQueue.notifyPendingNotificationsOnExecutor():877 Heavy notify work detected on UI thread: [ltj->kub] takes 138ms
03-24 21:16:48.252  2427  2427 D WM-WorkerWrapper: Starting work for com.google.apps.tiktok.contrib.work.TikTokListenableWorker
03-24 21:16:48.370   601   694 I libbinder.BpBinder: onLastStrongRef automatically unlinking death recipients for descriptor: '(not cached)'
03-24 21:16:48.892  1017  1017 I Choreographer: Skipped 73 frames!  The application may be doing too much work on its main thread.
03-24 21:16:48.918  2427  2516 I DialerSingletonScopedExternalsLogging: com.google.android.dialershared.externals.logging.SingletonScopedExternalsLogging.recordCallMethodInvocation:75 event: TIKTOK_WORK_EXECUTION_MONITOR_ON_WORK_STARTED, function parameters: [75d541b3-5862-4c93-be07-6071faa51260,com.android.dialer.voicemail.service.impl.VvmTaskWorker], return value: <empty>
03-24 21:16:49.075  1319  1870 W libbinder.Binder: Binder transaction to com.google.android.gms.phenotype.internal.IPhenotypeService code 11 took 1310ms. Data bytes: 532 Reply bytes: 4 Flags: 18
03-24 21:16:49.168  2427  2516 I DialerVvmTaskWorkerDelegate: com.android.dialer.voicemail.service.impl.scheduler.VvmTaskWorker$VvmTaskWorkerDelegate.executeVvmJob:191 Beginning execution of job ID: 3
03-24 21:16:49.199  2427  2516 I DialerSingletonScopedExternalsLogging: com.google.android.dialershared.externals.logging.SingletonScopedExternalsLogging.recordCallMethodInvocation:66 event: VVM_TASK_WORKER_EXECUTE_VVM_JOB, function parameters: [3], return value: <empty> [CONTEXT enable_persistent_logger=true ]
03-24 21:16:49.214   761   904 I HalDevMgr: bestIfaceCreationProposal is null, requestIface=STA, existingIface=[name=wlan0 type=STA]
03-24 21:16:49.556   761   785 D CompatChangeReporter: Compat change id reported: 151861875; UID 10170; state: ENABLED
03-24 21:16:49.560   761   840 I ActivityManager: Force stopping com.vdigital.volumestream appid=10227 user=0: from pid 5003
03-24 21:16:49.573   761   785 D CompatChangeReporter: Compat change id reported: 151861875; UID 10162; state: ENABLED
03-24 21:16:49.574   761   785 D CompatChangeReporter: Compat change id reported: 151861875; UID 10157; state: ENABLED
03-24 21:16:49.963   761   785 I WindowManager: Override config changes=20000480 {1.0 310mcc260mnc [en_US] ldltr sw427dp w427dp h952dp 480dpi nrml long compactNeeded port finger qwerty/v/v dpad/v winConfig={ mBounds=Rect(0, 0 - 1280, 2856) mAppBounds=Rect(0, 0 - 1280, 2856) mMaxBounds=Rect(0, 0 - 1280, 2856) mDisplayRotation=ROTATION_0 mWindowingMode=fullscreen mActivityType=undefined mAlwaysOnTop=undefined mRotation=ROTATION_0} as.2 s.119 fontWeightAdjustment=0} for displayId=0
03-24 21:16:49.992   761   785 W TransitionChain: Combining dispOverCfg into #14(CHANGE|R|0x0) from updateRot
03-24 21:16:50.382   761   785 W libbinder.IPCThreadState: Sending oneway calls to frozen process.
03-24 21:16:50.385   761   785 W libbinder.IPCThreadState: Sending oneway calls to frozen process.
03-24 21:16:50.731  1017  1079 V ShellDesktopMode: DesktopDisplayEventHandler: displayAreaChanged in displayId=0, keyguardLocked=false
03-24 21:16:50.735  1017  1079 V ShellDesktopMode: DesktopDisplayEventHandler: handlePotentialReconnect: No preserved display found for uniqueDisplayId=local:4619827259835644672; aborting.
03-24 21:16:50.735  1017  1079 V ShellDesktopMode: DesktopDisplayEventHandler: createDefaultDesksIfNeeded displays=[0] userId=null
03-24 21:16:50.761  5006  5006 W libbinder.BackendUnifiedServiceManager: Thread Pool max thread count is 0. Cannot cache binder as linkToDeath cannot be implemented. serviceName: package
03-24 21:16:50.840  1561  2305 W libbinder.Binder: Binder transaction to android.app.IApplicationThread code 55 took 1119ms. Data bytes: 396 Reply bytes: 0 Flags: 17
03-24 21:16:50.933  3233  3632 W libbinder.Binder: Binder transaction to android.app.IApplicationThread code 55 took 1171ms. Data bytes: 396 Reply bytes: 0 Flags: 17
03-24 21:16:50.997   761   785 V WindowManager: Defer transition id=14 for TaskFragmentTransaction=android.os.Binder@16ac542
03-24 21:16:51.009   761   785 V WindowManager: deferTransitionReady deferReadyDepth=1 stack=com.android.server.wm.TransitionController.deferTransitionReady:1061 com.android.server.wm.TaskFragmentOrganizerController$TaskFragmentOrganizerState.dispatchTransaction:517 com.android.server.wm.TaskFragmentOrganizerController.dispatchPendingEvents:1259 com.android.server.wm.TaskFragmentOrganizerController.dispatchPendingEvents:1228 com.android.server.wm.RootWindowContainer.performSurfacePlacement:777 
03-24 21:16:51.021   761   785 I InputManager-JNI: Viewport [0] to add: local:4619827259835644672, isActive: true
03-24 21:16:51.030   761  1285 W libbinder.Binder: Binder transaction to android.app.IActivityTaskManager code 74 took 2829ms. Data bytes: 84 Reply bytes: 8 Flags: 16
03-24 21:16:51.049   761   875 I InputReader: Reconfiguring input devices, changes=DISPLAY_INFO
03-24 21:16:51.055   761   875 I InputReader: Touch device 'virtio_input_multi_touch_11' could not query the properties of its associated display.  The device will be inoperable until the display size becomes available.
03-24 21:16:51.055   761   875 I InputReader: Touch device 'virtio_input_multi_touch_10' could not query the properties of its associated display.  The device will be inoperable until the display size becomes available.
03-24 21:16:51.056   761   875 I InputReader: Touch device 'virtio_input_multi_touch_9' could not query the properties of its associated display.  The device will be inoperable until the display size becomes available.
03-24 21:16:51.058   761   875 I InputReader: Touch device 'virtio_input_multi_touch_8' could not query the properties of its associated display.  The device will be inoperable until the display size becomes available.
03-24 21:16:51.058   761   875 I InputReader: Touch device 'virtio_input_multi_touch_7' could not query the properties of its associated display.  The device will be inoperable until the display size becomes available.
03-24 21:16:51.058   761   875 I InputReader: Touch device 'virtio_input_multi_touch_6' could not query the properties of its associated display.  The device will be inoperable until the display size becomes available.
03-24 21:16:51.058   761   875 I InputReader: Touch device 'virtio_input_multi_touch_5' could not query the properties of its associated display.  The device will be inoperable until the display size becomes available.
03-24 21:16:51.058   761   875 I InputReader: Touch device 'virtio_input_multi_touch_4' could not query the properties of its associated display.  The device will be inoperable until the display size becomes available.
03-24 21:16:51.058   761   875 I InputReader: Touch device 'virtio_input_multi_touch_3' could not query the properties of its associated display.  The device will be inoperable until the display size becomes available.
03-24 21:16:51.059   761   875 I InputReader: Touch device 'virtio_input_multi_touch_2' could not query the properties of its associated display.  The device will be inoperable until the display size becomes available.
03-24 21:16:51.221  1017  1079 V ShellDragAndDrop: Display changed: 0
03-24 21:16:51.290  1166  1166 D TaskbarManager: onConfigurationChanged: {1.0 310mcc260mnc [en_US] ldltr sw427dp w427dp h952dp 480dpi nrml long compactNeeded port finger qwerty/v/v dpad/v winConfig={ mBounds=Rect(0, 0 - 1280, 2856) mAppBounds=Rect(0, 0 - 1280, 2856) mMaxBounds=Rect(0, 0 - 1280, 2856) mDisplayRotation=ROTATION_0 mWindowingMode=fullscreen mActivityType=undefined mAlwaysOnTop=undefined mRotation=ROTATION_0} as.2 s.119 fontWeightAdjustment=0} displayId=0 isDefaultDisplay=true
03-24 21:16:51.293  1166  1166 D TaskbarManager: onConfigurationChanged: | configDiff={} displayId=0 isDefaultDisplay=true
03-24 21:16:51.295  1166  1166 D TaskbarManager: onConfigurationChanged: isTaskbarEnabled(dp)=True displayId=0 isDefaultDisplay=true
03-24 21:16:51.299  1166  1166 D TaskbarManager: onConfigurationChanged: call recreateTaskbars displayId=0 isDefaultDisplay=true
03-24 21:16:51.301  1166  1166 D TaskbarManager: recreateTaskbarForDisplay:  displayId=0 isDefaultDisplay=true
03-24 21:16:51.301  1166  1166 D TaskbarManager: recreateTaskbarForDisplay: getting device profile displayId=0 isDefaultDisplay=true
03-24 21:16:51.301  1166  1166 D TaskbarManager: recreateTaskbarForDisplay: destroying taskbar displayId=0 isDefaultDisplay=true
03-24 21:16:51.301  1166  1166 D TaskbarManager: destroyTaskbarForDisplay displayId=0 isDefaultDisplay=true
03-24 21:16:51.108  1541  3079 W libbinder.Binder: Binder transaction to android.app.IApplicationThread code 55 took 1356ms. Data bytes: 396 Reply bytes: 0 Flags: 17
03-24 21:16:51.341  1017  1079 V ShellDesktopMode: DesktopDisplayEventHandler: shouldCreateOrWarmUpDesk skipping displayId=0 reason: desktop ineligible
03-24 21:16:51.351   761   761 W Looper  : Slow dispatch took 1149ms main app=system_server main=true group=FOREGROUND h=android.app.ActivityThread$H c=null m=159
03-24 21:16:51.374  1166  1166 V HandoffSuggestionMetadataLoader: cancelPendingLoads
03-24 21:16:51.374  1166  1166 V HandoffSuggestionList: Clearing Handoff suggestions.
03-24 21:16:51.374  1166  1166 D TaskbarManager: recreateTaskbarForDisplay: isTaskbarEnabled=true [dp != null (i.e. mUserUnlocked)]=true dp.isTaskbarPresent=false isTaskbarEnabled=true displayExists=true displayId=0 isDefaultDisplay=true
03-24 21:16:51.375  1166  1166 D TaskbarManager: recreateTaskbarForDisplay: creating taskbar displayId=0 isDefaultDisplay=true
03-24 21:16:51.471   761   783 W Looper  : Slow dispatch took 160ms android.ui app=system_server main=false group=TOP_APP h=android.os.Handler c=android.hardware.display.DisplayManagerGlobal$DisplayListenerDelegate$$ExternalSyntheticLambda0@b14b290 m=0
03-24 21:16:51.481   761   761 W Looper  : Slow delivery took 366ms main app=system_server main=true group=FOREGROUND h=android.os.Handler c=android.hardware.display.DisplayManagerGlobal$DisplayListenerDelegate$$ExternalSyntheticLambda0@1981789 m=0
03-24 21:16:51.538   761   785 D DisplayManagerService: Sending topology graph to Input Manager: DisplayTopologyGraph{mPrimaryDisplayId=0}
03-24 21:16:51.538   761   785 D DisplayManagerService:   DisplayNode{displayId=0, density=480, bounds=RectF(0.0, 0.0, 426.66666, 952.0)}
03-24 21:16:51.547  2427  2476 D WM-ConstraintTracker: gcp: initial state = NetworkState(isConnected=true, isValidated=true, isMetered=false, isNotRoaming=true)
03-24 21:16:51.575   761  1916 W libbinder.Binder: Binder transaction to android.window.ITaskSnapshotManager code 1 took 2996ms. Data bytes: 104 Reply bytes: 8 Flags: 18
03-24 21:16:51.641   761   783 W Looper  : Slow delivery took 342ms android.ui app=system_server main=false group=TOP_APP h=android.os.Handler c=android.hardware.display.DisplayManagerGlobal$DisplayListenerDelegate$$ExternalSyntheticLambda0@1e3f38e m=0
03-24 21:16:51.650  2427  2476 D WM-NetworkStateTracker: Registering network callback
03-24 21:16:51.711  1171  1783 W libbinder.Binder: Binder transaction to android.app.IApplicationThread code 55 took 1262ms. Data bytes: 396 Reply bytes: 0 Flags: 17
03-24 21:16:51.771  2945  4993 I SQLiteConnection: Long db operation: /data/user/0/com.google.android.apps.messaging/no_backup/androidx.work.workdb
03-24 21:16:51.801   761   761 W Looper  : Slow dispatch took 149ms main app=system_server main=true group=FOREGROUND h=android.os.Handler c=android.hardware.display.DisplayManagerGlobal$DisplayListenerDelegate$$ExternalSyntheticLambda0@1827af m=0
03-24 21:16:51.858  2945  2945 D WM-WorkerWrapper: Starting work for com.google.android.apps.messaging.shared.rcsprovisioning.RcsProvisioningListenableWorker
03-24 21:16:51.869  1017  1079 D ShellSplitScreen: onTaskInfoChanged: taskId=4 taskAct=null stageId=MAIN displayId=0
03-24 21:16:51.895   761  1673 W WindowManager: takeTaskSnapshot: taskId=8 not found or not visible
03-24 21:16:51.909  1017  1079 I Choreographer: Skipped 35 frames!  The application may be doing too much work on its main thread.
03-24 21:16:51.932   761   840 E ActivityManager: Unable to freeze binder for 2788: -11
03-24 21:16:51.935  2945  2945 I BugleRcsWorker: [seqId=2][workId=382c6e4f-c946-48c8-9281-b7dca07f259c] RCS provisioning task has started
03-24 21:16:52.012   761  1916 D ConnectivityService: requestNetwork for uid/pid:10146/2427 activeRequest: null callbackRequest: 209 [NetworkRequest [ REQUEST id=210, [ Capabilities: INTERNET&NOT_RESTRICTED&TRUSTED&NOT_VCN_MANAGED&NOT_BANDWIDTH_CONSTRAINED Uid: 10146 RequestorUid: 10146 RequestorPkg: com.google.android.dialer UnderlyingNetworks: Null] ]] callback flags: 0 order: 2147483647 isUidTracked: false declaredMethods: AVAIL|LOST|NC
03-24 21:16:52.020  2427  5012 I DialerVvmCarrierIdentifierImpl: com.android.dialer.voicemail.service.impl.carriermapping.VvmCarrierIdentifierImpl.getVvmCarrierNameBlocking:101 Looking up carrier name for phone account handle: 1 [CONTEXT ratelimit_period="1 MINUTES" skipped=3 ]
03-24 21:16:52.025  2427  2516 I DialerRestVoicemailEnabledFn: com.android.dialer.voicemail.service.impl.vvmclients.rest.RestVoicemailEnabledFn.isEnabled:67 device is supported, enabling. [CONTEXT ratelimit_period="1 MINUTES" skipped=23 ]
03-24 21:16:52.319  1440  1440 I AppBase : AppBase.onConfigurationChanged():406 onConfigurationChanged() : NewConfig = {1.0 310mcc260mnc [en_US] ldltr sw427dp w427dp h952dp 480dpi nrml long compactNeeded port finger qwerty/v/v dpad/v winConfig={ mBounds=Rect(0, 0 - 1280, 2856) mAppBounds=Rect(0, 0 - 1280, 2856) mMaxBounds=Rect(0, 0 - 1280, 2856) mDisplayRotation=ROTATION_0 mWindowingMode=fullscreen mActivityType=undefined mAlwaysOnTop=undefined mRotation=ROTATION_0} as.2 s.174 fontWeightAdjustment=0}
03-24 21:16:52.495  2945  4994 D WM-Processor: Work WorkGenerationalId(workSpecId=02da67f5-b27e-4512-adab-f47c125d1554, generation=0) is already enqueued for processing
03-24 21:16:52.503  2427  2935 D WM-NetworkStateTracker: Network capabilities changed: [ Transports: WIFI Capabilities: NOT_METERED&INTERNET&NOT_RESTRICTED&TRUSTED&NOT_VPN&VALIDATED&NOT_ROAMING&FOREGROUND&NOT_CONGESTED&NOT_SUSPENDED&NOT_VCN_MANAGED&NOT_BANDWIDTH_CONSTRAINED LinkUpBandwidth>=12000Kbps LinkDnBandwidth>=30000Kbps TransportInfo: <SSID: <unknown ssid>, BSSID: 02:00:00:00:00:00, MAC: 02:00:00:00:00:00, IP: /10.0.2.16, Security type: 0, Supplicant state: COMPLETED, Wi-Fi standard: legacy, RSSI: -50, Link speed: 1Mbps, Tx Link speed: 1Mbps, Max Supported Tx Link speed: 11Mbps, Rx Link speed: 2Mbps, Max Supported Rx Link speed: 11Mbps, Frequency: 2447MHz, Net ID: -1, Metered hint: false, score: 83, isUsable: true, CarrierMerged: false, SubscriptionId: -1, IsPrimary: -1, Trusted: true, Restricted: false, Ephemeral: false, OEM paid: false, OEM private: false, OSU AP: false, FQDN: <none>, Provider friendly name: <none>, Requesting package name: <none><none>MLO Information: , Is TID-To-Link negotiation supported by the AP: false, AP MLD Address: <none>, AP MLO Link Id: <none>, AP MLO Affiliated links: <none>, Vendor Data: <none>> SignalStrength: -50 UnderlyingNetworks: Null]
03-24 21:16:52.398  1633  1669 W libbinder.Binder: Binder transaction to android.app.IApplicationThread code 55 took 2274ms. Data bytes: 396 Reply bytes: 0 Flags: 17
03-24 21:16:52.586   761   840 I ActivityManager: Killing 2788:com.vdigital.volumestream/u0a227 (adj 200): stop com.vdigital.volumestream due to from pid 5003
03-24 21:16:52.610   761   783 W Looper  : Slow dispatch took 327ms android.ui app=system_server main=false group=TOP_APP h=com.android.server.am.ActivityManagerService$UiHandler c=com.android.server.am.UidObserverController$$ExternalSyntheticLambda0@410c6c m=0
03-24 21:16:52.633  1440  1440 I GoogleInputMethodService: GoogleInputMethodService.onConfigurationChanged():1031 onConfigurationChanged() : NewConfig = {1.0 310mcc260mnc [en_US] ldltr sw427dp w427dp h952dp 480dpi nrml long compactNeeded port finger qwerty/v/v dpad/v winConfig={ mBounds=Rect(0, 0 - 1280, 2856) mAppBounds=Rect(0, 0 - 1280, 2856) mMaxBounds=Rect(0, 0 - 1280, 2856) mDisplayRotation=ROTATION_0 mWindowingMode=fullscreen mActivityType=undefined mAlwaysOnTop=undefined mRotation=ROTATION_0} as.2 s.119 fontWeightAdjustment=0}
03-24 21:16:52.658  1440  1440 I GoogleInputMethodService: GoogleInputMethodService.onConfigurationChanged():1032 device real metrics: DisplayMetrics{density=3.0, width=1280, height=2856, scaledDensity=3.0, xdpi=480.0, ydpi=480.0}
03-24 21:16:52.807  1440  1440 I GoogleInputMethodService: GoogleInputMethodService.onConfigurationChanged():1040 Maybe update OEM display config because of configuration change
03-24 21:16:52.908  2427  2605 D WM-GreedyScheduler: Constraints met: Scheduling work ID WorkGenerationalId(workSpecId=75d541b3-5862-4c93-be07-6071faa51260, generation=0)
03-24 21:16:52.942  1440  1440 I InputMethodEntryManager: InputMethodEntryManager.notifyCurrentInputMethodEntryOnContextChanged():550 notifyCurrentInputMethodEntryOnContextChanged()
03-24 21:16:52.972  1440  1440 I InputMethodEntryManager: InputMethodEntryManager.notifyCurrentInputMethodEntryOnContextChanged():571 Notify current input method entry changed on context change
03-24 21:16:53.029   761   914 D ConnectivityService: NetReassign [210 : null → 101] [c 2] [a 346] [i 477]
03-24 21:16:53.042  1440  1440 W NotificationCenter: NotificationCenter$NotificationQueue.notifyPendingNotificationsOnExecutor():877 Heavy notify work detected on UI thread: [lou->keu] takes 27ms
03-24 21:16:53.080  1440  1440 I SystemSubtypesReportModule: SystemSubtypesReportModule$2.onCurrentInputMethodEntryChanged():141 entry: en-US, source: UNSPECIFIED
03-24 21:16:53.107  1440  1440 W NotificationCenter: NotificationCenter$NotificationQueue.notifyPendingNotificationsOnExecutor():877 Heavy notify work detected on UI thread: [lou->nih, lou->mmy] takes 31ms
03-24 21:16:53.120  2427  2529 D WM-GreedyScheduler: Constraints met: Scheduling work ID WorkGenerationalId(workSpecId=aafe6f84-43cb-4f21-adef-50df48d72540, generation=0)
03-24 21:16:53.140  1440  1440 I KeyboardContextProvider: KeyboardContextProvider$KeyboardContextCache.createKeyboardContext():173 createKeyboardContext(): en-US, kpz@82015e7(com.android.inputmethod.latin.LatinIME@abb9e83), {1.0 310mcc260mnc [en_US] ldltr sw427dp w427dp h952dp 480dpi nrml long compactNeeded port finger qwerty/v/v dpad/v winConfig={ mBounds=Rect(0, 0 - 1280, 2856) mAppBounds=Rect(0, 0 - 1280, 2856) mMaxBounds=Rect(0, 0 - 1280, 2856) mDisplayRotation=ROTATION_0 mWindowingMode=fullscreen mActivityType=undefined mAlwaysOnTop=undefined mRotation=ROTATION_0} as.2 s.30 fontWeightAdjustment=0}
03-24 21:16:53.156  2427  2529 D WM-GreedyScheduler: Constraints met: Scheduling work ID WorkGenerationalId(workSpecId=baf11f14-76f7-4803-a27c-ba49b7eb960f, generation=0)
03-24 21:16:53.172  1440  1440 I GoogleInputMethodService: GoogleInputMethodService.onCurrentInputMethodEntryChanged():2305 onCurrentInputMethodEntryChanged(): imeDefsChanged=false, entryLanguageVariantChanged=false, keyboardContextChanged=true
03-24 21:16:53.194  1440  1440 W NotificationCenter: NotificationCenter$NotificationQueue.notifyPendingNotificationsOnExecutor():877 Heavy notify work detected on UI thread: [lou->lrk] takes 85ms
03-24 21:16:53.198  1440  1440 I KeyboardContextProvider: KeyboardContextProvider.setBaseContextAndInvalidKeyboardContextCache():88 setBaseContextAndInvalidKeyboardContextCache(): com.android.inputmethod.latin.LatinIME@abb9e83
03-24 21:16:53.216  1440  1440 I InputMethodEntryManager: InputMethodEntryManager.resetLanguages():2745 resetLanguages(): languages=null, conditionName=orientation
03-24 21:16:53.236  2427  2476 D WM-GreedyScheduler: Constraints met: Scheduling work ID WorkGenerationalId(workSpecId=0689e80f-93a6-43ff-badf-d0f3affc791d, generation=0)
03-24 21:16:53.247  1440  1440 I ImeDefCache: ImeDefCache.clearCacheForLanguages():384 clearCacheForLanguages(): []
03-24 21:16:53.248  1440  1440 I AdditionalImeDefCache: AdditionalImeDefCache.clearAdditionalImeDefsForCondition():425 clearAdditionalImeDefsForCondition() clear additional ImeDefs: []
03-24 21:16:53.248  1440  1440 I InputMethodEntryManager: InputMethodEntryManager.resetLanguages():2756 Clear cache for languages: null, changed=false
03-24 21:16:53.256  1440  1440 I InputMethodEntryManager: InputMethodEntryManager.startLoadingInputMethodEntrySettings():745 Start loading input method entry settings: [LanguageTagVariantTuple{languageTag=en-US, variant=qwerty}]
03-24 21:16:53.304  1440  1440 I InputMethodEntryManager: InputMethodEntryManager.updateInputMethodEntrySettingsLoadingTask():877 update loading task with resetImplicitlyEnabledEntries is false
03-24 21:16:53.305   761   783 W Looper  : Drained
03-24 21:16:53.313  1440  1440 I InputMethodEntryManager: InputMethodEntryManager$4.onSuccess():896 Success load entries: [LanguageTagVariantTuple{languageTag=en-US, variant=qwerty}], resetImplicitlyEnabledEntries=false, initialized=true
03-24 21:16:53.351   761   904 I HalDevMgr: bestIfaceCreationProposal is null, requestIface=STA, existingIface=[name=wlan0 type=STA]
03-24 21:16:53.398   761   840 W ActivityTaskManager: Force removing ActivityRecord{106572129 u0 com.vdigital.volumestream/.platform.activity.MainActivity t8 f}}: app died, no saved state
03-24 21:16:53.428   761   904 D WifiNetworkFactory: got request NetworkRequest [ REQUEST id=210, [ Capabilities: INTERNET&NOT_RESTRICTED&TRUSTED&NOT_VCN_MANAGED&NOT_BANDWIDTH_CONSTRAINED Uid: 10146 RequestorUid: 10146 RequestorPkg: com.google.android.dialer UnderlyingNetworks: Null] ]
03-24 21:16:53.433   761   840 W TransitionChain: Combining appDied into #14(CHANGE|R|0x0) from updateRot
03-24 21:16:53.448  1440  1440 W NotificationCenter: NotificationCenter$NotificationQueue.notifyPendingNotificationsOnExecutor():877 Heavy notify work detected on UI thread: [lpc->lfs, lpc->lpa, lpc->hmj] takes 91ms
03-24 21:16:53.473  1440  1440 I InputMethodEntryManager: InputMethodEntryManager.changeCurrentInputMethodEntry():2956 Set current input method entry: source=UNSPECIFIED, entryChanged=false, lpl{languageTag=en-US, variant=qwerty, hasLocalizedResources=true, conditionCacheKey=_app_first_start_timestamp=1772797126530_bottom_period_popup_slash=false_cache_additional_ime_defs_for_condition_change=false_cache_ime_defs_for_condition_change=false_deprecate_long_press_space_for_ime_picker=false_device=phone_device_size=default_enable_access_points_in_password_number=true_enable_correction_settings_updates=true_enable_flick_symbols=true_enable_more_candidates_view_for_multilingual=false_enable_number_row=false_enable_number_row_in_password=true_enable_pk_simulator=false_enable_pk_simulator_setting=false_enable_preemptive_decode=true_enable_secondary_digits=true_enable_secondary_symbols=false_expressions=normal_four_or_more_letter_rows=false_keyboard_mode=normal_language=en-US_layout_9key_split=false_orientation=portrait_physical_keyboard=qwerty_pref_enable_flick_symbols=false_rtl_layout=false_show_comma_key=true_show_period_key=true_show_secondary_digits=true_show_suggestion_strip=true_show_suggestions=true_split_with_duplicate_keys=true_true=true_variant=qwerty_writing_helper_enable_by_word_revert=false, imeDef.stringId=ime_english_united_states, imeDef.className=com.google.android.apps.inputmethod.libs.latin5.LatinIme, imeDef.languageTag=en-US}
03-24 21:16:53.474  1440  1440 I InputMethodEntryManager: InputMethodEntryManager.loadAdditionalImeDefsForCurrentEntry():2979 loadAdditionalImeDefsForCurrentEntry(): lpl{languageTag=en-US, variant=qwerty, hasLocalizedResources=true, conditionCacheKey=_app_first_start_timestamp=1772797126530_bottom_period_popup_slash=false_cache_additional_ime_defs_for_condition_change=false_cache_ime_defs_for_condition_change=false_deprecate_long_press_space_for_ime_picker=false_device=phone_device_size=default_enable_access_points_in_password_number=true_enable_correction_settings_updates=true_enable_flick_symbols=true_enable_more_candidates_view_for_multilingual=false_enable_number_row=false_enable_number_row_in_password=true_enable_pk_simulator=false_enable_pk_simulator_setting=false_enable_preemptive_decode=true_enable_secondary_digits=true_enable_secondary_symbols=false_expressions=normal_four_or_more_letter_rows=false_keyboard_mode=normal_language=en-US_layout_9key_split=false_orientation=portrait_physical_keyboard=qwerty_pref_enable_flick_symbols=false_rtl_layout=false_show_comma_key=true_show_period_key=true_show_secondary_digits=true_show_suggestion_strip=true_show_suggestions=true_split_with_duplicate_keys=true_true=true_variant=qwerty_writing_helper_enable_by_word_revert=false, imeDef.stringId=ime_english_united_states, imeDef.className=com.google.android.apps.inputmethod.libs.latin5.LatinIme, imeDef.languageTag=en-US}
03-24 21:16:53.485   761   904 D UntrustedWifiNetworkFactory: got request NetworkRequest [ REQUEST id=210, [ Capabilities: INTERNET&NOT_RESTRICTED&TRUSTED&NOT_VCN_MANAGED&NOT_BANDWIDTH_CONSTRAINED Uid: 10146 RequestorUid: 10146 RequestorPkg: com.google.android.dialer UnderlyingNetworks: Null] ]
03-24 21:16:53.486   761   904 D OemPaidWifiNetworkFactory: got request NetworkRequest [ REQUEST id=210, [ Capabilities: INTERNET&NOT_RESTRICTED&TRUSTED&NOT_VCN_MANAGED&NOT_BANDWIDTH_CONSTRAINED Uid: 10146 RequestorUid: 10146 RequestorPkg: com.google.android.dialer UnderlyingNetworks: Null] ]
03-24 21:16:53.489  1440  1440 I InputMethodEntryManager: InputMethodEntryManager$6.onSuccess():2995 Success load additional ImeDefs, entryChanged=false, additionalImeDefsChanged=false, [mir{stringId=password, language=und-Latn-x-password, languageTag=und-Latn-x-password, processedConditions={writing_helper_enable_by_word_revert=false, enable_access_points_in_password_number=true, variant=qwerty, true=true, language=en-US, enable_number_row=true, device=phone, enable_number_row_in_password=true, enable_pk_simulator=false}, className=com.google.android.libraries.inputmethod.ime.password.PasswordIme, label=2132019269, keyEventInterpreter=null, inlineComposing=true, autoCapital=true, announceAutoSelectedCandidate=true, statusIcon=0, indicatorIcon=0, indicatorLabel=null, displayAppCompletions=false, extraValues=mik{}, processors=mkj@fa1e4d9, unacceptableMetaKeys=4098, languageSpecificSettings=0, asciiCapable=false, alwaysShowSuggestions=false, useAsciiPasswordKeyboard=false, keyboardGroupDef=mjs@ac8139c, phenotypeFlagId=0, localizationLanguageTag=null, supportsInlineSuggestion=false}, mir{stringId=number, language=und-Latn-x-number, languageTag=und-Latn-x-number, processedConditions={}, className=com.google.android.libraries.inputmethod.ime.DummyIme, label=2132019211, keyEventInterpreter=null, inlineComposing=true, autoCapital=false, announceAutoSelectedCandidate=false, statusIcon=0, indicatorIcon=0, indicatorLabel=null, displayAppCompletions=false, extraValues=mik{}, processors=mkj@fa1e4d9, unacceptableMetaKeys=4098, languageSpecificSettings=0, asciiCapable=false, alwaysShowSuggestions=false, useAsciiPasswordKeyboard=false, keyboardGroupDef=mjs@67f514c, phenotypeFlagId=0, localizationLanguageTag=null, supportsInlineSuggestion=false}, mir{stringId=number_password, language=und-Latn-x-number-password, languageTag=und-Latn-x-number-password, processedConditions={}, className=com.google.android.libraries.inputmethod.ime.DummyIme, label=2132019212, keyEventInterpreter=null, inlineComposing=true, autoCapital=false, announceAutoSelectedCandidate=false, statusIcon=0, indicatorIcon=0, indicatorLabel=null, displayAppCompletions=false, extraValues=mik{}, processors=mkj@fa1e4d9, unacceptableMetaKeys=4098, languageSpecificSettings=0, asciiCapable=false, alwaysShowSuggestions=false, useAsciiPasswordKeyboard=false, keyboardGroupDef=mjs@bc2f595, phenotypeFlagId=0, localizationLanguageTag=null, supportsInlineSuggestion=false}, mir{stringId=phone_number, language=und-Latn-x-phone-number, languageTag=und-Latn-x-phone-number, processedConditions={}, className=com.google.android.libraries.inputmethod.ime.DummyIme, label=2132019306, keyEventInterpreter=null, inlineComposing=true, autoCapital=false, announceAutoSelectedCandidate=false, statusIcon=0, indicatorIcon=0, indicatorLabel=null, displayAppCompletions=false, extraValues=mik{}, processors=mkj@fa1e4d9, unacceptableMetaKeys=4098, languageSpecificSettings=0, asciiCapable=false, alwaysShowSuggestions=false, useAsciiPasswordKeyboard=false, keyboardGroupDef=mjs@f1426aa, phenotypeFlagId=0, localizationLanguageTag=null, supportsInlineSuggestion=false}, mir{stringId=date_time, language=und-Latn-x-date-time, languageTag=und-Latn-x-date-time, processedConditions={}, className=com.google.android.libraries.inputmethod.ime.DummyIme, label=2132017777, keyEventInterpreter=null, inlineComposing=true, autoCapital=false, announceAutoSelectedCandidate=false, statusIcon=0, indicatorIcon=0, indicatorLabel=null, displayAppCompletions=false, extraValues=mik{}, processors=mkj@fa1e4d9, unacceptableMetaKeys=4098, languageSpecificSettings=0, asciiCapable=false, alwaysShowSuggestions=false, useAsciiPasswordKeyboard=false, keyboardGroupDef=mjs@d8729b, phenotypeFlagId=0, localizationLanguageTag=null, supportsInlineSuggestion=false}]
03-24 21:16:53.489  1440  1440 I InputMethodEntryManager: InputMethodEntryManager.onSuccessLoadingAdditionalImeDefs():3061 Additional ImeDefs have been loaded, maybe notify entry change: false
03-24 21:16:53.490   761   904 D MultiInternetWifiNetworkFactory: got request NetworkRequest [ REQUEST id=210, [ Capabilities: INTERNET&NOT_RESTRICTED&TRUSTED&NOT_VCN_MANAGED&NOT_BANDWIDTH_CONSTRAINED Uid: 10146 RequestorUid: 10146 RequestorPkg: com.google.android.dialer UnderlyingNetworks: Null] ]
03-24 21:16:53.494  1440  1440 I SystemSubtypesReportModule: SystemSubtypesReportModule$2.onCurrentInputMethodEntryChanged():141 entry: en-US, source: UNSPECIFIED
03-24 21:16:53.495  1440  1440 I GoogleInputMethodService: GoogleInputMethodService.onCurrentInputMethodEntryChanged():2305 onCurrentInputMethodEntryChanged(): imeDefsChanged=false, entryLanguageVariantChanged=false, keyboardContextChanged=false
03-24 21:16:53.495  1440  1440 I GoogleInputMethodService: GoogleInputMethodService.onCurrentInputMethodEntryChanged():2323 Skip the entry change as the input method entry is consider as not changed.
03-24 21:16:53.505  1440  1440 W NotificationCenter: NotificationCenter$NotificationQueue.notifyPendingNotificationsOnExecutor():877 Heavy notify work detected on UI thread: [nfs->pfq] takes 293ms
03-24 21:16:53.518  1440  1440 I DeviceModeModule: DeviceModeModule.calculateAndNotify():225 Device mode 'phone' from display metrics 'DisplayMetrics{density=0.0, width=2856, height=1280, scaledDensity=0.0, xdpi=480.0, ydpi=480.0}' or smallestScreenWidthDp: 427
03-24 21:16:53.522  1440  1440 I GoogleInputMethodService: GoogleInputMethodService.onConfigurationChanged():1062 changedMask : 20000480
03-24 21:16:53.522  1440  1440 I GoogleInputMethodService: GoogleInputMethodService.clearInputMethodServiceData():1017 clearInputMethodServiceData for configurationChange
03-24 21:16:53.551   761   840 W ActivityTaskManager: Force removing ActivityRecord{139860885 u0 com.vdigital.volumestream/.platform.activity.MainActivity t8 f}}: app died, no saved state
03-24 21:16:53.552   761   840 W TransitionChain: Combining appDied into #14(CHANGE|R|0x0) from updateRot
03-24 21:16:53.569  2427  2476 D WM-Processor: Work WorkGenerationalId(workSpecId=75d541b3-5862-4c93-be07-6071faa51260, generation=0) is already enqueued for processing
03-24 21:16:53.615  1440  1440 I GoogleInputMethodService: GoogleInputMethodService.discardAllKeyboardViewAndInputView():1232 discardAllKeyboardViewAndInputView()
03-24 21:16:53.626  1440  1440 I AbstractOpenableExtension: AbstractOpenableExtension.maybeDestroyExistingKeyboardGroupManager():534 Destroy existing keyboard group manager in emp
03-24 21:16:53.629  2427  2516 I DialerVvmExecutorImpl: com.android.dialer.voicemail.service.impl.scheduler.VvmExecutorImpl.execute:250 Beginning VVM action: ACTIVATE with retryCount: 3 for ComponentInfo{com.android.phone/com.android.services.telephony.TelephonyConnectionService}, 1, UserHandle{0} [CONTEXT enable_persistent_logger=true ]
03-24 21:16:53.633  1440  1440 I AbstractOpenableExtension: AbstractOpenableExtension.createKeyboardGroupManagerListenableFuture():121 Create keyboard group manager listenable future in emp
03-24 21:16:53.636  1440  1440 I AbstractOpenableExtension: AbstractOpenableExtension.maybeDestroyExistingKeyboardGroupManager():534 Destroy existing keyboard group manager in gvt
03-24 21:16:53.637  1440  1440 I AbstractOpenableExtension: AbstractOpenableExtension.createKeyboardGroupManagerListenableFuture():121 Create keyboard group manager listenable future in gvt
03-24 21:16:53.638  1440  1440 I AbstractOpenableExtension: AbstractOpenableExtension.maybeDestroyExistingKeyboardGroupManager():534 Destroy existing keyboard group manager in gyp
03-24 21:16:53.638  1440  1440 I AbstractOpenableExtension: AbstractOpenableExtension.createKeyboardGroupManagerListenableFuture():121 Create keyboard group manager listenable future in gyp
03-24 21:16:53.658  2427  2476 D WM-Processor: fzi: processing WorkGenerationalId(workSpecId=aafe6f84-43cb-4f21-adef-50df48d72540, generation=0)
03-24 21:16:53.689  1440  1440 I DeviceModeModule: DeviceModeModule.calculateAndNotify():225 Device mode 'phone' from display metrics 'DisplayMetrics{density=0.0, width=1280, height=2856, scaledDensity=0.0, xdpi=480.0, ydpi=480.0}' or smallestScreenWidthDp: 427
03-24 21:16:53.689  1440  1440 I GoogleInputMethodService: GoogleInputMethodService$7.onWindowMetricsChanged():786 windowMetrics: bounds() = Rect(0, 156 - 1280, 2856), insets() = Rect(0, 0 - 0, 0)
03-24 21:16:53.772  2427  2605 D WM-Processor: fzi: processing WorkGenerationalId(workSpecId=baf11f14-76f7-4803-a27c-ba49b7eb960f, generation=0)
03-24 21:16:53.819  2427  2605 D WM-Processor: fzi: processing WorkGenerationalId(workSpecId=0689e80f-93a6-43ff-badf-d0f3affc791d, generation=0)
03-24 21:16:54.067  1440  1440 W NotificationCenter: NotificationCenter$NotificationQueue.notifyPendingNotificationsOnExecutor():877 Heavy notify work detected on UI thread: [pdp->lzy] takes 375ms
03-24 21:16:54.071  1440  1440 I WindowMetricsNotification: WindowMetricsNotification.notify():159 pdp[bounds=Rect(0, 156 - 1280, 2856), insets=Rect(0, 0 - 0, 0), densityDpi=480, smallestScreenWidthDp=427, displayWidth=1280, displayHeight=2856, xdpi=480.0, ydpi=480.0, isTrustable=true, displayId=0]; DisplayMetrics{density=3.0, width=1280, height=2856, scaledDensity=3.0, xdpi=480.0, ydpi=480.0}
03-24 21:16:54.073  1440  1440 I WindowMetricsHelper: WindowMetricsHelper.predictAndNotify():145 Window metrics predicted.
03-24 21:16:54.075  1440  1440 I GoogleInputMethodService: GoogleInputMethodService.initializeInputMethodServiceData():842 initializeInputMethodServiceData for lpl{languageTag=en-US, variant=qwerty, hasLocalizedResources=true, conditionCacheKey=_app_first_start_timestamp=1772797126530_bottom_period_popup_slash=false_cache_additional_ime_defs_for_condition_change=false_cache_ime_defs_for_condition_change=false_deprecate_long_press_space_for_ime_picker=false_device=phone_device_size=default_enable_access_points_in_password_number=true_enable_correction_settings_updates=true_enable_flick_symbols=true_enable_more_candidates_view_for_multilingual=false_enable_number_row=false_enable_number_row_in_password=true_enable_pk_simulator=false_enable_pk_simulator_setting=false_enable_preemptive_decode=true_enable_secondary_digits=true_enable_secondary_symbols=false_expressions=normal_four_or_more_letter_rows=false_keyboard_mode=normal_language=en-US_layout_9key_split=false_orientation=portrait_physical_keyboard=qwerty_pref_enable_flick_symbols=false_rtl_layout=false_show_comma_key=true_show_period_key=true_show_secondary_digits=true_show_suggestion_strip=true_show_suggestions=true_split_with_duplicate_keys=true_true=true_variant=qwerty_writing_helper_enable_by_word_revert=false, imeDef.stringId=ime_english_united_states, imeDef.className=com.google.android.apps.inputmethod.libs.latin5.LatinIme, imeDef.languageTag=en-US}
03-24 21:16:54.077   761   840 W ProcessStats: Tracking association SourceState{7dd7fb5 system/1000 ImpBg #4305} whose proc state 6 is better than process ProcessState{c98cf1b com.google.android.dialer/10146 pkg=com.google.android.dialer} proc state 14 (21 skipped)
03-24 21:16:54.120  1017  1152 W Looper  : Slow dispatch took 1955ms SysUiBg app=com.android.systemui main=false group=FOREGROUND h=android.os.Handler c=android.hardware.display.DisplayManagerGlobal$DisplayListenerDelegate$$ExternalSyntheticLambda0@ddc018e m=0
03-24 21:16:54.298  2427  2427 D WM-WorkerWrapper: Starting work for com.google.apps.tiktok.contrib.work.TikTokListenableWorker
03-24 21:16:54.308  2427  2516 I DialerSingletonScopedExternalsLogging: com.google.android.dialershared.externals.logging.SingletonScopedExternalsLogging.recordCallMethodInvocation:75 event: TIKTOK_WORK_EXECUTION_MONITOR_ON_WORK_STARTED, function parameters: [aafe6f84-43cb-4f21-adef-50df48d72540,com.android.dialer.voicemail.service.impl.VvmTaskWorker], return value: <empty>
03-24 21:16:54.308   761  1208 W FastPrintWriter: Write failure
03-24 21:16:54.308   761  1208 W FastPrintWriter: java.io.IOException: write failed: EPIPE (Broken pipe)
03-24 21:16:54.308   761  1208 W FastPrintWriter: 	at libcore.io.IoBridge.write(IoBridge.java:651)
03-24 21:16:54.308   761  1208 W FastPrintWriter: 	at java.io.FileOutputStream.write(FileOutputStream.java:436)
03-24 21:16:54.308   761  1208 W FastPrintWriter: 	at com.android.internal.util.FastPrintWriter.flushBytesLocked(FastPrintWriter.java:355)
03-24 21:16:54.308   761  1208 W FastPrintWriter: 	at com.android.internal.util.FastPrintWriter.flushLocked(FastPrintWriter.java:378)
03-24 21:16:54.308   761  1208 W FastPrintWriter: 	at com.android.internal.util.FastPrintWriter.appendLocked(FastPrintWriter.java:323)
03-24 21:16:54.308   761  1208 W FastPrintWriter: 	at com.android.internal.util.FastPrintWriter.print(FastPrintWriter.java:500)
03-24 21:16:54.308   761  1208 W FastPrintWriter: 	at java.io.PrintWriter.println(PrintWriter.java:822)
03-24 21:16:54.308   761  1208 W FastPrintWriter: 	at android.util.PrintWriterPrinter.println(PrintWriterPrinter.java:39)
03-24 21:16:54.308   761  1208 W FastPrintWriter: 	at android.content.IntentFilter.dump(IntentFilter.java:2822)
03-24 21:16:54.308   761  1208 W FastPrintWriter: 	at com.android.server.IntentResolver.dumpMap(IntentResolver.java:251)
03-24 21:16:54.308   761  1208 W FastPrintWriter: 	at com.android.server.IntentResolver.dump(IntentResolver.java:305)
03-24 21:16:54.308   761  1208 W FastPrintWriter: 	at com.android.server.pm.resolution.ComponentResolverBase.dumpReceiverResolvers(ComponentResolverBase.java:339)
03-24 21:16:54.308   761  1208 W FastPrintWriter: 	at com.android.server.pm.DumpHelper.doDump(DumpHelper.java:416)
03-24 21:16:54.308   761  1208 W FastPrintWriter: 	at com.android.server.pm.PackageManagerService$IPackageManagerImpl.dump(PackageManagerService.java:6759)
03-24 21:16:54.308   761  1208 W FastPrintWriter: 	at android.os.Binder.doDump(Binder.java:1104)
03-24 21:16:54.308   761  1208 W FastPrintWriter: 	at android.os.Binder.dump(Binder.java:1094)
03-24 21:16:54.308   761  1208 W FastPrintWriter: 	at android.os.Binder.onTransact(Binder.java:940)
03-24 21:16:54.308   761  1208 W FastPrintWriter: 	at android.content.pm.IPackageManager$Stub.onTransact(IPackageManager.java:4666)
03-24 21:16:54.308   761  1208 W FastPrintWriter: 	at com.android.server.pm.PackageManagerService$IPackageManagerImpl.onTransact(PackageManagerService.java:6705)
03-24 21:16:54.308   761  1208 W FastPrintWriter: 	at android.os.Binder.execTransactInternal(Binder.java:1478)
03-24 21:16:54.308   761  1208 W FastPrintWriter: 	at android.os.Binder.execTransact(Binder.java:1418)
03-24 21:16:54.308   761  1208 W FastPrintWriter: Caused by: android.system.ErrnoException: write failed: EPIPE (Broken pipe)
03-24 21:16:54.308   761  1208 W FastPrintWriter: 	at libcore.io.Linux.writeBytes(Native Method)
03-24 21:16:54.308   761  1208 W FastPrintWriter: 	at libcore.io.Linux.write(Linux.java:338)
03-24 21:16:54.308   761  1208 W FastPrintWriter: 	at libcore.io.ForwardingOs.write(ForwardingOs.java:954)
03-24 21:16:54.308   761  1208 W FastPrintWriter: 	at libcore.io.BlockGuardOs.write(BlockGuardOs.java:448)
03-24 21:16:54.308   761  1208 W FastPrintWriter: 	at libcore.io.IoBridge.write(IoBridge.java:646)
03-24 21:16:54.308   761  1208 W FastPrintWriter: 	... 20 more
03-24 21:16:54.317  1164  1299 D SatelliteController: iisInCarrierRoamingNbIotNtn: satellite is disabled
03-24 21:16:54.331  2427  2427 D WM-WorkerWrapper: Starting work for com.google.apps.tiktok.contrib.work.TikTokListenableWorker
03-24 21:16:54.340  2427  2516 I DialerSingletonScopedExternalsLogging: com.google.android.dialershared.externals.logging.SingletonScopedExternalsLogging.recordCallMethodInvocation:75 event: TIKTOK_WORK_EXECUTION_MONITOR_ON_WORK_STARTED, function parameters: [baf11f14-76f7-4803-a27c-ba49b7eb960f,com.android.dialer.voicemail.service.impl.VvmTaskWorker], return value: <empty>
03-24 21:16:54.383  2427  2427 D WM-WorkerWrapper: Starting work for com.google.apps.tiktok.contrib.work.TikTokListenableWorker
03-24 21:16:54.403  2427  2435 W .android.dialer: Suspending all threads took: 5.943ms
03-24 21:16:54.419  2427  2516 I DialerSingletonScopedExternalsLogging: com.google.android.dialershared.externals.logging.SingletonScopedExternalsLogging.recordCallMethodInvocation:75 event: TIKTOK_WORK_EXECUTION_MONITOR_ON_WORK_STARTED, function parameters: [0689e80f-93a6-43ff-badf-d0f3affc791d,com.android.dialer.voicemail.service.impl.VvmTaskWorker], return value: <empty>
03-24 21:16:54.444   761  1916 W libbinder.Binder: Binder transaction to android.app.IActivityManager code 7 took 1284ms. Data bytes: 108 Reply bytes: 8 Flags: 16
03-24 21:16:54.484   761   761 W Looper  : Drained
03-24 21:16:54.504  1164  1299 D SatelliteController: getCarrierRoamingNtnConnectType: Falling back to global carrier config connect type: 0
03-24 21:16:54.510  1166  1166 I ContextualSearchInvoker: Contextual Search invocation failed: no ContextualSearchManager
03-24 21:16:54.513  1166  1166 D StatsLog: LAUNCHER_LAUNCH_ASSISTANT_FAILED_SERVICE_ERROR
03-24 21:16:54.520  1440  5014 I KeyboardGroupDefParser: KeyboardGroupDefParser.parseKeyboardGroupDef():86 parseKeyboardGroupDef() 2132213996 -> 0_resource_name_obfuscated : WaitTime = 10 ms : RunTime = 750 ms
03-24 21:16:54.528  1440  5013 I KeyboardGroupDefParser: KeyboardGroupDefParser.parseKeyboardGroupDef():86 parseKeyboardGroupDef() 2132213993 -> 0_resource_name_obfuscated : WaitTime = 757 ms : RunTime = 134 ms
03-24 21:16:54.565   761   840 I AppsFilter: interaction: PackageSetting{d8d6c6c com.android.microdroid.empty_payload/10216} -> PackageSetting{8a443a8 com.vdigital.volumestream/10227} BLOCKED
03-24 21:16:54.485   597   597 W libbinder.Binder: Binder transaction to android.app.IUidObserver code 1 took 1846ms. Data bytes: 76 Reply bytes: 0 Flags: 17
03-24 21:16:54.601   761  1286 D FileUtils: Rounded bytes from 3115765760 to 4000000000
03-24 21:16:54.621  1440  5014 I KeyboardGroupDefParser: KeyboardGroupDefParser.parseKeyboardGroupDef():86 parseKeyboardGroupDef() 2132213997 -> 0_resource_name_obfuscated : WaitTime = 882 ms : RunTime = 100 ms
03-24 21:16:54.661  1440  1440 I KeyboardThemeProvider: KeyboardThemeProvider.applyKeyboardTheme():27 Apply keyboard theme: theme,!gsf,!pgsans,!pgsf,!use_system_font,BORDER,FLAVOR_DPI=XXHDPI,GOOGLE_ICONS,IS_LIGHT,KEYBOARD_WIDTH_CATEGORY=NORMAL,KEY_BORDER_SHAPE=1,LIGHT_THEME=true,PHYSICAL_DIAGONAL=6.225089,POPUP,SCREEN_SHORTEST_WIDTH=427,SCREEN_SHORTEST_WIDTH_NO_SCALE=427,SW400DP,XXHDPI,bottom4dp,enable_emoji_kitchen_browse_color_v2=true,enable_google_fonts_icons=true,enable_popup_on_keypress=true,keyboard_redesign_google_sans=true,non_linear_scale,noshadow,overlay_builtin_dynamic_color_light_base.binarypb:gm3-light-fffaf8fe-ff4e5e8b-4fee5571778e92b08ff4c2d3d15b9d3f,roundedchip,silkpopup
03-24 21:16:54.680   761   840 W libbinder.Binder: Binder transaction to android.app.IActivityManager code 1598246212 took 5745ms. Data bytes: 216 Reply bytes: 4 Flags: 16
03-24 21:16:54.699  1440  1440 I AndroidIME: InputBundleManager.loadActiveInputBundleId():528 loadActiveInputBundleId: und-Latn-x-password, password
03-24 21:16:54.713   761  1797 W libbinder.Binder: Binder transaction to android.app.IActivityManager code 43 took 5133ms. Data bytes: 604 Reply bytes: 8 Flags: 16
03-24 21:16:54.714   761  1285 W libbinder.Binder: Binder transaction to android.app.IActivityManager code 23 took 3373ms. Data bytes: 104 Reply bytes: 4 Flags: 18
03-24 21:16:54.737  1166  1166 D AlphabeticIndexCompat: computeSectionName: cs: Settings sectionName: S
03-24 21:16:54.743  1319  1870 W libbinder.Binder: Binder transaction to com.google.android.gms.usagereporting.internal.IUsageReportingService code 4 took 1463ms. Data bytes: 212 Reply bytes: 4 Flags: 16
03-24 21:16:54.747   761   785 W BLASTSyncEngine: Sync group 14 timeout
03-24 21:16:54.751   761   785 W BLASTSyncEngine: Sync group 14 timed-out because not ready. If you see this, please file a bug.
03-24 21:16:54.752  1166  1166 D AlphabeticIndexCompat: computeSectionName: cs: Photos sectionName: P
03-24 21:16:54.752   761   785 E Transition: #14 readiness timeout. state=1
03-24 21:16:54.753  1166  1166 D AlphabeticIndexCompat: computeSectionName: cs: Battery sectionName: B
03-24 21:16:54.754  1166  1166 D AlphabeticIndexCompat: computeSectionName: cs: Chrome sectionName: C
03-24 21:16:54.766  1166  1166 D AlphabeticIndexCompat: computeSectionName: cs: Gmail sectionName: G
03-24 21:16:54.766  1166  1166 D AlphabeticIndexCompat: computeSectionName: cs: Drive sectionName: D
03-24 21:16:54.776  1166  1166 D AlphabeticIndexCompat: computeSectionName: cs: Clock sectionName: C
03-24 21:16:54.776  1166  1166 D AlphabeticIndexCompat: computeSectionName: cs: Contacts sectionName: C
03-24 21:16:54.777  1166  1166 D AlphabeticIndexCompat: computeSectionName: cs: Calendar sectionName: C
03-24 21:16:54.783   761   785 E Transition:    met conditions: [{displayConfig:Display{#0 state=ON size=1280x2856 ROTATION_0}IGNORED}, {Legacy: used=true deferDepth=1 group={Display{#0 state=ON size=1280x2856 ROTATION_0}=true}}]
03-24 21:16:54.786  1166  1166 D AlphabeticIndexCompat: computeSectionName: cs: Maps sectionName: M
03-24 21:16:54.787  1166  1166 D AlphabeticIndexCompat: computeSectionName: cs: YouTube Music sectionName: Y
03-24 21:16:54.787  1166  1166 D AlphabeticIndexCompat: computeSectionName: cs: YouTube sectionName: Y
03-24 21:16:54.788  1166  1166 D AlphabeticIndexCompat: computeSectionName: cs: Google sectionName: G
03-24 21:16:54.789  1166  1166 D AlphabeticIndexCompat: computeSectionName: cs: Android System Intelligence sectionName: A
03-24 21:16:54.795  1166  1166 D AlphabeticIndexCompat: computeSectionName: cs: Digital Wellbeing sectionName: D
03-24 21:16:54.797  1166  1166 D AlphabeticIndexCompat: computeSectionName: cs: Conversations sectionName: C
03-24 21:16:54.819  1166  1166 D TaskbarManager: createTaskbarUIControllerForRecentsViewContainer displayId=0 isDefaultDisplay=true
03-24 21:16:54.831  1166  1166 D TaskbarManager: recreateTaskbarForDisplay: adding rootView displayId=0 isDefaultDisplay=true
03-24 21:16:54.831  1166  1166 D TaskbarManager: addTaskbarRootViewToWindow: displayId=0 isDefaultDisplay=true
03-24 21:16:54.832  1166  1166 D TaskbarManager: addTaskbarRootViewToWindow: rootLayout already added! displayId=0 isDefaultDisplay=true
03-24 21:16:54.832  1166  1166 D TaskbarManager: getTaskbarRootLayoutForDisplay: displayId=0 isDefaultDisplay=true
03-24 21:16:54.832  1166  1166 D TaskbarManager: recreateTaskbarForDisplay: adding root layout displayId=0 isDefaultDisplay=true
03-24 21:16:54.835   761   785 E Transition:    unmet conditions: [{task-fragment transaction:TaskFragmentTransaction{token=android.os.Binder@16ac542 changes=[Change{ type=4 },Change{ type=2 }]}IGNORED}]
03-24 21:16:54.891  1440  1966 I SP      : Registering emoticon_content_description.2022081613, url: https://www.gstatic.com/android/keyboard/emoticon_content_desc/202208161305/superpacks_manifest.json, constraints: W:*:*:*, flags: bg, requested: 2022081613, current: 2022081613
03-24 21:16:55.016  1166  1166 D b/254119092: DisplayController#onConfigurationChanged: {1.0 310mcc260mnc [en_US] ldltr sw427dp w427dp h952dp 480dpi nrml long compactNeeded port finger qwerty/v/v dpad/v winConfig={ mBounds=Rect(0, 0 - 1280, 2856) mAppBounds=Rect(0, 0 - 1280, 2856) mMaxBounds=Rect(0, 0 - 1280, 2856) mDisplayRotation=ROTATION_0 mWindowingMode=fullscreen mActivityType=undefined mAlwaysOnTop=undefined mRotation=ROTATION_0} as.2 s.119 fontWeightAdjustment=0}
03-24 21:16:55.080  1319  4629 I SQLiteConnection: Long db operation: /data/user/0/com.google.android.gms/databases/phenotype.db
03-24 21:16:55.324   601   632 I libbinder.BpBinder: onLastStrongRef automatically unlinking death recipients for descriptor: '(not cached)'
03-24 21:16:55.418  1166  1166 D TaskbarManager: onDisplayInfoChanged: Rotation changed displayId=0 isDefaultDisplay=true
03-24 21:16:55.418  1166  1166 D TaskbarManager: recreateTaskbarForDisplay:  displayId=0 isDefaultDisplay=true
03-24 21:16:55.418  1166  1166 D TaskbarManager: recreateTaskbarForDisplay: getting device profile displayId=0 isDefaultDisplay=true
03-24 21:16:55.419  1017  1767 V WindowManagerShell: onTransitionReady(transaction=3268470113657)
03-24 21:16:55.419  1166  1166 D TaskbarManager: recreateTaskbarForDisplay: destroying taskbar displayId=0 isDefaultDisplay=true
03-24 21:16:55.419  1166  1166 D TaskbarManager: destroyTaskbarForDisplay displayId=0 isDefaultDisplay=true
03-24 21:16:55.424  1166  1166 V HandoffSuggestionMetadataLoader: cancelPendingLoads
03-24 21:16:55.424  1166  1166 V HandoffSuggestionList: Clearing Handoff suggestions.
03-24 21:16:55.424  1166  1166 D TaskbarManager: recreateTaskbarForDisplay: isTaskbarEnabled=true [dp != null (i.e. mUserUnlocked)]=true dp.isTaskbarPresent=false isTaskbarEnabled=true displayExists=true displayId=0 isDefaultDisplay=true
03-24 21:16:55.424  1166  1166 D TaskbarManager: recreateTaskbarForDisplay: creating taskbar displayId=0 isDefaultDisplay=true
03-24 21:16:55.437   761   782 W Looper  : Slow dispatch took 229ms android.fg app=system_server main=false group=FOREGROUND h=android.os.Handler c=com.android.server.am.SameProcessApplicationThread$$ExternalSyntheticLambda1@ffa5c3e m=0
03-24 21:16:55.533   761   785 I WindowManager: Blast sync timeout: Window{abb2704 u0 ScreenDecorOverlayBottom}
03-24 21:16:55.533   761   785 I WindowManager: finishDrawing of orientation change: Window{abb2704 u0 ScreenDecorOverlayBottom} 4706ms
03-24 21:16:55.535   761   782 W Looper  : Slow delivery took 409ms android.fg app=system_server main=false group=FOREGROUND h=android.os.Handler c=com.android.server.am.SameProcessApplicationThread$$ExternalSyntheticLambda1@90ae7b5 m=0
03-24 21:16:55.543   761   785 I WindowManager: Blast sync timeout: Window{e718435 u0 ScreenDecorOverlay}
03-24 21:16:55.543   761   785 I WindowManager: finishDrawing of orientation change: Window{e718435 u0 ScreenDecorOverlay} 4716ms
03-24 21:16:55.639  1440  1440 I GoogleInputMethodService: GoogleInputMethodService.onStartInput():1318 onStartInput(EditorInfo{EditorInfo{packageName=com.google.android.apps.nexuslauncher, inputType=0, inputTypeString=NULL, enableLearning=false, autoCorrection=false, autoComplete=false, imeOptions=0, privateImeOptions=null, actionName=UNSPECIFIED, actionLabel=null, initialSelStart=-1, initialSelEnd=-1, initialCapsMode=0, label=null, fieldId=0, fieldName=null, extras=null, hintText=null, hintLocales=[]}}, true)
03-24 21:16:55.653  1440  1440 W SessionManager: SessionManager.beginSession():53 Try to begin an already begun session [INPUT_SESSION], end it first
03-24 21:16:55.667  1440  1440 I Module  : DeviceLockedStatusModuleProvider$Module.updateDeviceLockedStatus():100 repeatCheckTimes = 1, locked = false
03-24 21:16:55.684  1166  1166 I ContextualSearchInvoker: Contextual Search invocation failed: no ContextualSearchManager
03-24 21:16:55.684  1166  1166 D StatsLog: LAUNCHER_LAUNCH_ASSISTANT_FAILED_SERVICE_ERROR
03-24 21:16:55.693   761  1066 W PackageConfigPersister: App-specific configuration not found for packageName: com.google.android.apps.nexuslauncher and userId: 0
03-24 21:16:55.721  1440  1440 I AbstractOpenableExtension: AbstractOpenableExtension$3.onSuccess():552 KeyboardGroupManager destroyed in emp.
03-24 21:16:55.721  1440  1440 I AbstractOpenableExtension: AbstractOpenableExtension$3.onSuccess():552 KeyboardGroupManager destroyed in gvt.
03-24 21:16:55.722  1440  1440 I AbstractOpenableExtension: AbstractOpenableExtension$3.onSuccess():552 KeyboardGroupManager destroyed in gyp.
03-24 21:16:55.748   761   967 D BackgroundInstallControlService: Package event received: 0
03-24 21:16:55.757  1017  1079 D ShellSplitScreen: Updating status bar override leftRight=true currentSplit=1 splitVisible=false overridden=false
03-24 21:16:55.757  1017  1079 D ShellSplitScreen: No change in status bar override state
03-24 21:16:55.764   761   782 V WindowManager: Sent Transition (#14) createdAt=03-24 21:16:46.467 via request=TransitionRequestInfo { type = CHANGE, triggerTask = null, pipChange = null, remoteTransition = null, displayChange = DisplayChange { displayId = 0, startAbsBounds = null, endAbsBounds = null, startRotation = 1, endRotation = 0, physicalDisplayChanged = false, disconnectReparentDisplay = -1 }, requestedLocation = null, userChange = null, windowingLayerChange = null, flags = 0, debugId = 14 }
03-24 21:16:55.764   761   782 V WindowManager:     startWCT=WindowContainerTransaction { changes= {} hops= [] errorCallbackToken=null taskFragmentOrganizer=null }
03-24 21:16:55.779  1166  1166 D AlphabeticIndexCompat: computeSectionName: cs: Settings sectionName: S
03-24 21:16:55.780  1166  1166 D AlphabeticIndexCompat: computeSectionName: cs: Photos sectionName: P
03-24 21:16:55.781  1166  1166 D AlphabeticIndexCompat: computeSectionName: cs: Battery sectionName: B
03-24 21:16:55.781  1166  1166 D AlphabeticIndexCompat: computeSectionName: cs: Chrome sectionName: C
03-24 21:16:55.782  1166  1166 D AlphabeticIndexCompat: computeSectionName: cs: Gmail sectionName: G
03-24 21:16:55.783   761   967 D BackgroundInstallControlService: Package event received: 0
03-24 21:16:55.785  1166  1166 D AlphabeticIndexCompat: computeSectionName: cs: Drive sectionName: D
03-24 21:16:55.785  1166  1166 D AlphabeticIndexCompat: computeSectionName: cs: Clock sectionName: C
03-24 21:16:55.786  1166  1166 D AlphabeticIndexCompat: computeSectionName: cs: Contacts sectionName: C
03-24 21:16:55.786  1166  1166 D AlphabeticIndexCompat: computeSectionName: cs: Calendar sectionName: C
03-24 21:16:55.787  1166  1166 D AlphabeticIndexCompat: computeSectionName: cs: Maps sectionName: M
03-24 21:16:55.787  1166  1166 D AlphabeticIndexCompat: computeSectionName: cs: YouTube Music sectionName: Y
03-24 21:16:55.788  1166  1166 D AlphabeticIndexCompat: computeSectionName: cs: YouTube sectionName: Y
03-24 21:16:55.790  1166  1166 D AlphabeticIndexCompat: computeSectionName: cs: Google sectionName: G
03-24 21:16:55.792  1166  1166 D AlphabeticIndexCompat: computeSectionName: cs: Android System Intelligence sectionName: A
03-24 21:16:55.797   761   782 V WindowManager:     info={id=14 t=CHANGE f=0x0 trk=0 r=[0@Point(0, 0)] c=[
03-24 21:16:55.797   761   782 V WindowManager:         {WCT{RemoteToken{8c66660 Task{b35eb2b #1 type=home}}} m=CHANGE f=SHOW_WALLPAPER p=WCT{RemoteToken{ee9f1b6 DefaultTaskDisplayArea@137857333}} leash=Surface(name=Task=1#44)/@0x88f4f11 sb=Rect(0, 0 - 2856, 1280) eb=Rect(0, 0 - 1280, 2856) epz=Point(1280, 2856) d=0 r=1->0:0 taskParent=-1 winMode=1 userId=0},
03-24 21:16:55.797   761   782 V WindowManager:         {WCT{RemoteToken{ee9f1b6 DefaultTaskDisplayArea@137857333}} m=CHANGE f=SHOW_WALLPAPER|FLAG_IS_TASK_DISPLAY_AREA p=WCT{RemoteToken{a058eb7 AppZoomOut:2:14@198320240}} leash=Surface(name=DefaultTaskDisplayArea#10)/@0x20d95eb sb=Rect(0, 0 - 2856, 1280) eb=Rect(0, 0 - 1280, 2856) epz=Point(1280, 2856) d=0 r=1->0:-1},
03-24 21:16:55.797   761   782 V WindowManager:         {WCT{RemoteToken{a058eb7 AppZoomOut:2:14@198320240}} m=CHANGE f=SHOW_WALLPAPER p=WCT{RemoteToken{e63b624 WindowedMagnification:0:31@3829089}} leash=Surface(name=AppZoomOut:2:14#9)/@0x545853a sb=Rect(0, 0 - 2856, 1280) eb=Rect(0, 0 - 1280, 2856) epz=Point(1280, 2856) d=0 r=1->0:-1},
03-24 21:16:55.797   761   782 V WindowManager:         {WCT{RemoteToken{e63b624 WindowedMagnification:0:31@3829089}} m=CHANGE f=SHOW_WALLPAPER p=WCT{RemoteToken{a25c5b Display{#0 state=ON size=1280x2856 ROTATION_0}}} leash=Surface(name=WindowedMagnification:0:31#3)/@0xb577355 sb=Rect(0, 0 - 2856, 1280) eb=Rect(0, 0 - 1280, 2856) epz=Point(1280, 2856) d=0 r=1->0:-1},
03-24 21:16:55.797   761   782 V WindowManager:         {WCT{RemoteToken{a25c5b Display{#0 state=ON size=1280x2856 ROTATION_0}}} m=CHANGE f=SHOW_WALLPAPER|IS_DISPLAY leash=Surface(name=WindowedMagnification:0:31#3)/@0xb577355 sb=Rect(0, 0 - 2856, 1280) eb=Rect(0, 0 - 1280, 2856) epz=Point(1280, 2856) d=0 r=1->0:3}
03-24 21:16:55.797   761   782 V WindowManager:     ]}
03-24 21:16:55.801  1166  1166 D AlphabeticIndexCompat: computeSectionName: cs: Digital Wellbeing sectionName: D
03-24 21:16:55.802  1166  1166 D AlphabeticIndexCompat: computeSectionName: cs: Conversations sectionName: C
03-24 21:16:55.802  1017  1079 V ShellSplitScreen: Updating status bar for split, no change in state
03-24 21:16:55.806  1166  1166 D TaskbarManager: createTaskbarUIControllerForRecentsViewContainer displayId=0 isDefaultDisplay=true
03-24 21:16:55.807  1166  1166 D TaskbarManager: recreateTaskbarForDisplay: adding rootView displayId=0 isDefaultDisplay=true
03-24 21:16:55.808  1166  1166 D TaskbarManager: addTaskbarRootViewToWindow: displayId=0 isDefaultDisplay=true
03-24 21:16:55.809  1166  1166 D TaskbarManager: addTaskbarRootViewToWindow: rootLayout already added! displayId=0 isDefaultDisplay=true
03-24 21:16:55.809  1166  1166 D TaskbarManager: getTaskbarRootLayoutForDisplay: displayId=0 isDefaultDisplay=true
03-24 21:16:55.809  1166  1166 D TaskbarManager: recreateTaskbarForDisplay: adding root layout displayId=0 isDefaultDisplay=true
03-24 21:16:55.814  1164  1164 D CarrierSvcBindHelper: onHandleForceStop: [com.vdigital.volumestream]
03-24 21:16:55.820  1017  1079 I Choreographer: Skipped 208 frames!  The application may be doing too much work on its main thread.
03-24 21:16:55.846  1017  1079 V WindowManagerShell: onTransitionReady (#14) android.os.BinderProxy@5ec06bf: {id=14 t=CHANGE f=0x0 trk=0 r=[0@Point(0, 0)] c=[
03-24 21:16:55.846  1017  1079 V WindowManagerShell:         {m=CHANGE f=SHOW_WALLPAPER p=WCT{android.os.BinderProxy@1183820} leash=Surface(name=Task=1#44)/@0xfa1daf sb=Rect(0, 0 - 2856, 1280) eb=Rect(0, 0 - 1280, 2856) epz=Point(1280, 2856) d=0 r=1->0:0 taskParent=-1 winMode=1 userId=0},
03-24 21:16:55.846  1017  1079 V WindowManagerShell:         {m=CHANGE f=SHOW_WALLPAPER|FLAG_IS_TASK_DISPLAY_AREA p=WCT{android.os.BinderProxy@e1f70e0} leash=Surface(name=DefaultTaskDisplayArea#10)/@0x3e425bc sb=Rect(0, 0 - 2856, 1280) eb=Rect(0, 0 - 1280, 2856) epz=Point(1280, 2856) d=0 r=1->0:-1},
03-24 21:16:55.846  1017  1079 V WindowManagerShell:         {m=CHANGE f=SHOW_WALLPAPER p=WCT{android.os.BinderProxy@4babb0c} leash=Surface(name=AppZoomOut:2:14#9)/@0x70b8945 sb=Rect(0, 0 - 2856, 1280) eb=Rect(0, 0 - 1280, 2856) epz=Point(1280, 2856) d=0 r=1->0:-1},
03-24 21:16:55.846  1017  1079 V WindowManagerShell:         {m=CHANGE f=SHOW_WALLPAPER p=WCT{android.os.BinderProxy@129d5d9} leash=Surface(name=WindowedMagnification:0:31#3)/@0x41aa89a sb=Rect(0, 0 - 2856, 1280) eb=Rect(0, 0 - 1280, 2856) epz=Point(1280, 2856) d=0 r=1->0:-1},
03-24 21:16:55.846  1017  1079 V WindowManagerShell:         {m=CHANGE f=SHOW_WALLPAPER|IS_DISPLAY leash=Surface(name=WindowedMagnification:0:31#3)/@0x1abe1a8 sb=Rect(0, 0 - 2856, 1280) eb=Rect(0, 0 - 1280, 2856) epz=Point(1280, 2856) d=0 r=1->0:3}
03-24 21:16:55.846  1017  1079 V WindowManagerShell:     ]}
03-24 21:16:55.861  1164  1164 D CarrierSvcBindHelper: No carrier app for: 0
03-24 21:16:55.875  1166  1166 D TFOManager: No activity in overlay, closing
03-24 21:16:55.877  1166  1166 I Choreographer: Skipped 287 frames!  The application may be doing too much work on its main thread.
03-24 21:16:55.880  1166  1166 D BubbleBarView: BubbleBar RTL properties changed, new layoutDirection=0 previous layoutDirection=-1
03-24 21:16:56.020  1017  1079 V WindowManagerShell: Playing animation for (#14) android.os.BinderProxy@5ec06bf@0
03-24 21:16:56.027  1017  1079 V WindowManagerShell: PipTransitionState: Set mIsDisplayChangeScheduled=false
03-24 21:16:56.028  1017  1079 V ShellRecents: RecentsTransitionHandler.startAnimation: no controller found
03-24 21:16:56.029  1017  1079 V ShellDesktopMode: DesktopMixedTransitionHandler: No pending desktop transition
03-24 21:16:56.030  1017  1079 V WindowManagerShell: start default transition animation, info = {id=14 t=CHANGE f=0x0 trk=0 r=[0@Point(0, 0)] c=[{m=CHANGE f=SHOW_WALLPAPER p=WCT{android.os.BinderProxy@1183820} leash=Surface(name=Task=1#44)/@0xfa1daf sb=Rect(0, 0 - 2856, 1280) eb=Rect(0, 0 - 1280, 2856) epz=Point(1280, 2856) d=0 r=1->0:0 taskParent=-1 winMode=1 userId=0},{m=CHANGE f=SHOW_WALLPAPER|FLAG_IS_TASK_DISPLAY_AREA p=WCT{android.os.BinderProxy@e1f70e0} leash=Surface(name=DefaultTaskDisplayArea#10)/@0x3e425bc sb=Rect(0, 0 - 2856, 1280) eb=Rect(0, 0 - 1280, 2856) epz=Point(1280, 2856) d=0 r=1->0:-1},{m=CHANGE f=SHOW_WALLPAPER p=WCT{android.os.BinderProxy@4babb0c} leash=Surface(name=AppZoomOut:2:14#9)/@0x70b8945 sb=Rect(0, 0 - 2856, 1280) eb=Rect(0, 0 - 1280, 2856) epz=Point(1280, 2856) d=0 r=1->0:-1},{m=CHANGE f=SHOW_WALLPAPER p=WCT{android.os.BinderProxy@129d5d9} leash=Surface(name=WindowedMagnification:0:31#3)/@0x41aa89a sb=Rect(0, 0 - 2856, 1280) eb=Rect(0, 0 - 1280, 2856) epz=Point(1280, 2856) d=0 r=1->0:-1},{m=CHANGE f=SHOW_WALLPAPER|IS_DISPLAY leash=Surface(name=WindowedMagnification:0:31#3)/@0x1abe1a8 sb=Rect(0, 0 - 2856, 1280) eb=Rect(0, 0 - 1280, 2856) epz=Point(1280, 2856) d=0 r=1->0:3}]}
03-24 21:16:56.040  1017  1079 V WindowManagerShell: Display is changing, resolve the animation hint.
03-24 21:16:56.040  1017  1079 V WindowManagerShell:   display requests explicit seamless
03-24 21:16:56.069  1017  1079 V WindowManagerShell: Transition animation finished (aborted=false), notifying core (#14) android.os.BinderProxy@5ec06bf@0
03-24 21:16:56.076   761   782 W Looper  : Slow dispatch took 127ms android.fg app=system_server main=false group=FOREGROUND h=android.os.Handler c=com.android.server.am.SameProcessApplicationThread$$ExternalSyntheticLambda1@1f88dfa m=0
03-24 21:16:56.214   761  1066 W WindowManager: Deferred transition id=14 has been continued before the TaskFragmentTransaction=android.os.Binder@16ac542 is finished
03-24 21:16:56.224   761  1066 W Transition: #%d: Condition met too late, already in state=2: {task-fragment transaction:TaskFragmentTransaction{token=android.os.Binder@16ac542 changes=[Change{ type=4 },Change{ type=2 }]}IGNORED}
03-24 21:16:56.243   761   782 V WindowManager: Finish Transition (#14): created at 03-24 21:16:46.467 collect-started=0.229ms request-sent=4.239ms started=489.455ms ready=4257.225ms sent=8655.001ms commit=1084.774ms finished=9773.597ms
03-24 21:16:56.249   761   782 W Looper  : Drained
03-24 21:16:56.280  1017  1152 W Looper  : Slow delivery took 2869ms SysUiBg app=com.android.systemui main=false group=FOREGROUND h=android.os.Handler c=android.hardware.display.DisplayManagerGlobal$DisplayListenerDelegate$$ExternalSyntheticLambda0@fa4343 m=0
03-24 21:16:56.287  1017  1152 W Looper  : Slow dispatch took 1483ms SysUiBg app=com.android.systemui main=false group=FOREGROUND h=android.os.Handler c=android.hardware.display.DisplayManagerGlobal$DisplayListenerDelegate$$ExternalSyntheticLambda0@fa4343 m=0
03-24 21:16:56.335   761   795 W libprocessgroup: Still waiting on process(es) to exit for cgroup /sys/fs/cgroup/apps/uid_10227/pid_2788 after 2706 ms
03-24 21:16:56.336   761   795 E libprocessgroup: Unable to remove cgroup /sys/fs/cgroup/apps/uid_10227/pid_2788: Device or resource busy
03-24 21:16:56.408  1166  1182 I s.nexuslauncher: Background concurrent mark compact GC freed 2612KB AllocSpace bytes, 2(104KB) LOS objects, 49% free, 8137KB/15MB, paused 465.271ms,394.368ms total 14.777s
03-24 21:16:56.522  1166  1166 I Choreographer: Skipped 38 frames!  The application may be doing too much work on its main thread.
03-24 21:16:56.561  1166  1659 I HWUI    : Davey! duration=5416ms; Flags=0, FrameTimelineVsyncId=28971, IntendedVsync=1191216596273, Vsync=1195999929128, InputEventId=0, HandleInputStart=1196013293704, AnimationStart=1196013294662, PerformTraversalsStart=1196014477416, DrawStart=1196535299887, FrameDeadline=1191233262939, FrameStartTime=1196011151055, FrameInterval=16666665, WorkloadTarget=16666666, SyncQueued=1196544050390, SyncStart=1196547368919, IssueDrawCommandsStart=1196568002697, SwapBuffers=1196580221841, FrameCompleted=1196636066435, DequeueBufferDuration=16057189, QueueBufferDuration=11051750, GpuCompleted=1196619180855, SwapBuffersCompleted=1196636066435, DisplayPresentTime=9223372032559809440, CommandSubmissionCompleted=1196580221841, 
03-24 21:16:56.728  1164  1510 W libbinder.Binder: Binder transaction to com.android.internal.telephony.ISub code 5 took 2510ms. Data bytes: 152 Reply bytes: 2368 Flags: 16
03-24 21:16:56.731  1166  1659 I HWUI    : Davey! duration=785ms; Flags=0, FrameTimelineVsyncId=29073, IntendedVsync=1196016593556, Vsync=1196649926826, InputEventId=0, HandleInputStart=1196657711513, AnimationStart=1196657712445, PerformTraversalsStart=1196658319495, DrawStart=1196661685250, FrameDeadline=1196033260222, FrameStartTime=1196656555132, FrameInterval=16666665, WorkloadTarget=16666666, SyncQueued=1196663820750, SyncStart=1196674436831, IssueDrawCommandsStart=1196693025667, SwapBuffers=1196725373737, FrameCompleted=1196812528375, DequeueBufferDuration=5348, QueueBufferDuration=7232184, GpuCompleted=1196811780782, SwapBuffersCompleted=1196812528375, DisplayPresentTime=33214481050107950, CommandSubmissionCompleted=1196725373737, 
03-24 21:16:56.894  1017  1079 V WindowManagerShell: Track 0 became idle
03-24 21:16:56.895  1017  1079 V WindowManagerShell: All active transition animations finished
03-24 21:16:56.896  1017  1079 V WindowManagerShell:  animated by com.android.wm.shell.transition.DefaultTransitionHandler@56020ce
03-24 21:16:56.897  1017  1079 V WindowManagerShell: Track 0 became idle
03-24 21:16:56.897  1017  1079 V WindowManagerShell: All active transition animations finished
03-24 21:16:56.908   761   904 I HalDevMgr: bestIfaceCreationProposal is null, requestIface=STA, existingIface=[name=wlan0 type=STA]
03-24 21:16:56.981  2427  2516 E DialerRestVvmCarrierService: com.android.dialer.voicemail.service.impl.vvmclients.rest.RestVvmCarrierService.getMsisdn:420 Retrieved phone number in an unexpected format: +15551234567 [CONTEXT disable_client_error_logging=true ]
03-24 21:16:56.981  2427  2516 E DialerRestVvmCarrierService: adis: MEDIUM
03-24 21:16:56.981  2427  2516 E DialerRestVvmCarrierService: 	at a.dC(PG:15)
03-24 21:16:56.981  2427  2516 E DialerRestVvmCarrierService: 	at smu.apply(PG:1019)
03-24 21:16:56.981  2427  2516 E DialerRestVvmCarrierService: 	at acnt.apply(PG:13)
03-24 21:16:56.981  2427  2516 E DialerRestVvmCarrierService: 	at advm.d(PG:3)
03-24 21:16:56.981  2427  2516 E DialerRestVvmCarrierService: 	at advn.run(PG:38)
03-24 21:16:56.981  2427  2516 E DialerRestVvmCarrierService: 	at xlk.run(PG:7)
03-24 21:16:56.981  2427  2516 E DialerRestVvmCarrierService: 	at adoy.run(PG:44)
03-24 21:16:56.981  2427  2516 E DialerRestVvmCarrierService: 	at wvj.run(PG:254)
03-24 21:16:56.981  2427  2516 E DialerRestVvmCarrierService: 	at tif.run(PG:267)
03-24 21:16:56.981  2427  2516 E DialerRestVvmCarrierService: 	at java.lang.Thread.run(Thread.java:1563)
03-24 21:16:56.981  2427  2516 E DialerRestVvmCarrierService: 	at xmm.run(PG:61)
03-24 21:16:57.034  2427  2493 I DialerLogcatLoggingBindings: com.android.dialer.logging.logcat.LogcatLoggingBindings.logImpression:54 Impression: ANDROID_API_UNEXPECTED_PHONE_NUMBER_FORMAT
03-24 21:16:57.039  2427  2516 I DialerVvmActivation: com.android.dialer.voicemail.service.impl.vvmclients.rest.VvmActivation.activate:73 activate
03-24 21:16:57.044   761  1746 I WindowManager: finishDrawing of orientation change: Window{3609ac8 u0 Taskbar} 6227ms
03-24 21:16:57.375  1017  1017 I NoBackGesture: Config changed: newConfig={1.0 310mcc260mnc [en_US] ldltr sw427dp w427dp h952dp 480dpi nrml long compactNeeded port finger qwerty/v/v dpad/v winConfig={ mBounds=Rect(0, 0 - 1280, 2856) mAppBounds=Rect(0, 0 - 1280, 2856) mMaxBounds=Rect(0, 0 - 1280, 2856) mDisplayRotation=ROTATION_0 mWindowingMode=fullscreen mActivityType=undefined mAlwaysOnTop=undefined mRotation=ROTATION_0} as.2 s.182 fontWeightAdjustment=0} lastReportedConfig={1.0 310mcc260mnc [en_US] ldltr sw427dp w952dp h427dp 480dpi nrml long compactNeeded land finger qwerty/v/v dpad/v winConfig={ mBounds=Rect(0, 0 - 2856, 1280) mAppBounds=Rect(0, 0 - 2856, 1280) mMaxBounds=Rect(0, 0 - 2856, 1280) mDisplayRotation=ROTATION_90 mWindowingMode=fullscreen mActivityType=undefined mAlwaysOnTop=undefined mRotation=ROTATION_90} as.2 s.112 fontWeightAdjustment=0}
03-24 21:16:57.411  2945  4993 I BugleRcsWorker: [seqId=2][workId=382c6e4f-c946-48c8-9281-b7dca07f259c] Starting StateMachine, trigger is STATE_MACHINE_REPLAY
03-24 21:16:57.418  1166  1166 D RecentsView: onTaskRemoved: 8, not handling task stack changes
03-24 21:16:57.420  1166  1166 D RecentsView: onTaskRemoved: 8, not handling task stack changes
03-24 21:16:57.477  2427  2493 W DialerGbaCredentialProvider: com.android.dialer.voicemail.service.impl.vvmclients.rest.GbaCredentialProvider$1.onAuthenticationFailure:93 GBA failed with reason: 1 [CONTEXT disable_client_error_logging=true ]
03-24 21:16:57.478  2427  2516 I DialerSingletonScopedExternalsLogging: com.google.android.dialershared.externals.logging.SingletonScopedExternalsLogging.recordCallMethodInvocation:75 event: TELEPHONY_BOOTSTRAP_AUTHENTICATION_REQUEST, function parameters: [], return value: Default
03-24 21:16:57.497   761  1285 W libbinder.Binder: Binder transaction to android.view.accessibility.IAccessibilityManager code 22 took 1489ms. Data bytes: 120 Reply bytes: 0 Flags: 17
03-24 21:16:57.528  2945  4993 I BugleRcsEngine: start PEv2, trigger is STATE_MACHINE_REPLAY, workerId is 382c6e4f-c946-48c8-9281-b7dca07f259c [1dd7c587-2966-475c-b7a2-86ac85fec7a8] [CONTEXT log_prefix="(PEv2-SM-Bugle-259393816)" thread_id=144 ]
03-24 21:16:57.561  1017  1152 W Looper  : Slow dispatch took 1272ms SysUiBg app=com.android.systemui main=false group=FOREGROUND h=android.os.Handler c=android.hardware.display.DisplayManagerGlobal$DisplayListenerDelegate$$ExternalSyntheticLambda0@3df3dc0 m=0
03-24 21:16:57.576  1017  1079 V ShellTaskOrganizer: Task vanished taskId=8
03-24 21:16:57.577  2427  2516 I DialerVoicemailStatusDataServiceImpl: com.android.dialer.voicemailstatus.dataservice.impl.VoicemailStatusDataServiceImpl.insertOrUpdateVoicemailStatus:247 enter
03-24 21:16:57.578  1017  1017 I NoBackGesture: NavbarController: newConfig={1.0 310mcc260mnc [en_US] ldltr sw427dp w427dp h952dp 480dpi nrml long compactNeeded port finger qwerty/v/v dpad/v winConfig={ mBounds=Rect(0, 0 - 1280, 2856) mAppBounds=Rect(0, 0 - 1280, 2856) mMaxBounds=Rect(0, 0 - 1280, 2856) mDisplayRotation=ROTATION_0 mWindowingMode=fullscreen mActivityType=undefined mAlwaysOnTop=undefined mRotation=ROTATION_0} as.2 s.182 fontWeightAdjustment=0} mTaskbarDelegate initialized=true willApplyConfigToNavbars=false navBarCount=0
03-24 21:16:57.598  1017  1079 V ShellTaskOrganizer: Fullscreen Task Vanished: #8
03-24 21:16:57.606  1017  1203 W Looper  : Slow delivery took 1048ms BroadcastRunning app=com.android.systemui main=false group=FOREGROUND h=android.os.Handler c=android.app.LoadedApk$ReceiverDispatcher$Args$$ExternalSyntheticLambda0@d5dfaf9 m=0
03-24 21:16:57.731  2945  4993 I BugleRcsEngine: Created new RcsProvisioningProtoDataStorage for sim redacted-pii:sim_id[chars:20,last3:897] [CONTEXT thread_id=144 ]
03-24 21:16:57.948  2945  4993 I BugleRcsEngine: No RCS Configuration was found in Bugle for simID: redacted-pii:sim_id[chars:20,last3:897] [CONTEXT log_prefix="ProvisioningEngineDataRetriever" thread_id=144 ]
03-24 21:16:57.984  1017  1079 V ShellDesktopMode: Task Vanished: #8 closed=true
03-24 21:16:58.036  1166  1185 W System  : A resource failed to call release. 
03-24 21:16:58.178  1166  1185 W System  : A resource failed to call release. 
03-24 21:16:58.179  1166  1185 W System  : A resource failed to call release. 
03-24 21:16:58.179  1166  1185 W System  : A resource failed to call release. 
03-24 21:16:58.188   761  1916 D WifiNl80211Manager: Scan result ready event
03-24 21:16:58.188   761  1916 D WifiNative: Scan result ready event
03-24 21:16:58.265  1440  1984 W LatinCommonMetricsProcessor: LatinCommonMetricsProcessor.processInputMethodEntryChanged():2426 The new entry is equal to the old entry
03-24 21:16:58.279   761   785 I AsyncRotation: Async rotation timeout: unfinished windows {WindowToken{ac150cf type=2000 android.os.BinderProxy@96b93a9}=Operation{a=2 pending=false}}
03-24 21:16:58.382  1166  1166 D b/417220811: invalidateLoadedTasks - previous requestLoadId: -1
03-24 21:16:58.397  1017  1079 D ShellDesktopMode: AppToWebRepository: Task 8 is vanishing. Removing task data from repository
03-24 21:16:58.408  2945  4994 I StateMachineV2: State transition requested, from null to 24
03-24 21:16:58.439  2945  4994 I StateMachineV2: Entering dgls@c975f71
03-24 21:16:58.457  2945  4994 I BugleRcsEngine: Enter ReplayRequestState [1dd7c587-2966-475c-b7a2-86ac85fec7a8] [CONTEXT log_prefix="(PEv2-SM-Bugle-259393816)" thread_id=145 ]
03-24 21:16:58.697  1319  1338 I WifiScanner: onFullResults
03-24 21:16:58.727  1319  2295 I WifiScanner: onFullResults
03-24 21:16:58.735   761   904 I HalDevMgr: bestIfaceCreationProposal is null, requestIface=STA, existingIface=[name=wlan0 type=STA]
03-24 21:16:58.882  1017  1079 V AppCompat: SingleSurfaceLetterboxController: []
03-24 21:16:58.883  1017  1079 V AppCompat: MultiSurfaceLetterboxController: []
03-24 21:16:58.883  1017  1079 V AppCompat: LetterboxInputController: []
03-24 21:16:58.883  1017  1079 V AppCompat: RoundedCornersLetterboxController: {}
03-24 21:16:58.896  2945  4994 W BugleRcsEngine: Unable to send diagnostic log [CONTEXT thread_id=145 ]
03-24 21:16:58.902  1121  1129 W rkstack.process: Suspending all threads took: 19.498ms
03-24 21:16:58.940  2945  4994 I StateMachineV2: Queuing delayed 9 for PT5M
03-24 21:16:58.949  1017  1079 D Bubbles : update positioner: insets=Insets{left=0, top=156, right=0, bottom=72} largeScreen=false smallTablet=false isBubbleBar=false bounds=Rect(0, 0 - 1280, 2856)
03-24 21:16:58.981  1440  1966 I SP      : Syncing emoticon_content_description (2022081613) with slices: [7a635888cb828dfa2fc744b7b9b50f04], metadata: false
03-24 21:17:00.436  1872  1880 I artd    : GetBestInfo: odex next to the dex file (/data/app/~~WEw-qEWCHlUZbloVSQpK4Q==/com.google.android.gms-zScGdJoN6j6usFjBF8E2Dg==/oat/x86_64/base.odex) is kOatUpToDate with filter 'speed-profile' executable 'false'
03-24 21:17:00.529  1017  1017 D ShadeStateTraceLogger: New configuration change from Shade window. smallestScreenWidthDp: 427, densityDpi: 480
03-24 21:17:00.567  1319  4629 I SQLiteConnection: Long db operation: /data/user/0/com.google.android.gms/databases/phenotype.db
03-24 21:17:00.748  1872  1880 I artd    : GetBestInfo: odex next to the dex file (/data/app/~~WEw-qEWCHlUZbloVSQpK4Q==/com.google.android.gms-zScGdJoN6j6usFjBF8E2Dg==/oat/x86_64/split_AdsDynamite_installtime.odex) is kOatUpToDate with filter 'speed' executable 'false'
03-24 21:17:00.793  1319  1870 W libbinder.Binder: Binder transaction to com.google.android.gms.usagereporting.internal.IUsageReportingService code 2 took 6020ms. Data bytes: 184 Reply bytes: 4 Flags: 16
03-24 21:17:00.808  1121  1223 E SystemServiceRegistry: No service published for: ethernet
03-24 21:17:00.808  1121  1223 E SystemServiceRegistry: android.os.ServiceManager$ServiceNotFoundException: No service published for: ethernet
03-24 21:17:00.808  1121  1223 E SystemServiceRegistry: 	at android.os.ServiceManager.getServiceOrThrow(ServiceManager.java:203)
03-24 21:17:00.808  1121  1223 E SystemServiceRegistry: 	at android.app.SystemServiceRegistry$156.createService(SystemServiceRegistry.java:2418)
03-24 21:17:00.808  1121  1223 E SystemServiceRegistry: 	at android.app.SystemServiceRegistry$CachedServiceFetcher.getService(SystemServiceRegistry.java:2531)
03-24 21:17:00.808  1121  1223 E SystemServiceRegistry: 	at android.app.SystemServiceRegistry.getSystemService(SystemServiceRegistry.java:2063)
03-24 21:17:00.808  1121  1223 E SystemServiceRegistry: 	at android.app.ContextImpl.getSystemService(ContextImpl.java:2434)
03-24 21:17:00.808  1121  1223 E SystemServiceRegistry: 	at android.content.ContextWrapper.getSystemService(ContextWrapper.java:991)
03-24 21:17:00.808  1121  1223 E SystemServiceRegistry: 	at com.android.networkstack.tethering.Tethering.isEthernetSupported(Tethering.java:1853)
03-24 21:17:00.808  1121  1223 E SystemServiceRegistry: 	at com.android.networkstack.tethering.Tethering.makeSupportedDownstreams(Tethering.java:2834)
03-24 21:17:00.808  1121  1223 E SystemServiceRegistry: 	at com.android.networkstack.tethering.Tethering.updateSupportedDownstreams(Tethering.java:2808)
03-24 21:17:00.808  1121  1223 E SystemServiceRegistry: 	at com.android.networkstack.tethering.Tethering.updateConfiguration(Tethering.java:561)
03-24 21:17:00.808  1121  1223 E SystemServiceRegistry: 	at com.android.networkstack.tethering.Tethering.-$$Nest$mupdateConfiguration(Tethering.java:0)
03-24 21:17:00.808  1121  1223 E SystemServiceRegistry: 	at com.android.networkstack.tethering.Tethering$StateReceiver.onReceive(Tethering.java:1376)
03-24 21:17:00.808  1121  1223 E SystemServiceRegistry: 	at android.app.LoadedApk$ReceiverDispatcher$Args.lambda$getRunnable$0(LoadedApk.java:1931)
03-24 21:17:00.808  1121  1223 E SystemServiceRegistry: 	at android.app.LoadedApk$ReceiverDispatcher$Args.$r8$lambda$mcNAAl1SQ4MyJPyDg8TJ2x2h0Rk(Unknown Source:0)
03-24 21:17:00.808  1121  1223 E SystemServiceRegistry: 	at android.app.LoadedApk$ReceiverDispatcher$Args$$ExternalSyntheticLambda0.run(D8$$SyntheticClass:0)
03-24 21:17:00.808  1121  1223 E SystemServiceRegistry: 	at android.os.Handler.handleCallback(Handler.java:1070)
03-24 21:17:00.808  1121  1223 E SystemServiceRegistry: 	at android.os.Handler.dispatchMessage(Handler.java:125)
03-24 21:17:00.808  1121  1223 E SystemServiceRegistry: 	at android.os.Looper.dispatchMessage(Looper.java:333)
03-24 21:17:00.808  1121  1223 E SystemServiceRegistry: 	at android.os.Looper.loopOnce(Looper.java:263)
03-24 21:17:00.808  1121  1223 E SystemServiceRegistry: 	at android.os.Looper.loop(Looper.java:367)
03-24 21:17:00.808  1121  1223 E SystemServiceRegistry: 	at android.os.HandlerThread.run(HandlerThread.java:139)
03-24 21:17:00.824   761   904 I HalDevMgr: bestIfaceCreationProposal is null, requestIface=STA, existingIface=[name=wlan0 type=STA]
03-24 21:17:00.834  2427  2435 W .android.dialer: Suspending all threads took: 8.219ms
03-24 21:17:00.848  1872  1880 I artd    : GetBestInfo: odex next to the dex file (/data/app/~~WEw-qEWCHlUZbloVSQpK4Q==/com.google.android.gms-zScGdJoN6j6usFjBF8E2Dg==/oat/x86_64/split_CronetDynamite_installtime.odex) is kOatUpToDate with filter 'speed' executable 'false'
03-24 21:17:00.882  1872  1880 I artd    : GetBestInfo: odex next to the dex file (/data/app/~~WEw-qEWCHlUZbloVSQpK4Q==/com.google.android.gms-zScGdJoN6j6usFjBF8E2Dg==/oat/x86_64/split_DynamiteLoader_installtime.odex) is kOatUpToDate with filter 'speed' executable 'false'
03-24 21:17:00.921  1872  1880 I artd    : GetBestInfo: odex next to the dex file (/data/app/~~WEw-qEWCHlUZbloVSQpK4Q==/com.google.android.gms-zScGdJoN6j6usFjBF8E2Dg==/oat/x86_64/split_DynamiteModulesA_installtime.odex) is kOatUpToDate with filter 'speed' executable 'false'
03-24 21:17:00.965  5018  5018 W libbinder.BackendUnifiedServiceManager: Thread Pool max thread count is 0. Cannot cache binder as linkToDeath cannot be implemented. serviceName: package
03-24 21:17:01.005  1872  1880 I artd    : GetBestInfo: odex next to the dex file (/data/app/~~WEw-qEWCHlUZbloVSQpK4Q==/com.google.android.gms-zScGdJoN6j6usFjBF8E2Dg==/oat/x86_64/split_DynamiteModulesC_installtime.odex) is kOatUpToDate with filter 'speed' executable 'false'
03-24 21:17:01.049   761   761 W Looper  : Slow dispatch took 379ms main app=system_server main=true group=FOREGROUND h=com.android.server.alarm.AlarmManagerService$AlarmHandler c=com.android.server.alarm.AlarmManagerService$2$$ExternalSyntheticLambda0@f51ecf4 m=0
03-24 21:17:01.189  1872  4866 I artd    : GetBestInfo: odex next to the dex file (/data/app/~~WEw-qEWCHlUZbloVSQpK4Q==/com.google.android.gms-zScGdJoN6j6usFjBF8E2Dg==/oat/x86_64/split_GoogleCertificates_installtime.odex) is kOatUpToDate with filter 'speed' executable 'false'
03-24 21:17:01.228  1164  2643 W libbinder.Binder: Binder transaction to com.android.internal.telephony.ITelephony code 97 took 1378ms. Data bytes: 104 Reply bytes: 8 Flags: 16
03-24 21:17:01.330  1319  1342 W libbinder.Binder: Binder transaction to com.google.android.gms.common.internal.IGmsServiceBroker code 46 took 4549ms. Data bytes: 412 Reply bytes: 4 Flags: 18
03-24 21:17:01.432  1872  4866 I artd    : GetBestInfo: odex next to the dex file (/data/app/~~WEw-qEWCHlUZbloVSQpK4Q==/com.google.android.gms-zScGdJoN6j6usFjBF8E2Dg==/oat/x86_64/split_MapsDynamite_installtime.odex) is kOatUpToDate with filter 'speed' executable 'false'
03-24 21:17:01.461  1017  1152 W Looper  : Slow dispatch took 2658ms SysUiBg app=com.android.systemui main=false group=FOREGROUND h=android.os.Handler c=android.telephony.TelephonyCallback$IPhoneStateListenerStub$$ExternalSyntheticLambda52@14dcf38 m=0
03-24 21:17:01.489  1017  1940 I HWUI    : Davey! duration=2307ms; Flags=0, FrameTimelineVsyncId=29720, IntendedVsync=1199099921210, Vsync=1199283254525, InputEventId=0, HandleInputStart=1199323251447, AnimationStart=1199323252496, PerformTraversalsStart=1199323252723, DrawStart=1200524677569, FrameDeadline=1199116587876, FrameStartTime=1199298858950, FrameInterval=16666665, WorkloadTarget=16666666, SyncQueued=1200634310267, SyncStart=1200670182899, IssueDrawCommandsStart=1200799151494, SwapBuffers=1201301940083, FrameCompleted=1201442904667, DequeueBufferDuration=31196003, QueueBufferDuration=45640286, GpuCompleted=1201410765786, SwapBuffersCompleted=1201442904667, DisplayPresentTime=0, CommandSubmissionCompleted=1201301940083, 
03-24 21:17:01.543  1872  4866 I artd    : GetBestInfo: odex next to the dex file (/data/app/~~WEw-qEWCHlUZbloVSQpK4Q==/com.google.android.gms-zScGdJoN6j6usFjBF8E2Dg==/oat/x86_64/split_MeasurementDynamite_installtime.odex) is kOatUpToDate with filter 'speed' executable 'false'
03-24 21:17:01.627  1164  1195 W libbinder.Binder: Binder transaction to com.android.internal.telephony.ISub code 2 took 1079ms. Data bytes: 168 Reply bytes: 2364 Flags: 18
03-24 21:17:01.703   761   840 W ContentProviderHelper: Slow operation: 120ms so far, now at getContentProviderImpl: after updateOomAdj
03-24 21:17:01.703   761   840 W ContentProviderHelper: Slow operation: 121ms so far, now at getContentProviderImpl: done!
03-24 21:17:01.723  1017  1354 I Choreographer: Skipped 146 frames!  The application may be doing too much work on its main thread.
03-24 21:17:01.785  1872  4866 I artd    : GetBestInfo: odex next to the dex file (/data/app/~~WEw-qEWCHlUZbloVSQpK4Q==/com.google.android.gms-zScGdJoN6j6usFjBF8E2Dg==/oat/x86_64/split_all_locale_splits.odex) is kOatUpToDate with filter 'speed' executable 'false'
03-24 21:17:02.019  1872  4866 I artd    : GetBestInfo: /data/user_de/0/com.google.android.gms/app_chimera/m/0000000a/dl-TfliteDynamiteDynamite.integ_252130102100800.apk has no usable artifacts
03-24 21:17:02.238  1872  4866 I artd    : GetBestInfo: /data/user_de/0/com.google.android.gms/app_chimera/m/00000001/CronetDynamite.apk has no usable artifacts
03-24 21:17:02.303  1872  4866 I artd    : GetBestInfo: /data/user_de/0/com.google.android.gms/app_chimera/m/00000002/DynamiteLoader.apk has no usable artifacts
03-24 21:17:02.312  1872  4866 I artd    : GetBestInfo: /data/user_de/0/com.google.android.gms/app_chimera/m/00000005/GoogleCertificates.apk has no usable artifacts
03-24 21:17:02.364  1017  1028 I HWUI    : Davey! duration=2725ms; Flags=0, FrameTimelineVsyncId=29720, IntendedVsync=1199099921210, Vsync=1199283254525, InputEventId=0, HandleInputStart=1199323251447, AnimationStart=1199323252496, PerformTraversalsStart=1199323252723, DrawStart=1201742663289, FrameDeadline=1199116587876, FrameStartTime=1199298858950, FrameInterval=16666665, WorkloadTarget=16666666, SyncQueued=1201751517844, SyncStart=1201756455573, IssueDrawCommandsStart=1201790787391, SwapBuffers=1201799411733, FrameCompleted=1201829980291, DequeueBufferDuration=12310968, QueueBufferDuration=6569813, GpuCompleted=1201817487895, SwapBuffersCompleted=1201829980291, DisplayPresentTime=0, CommandSubmissionCompleted=1201799411733, 
03-24 21:17:02.405  1872  4866 I artd    : GetBestInfo: /data/user_de/0/com.google.android.gms/app_chimera/m/0000000f/dl-MlkitOcrCommon.optional_261133100800.apk has no usable artifacts
03-24 21:17:02.500  1872  4866 I artd    : GetBestInfo: /data/user_de/0/com.google.android.gms/app_chimera/m/0000000d/dl-MlkitBarcodeUi.optional_261133100800.apk has no usable artifacts
03-24 21:17:02.756  1872  1880 I artd    : GetBestInfo: vdex next to the dex file (/data/user/0/com.google.android.gms/app_dg_cache/E054CA794C125F959C88D4849C82AB3F226237E6/oat/x86_64/the.vdex) is kOatUpToDate with filter 'verify' executable 'false'
03-24 21:17:02.762  1319  1870 W libbinder.Binder: Binder transaction to com.google.android.gms.usagereporting.internal.IUsageReportingService code 2 took 1897ms. Data bytes: 184 Reply bytes: 4 Flags: 16
03-24 21:17:02.774  2427  2516 I DialerLoggingConsentCheckerImpl: com.google.android.dialershared.logging.consent.impl.LoggingConsentCheckerImpl.getConsent:72 timer stop with success, timer present: false
03-24 21:17:02.829  1872  1880 I artd    : GetBestInfo: /data/user_de/0/com.google.android.gms/app_chimera/m/00000007/MeasurementDynamite.apk has no usable artifacts
03-24 21:17:02.835  2945  4994 I BugleRcsEngine: [SR]: Single Registration is disabled. Skipping Single Registration capability check for subId: 1, OS.isAtLeastS:[true], enableSingleRegistrationProvisioning:[false] [CONTEXT thread_id=145 ]
03-24 21:17:02.871  1872  1880 I artd    : GetBestInfo: /data/user_de/0/com.google.android.gms/app_chimera/m/0000000b/dl-VisionOcr.optional_261133100000.apk has no usable artifacts
03-24 21:17:02.927  1872  1880 I artd    : GetBestInfo: /data/user_de/0/com.google.android.gms/app_chimera/m/0000000c/dl-Appsearch.optional_261133100800.apk has no usable artifacts
03-24 21:17:02.901  1440  1966 I SP      : Sync for emoticon_content_description succeeded in 7677 ms: no changes
03-24 21:17:03.023  1440  1966 I SP      : GC for 'emoticon_content_description' (10) with ttl of 0 ms took 21 ms (0/21/0)
03-24 21:17:03.024  2945  4994 I BugleRcsEngine: No RCS Configuration was found in Bugle for simID: redacted-pii:sim_id[chars:20,last3:897] [CONTEXT log_prefix="ProvisioningEngineDataRetriever" thread_id=145 ]
03-24 21:17:03.124  2945  4994 I BugleRcsProvisioning: RcsAvailability configuration availability and enabled status: simId: redacted-pii:sim_id[chars:20,last3:897], SipConnectionType: DUAL_REG, isConfigurationAvailableAndEnabled: false
03-24 21:17:03.133  2945  4994 I BugleRcsProvisioning: Checking isConfigServerUrlAvailable with simId: redacted-pii:sim_id[chars:20,last3:897], 
03-24 21:17:03.145  2945  4994 I BugleRcsEngine: getConfigServerUrl with simId: redacted-pii:sim_id[chars:20,last3:897] [CONTEXT log_prefix="ProvisioningServerUtil" thread_id=145 ]
03-24 21:17:03.175  1872  4866 I artd    : GetBestInfo: /data/user/0/com.google.android.gms/app_dg_cache/0B5F21648920603C6816E0B76773EED17E15FB77/the.apk has no usable artifacts
03-24 21:17:03.263  2945  4994 I BugleRcsEngine: Using config server URL from cebl [CONTEXT log_prefix="ProvisioningServerUtil" thread_id=145 ]
03-24 21:17:03.285   761  1727 E TaskPersister: File error accessing recents directory (directory doesn't exist?).
03-24 21:17:03.340  1319  2485 W libbinder.Binder: Binder transaction to android.content.IContentProvider code 1 took 1355ms. Data bytes: 396 Reply bytes: 80 Flags: 18
03-24 21:17:03.369   761  1208 W libbinder.Binder: Binder transaction to android.content.pm.IPackageManager code 1598311760 took 12553ms. Data bytes: 80 Reply bytes: 4 Flags: 16
03-24 21:17:03.810  1164  1195 W libbinder.Binder: Binder transaction to com.android.internal.telephony.ITelephony code 152 took 1247ms. Data bytes: 104 Reply bytes: 8 Flags: 16
03-24 21:17:03.914  1164  1299 D SatelliteController: iisInCarrierRoamingNbIotNtn: satellite is disabled
03-24 21:17:04.064  1164  1299 D SatelliteController: getCarrierRoamingNtnConnectType: Falling back to global carrier config connect type: 0
03-24 21:17:04.085  2945  4994 I BugleRcsProvisioning: RcsAvailability: Subscription Id: 1, simId: redacted-pii:sim_id[chars:20,last3:897], sipConnectionType: DUAL_REG, isRcsAvailable: false
03-24 21:17:04.117   761   904 I HalDevMgr: bestIfaceCreationProposal is null, requestIface=STA, existingIface=[name=wlan0 type=STA]
03-24 21:17:04.162  2945  4994 I BugleRcsEngine: No RCS Configuration was found in Bugle for simID: redacted-pii:sim_id[chars:20,last3:897] [CONTEXT log_prefix="ProvisioningEngineDataRetriever" thread_id=145 ]
03-24 21:17:04.204   761  1797 W FastPrintWriter: Write failure
03-24 21:17:04.204   761  1797 W FastPrintWriter: java.io.IOException: write failed: EPIPE (Broken pipe)
03-24 21:17:04.204   761  1797 W FastPrintWriter: 	at libcore.io.IoBridge.write(IoBridge.java:651)
03-24 21:17:04.204   761  1797 W FastPrintWriter: 	at java.io.FileOutputStream.write(FileOutputStream.java:436)
03-24 21:17:04.204   761  1797 W FastPrintWriter: 	at com.android.internal.util.FastPrintWriter.flushBytesLocked(FastPrintWriter.java:355)
03-24 21:17:04.204   761  1797 W FastPrintWriter: 	at com.android.internal.util.FastPrintWriter.flushLocked(FastPrintWriter.java:378)
03-24 21:17:04.204   761  1797 W FastPrintWriter: 	at com.android.internal.util.FastPrintWriter.appendLocked(FastPrintWriter.java:323)
03-24 21:17:04.204   761  1797 W FastPrintWriter: 	at com.android.internal.util.FastPrintWriter.print(FastPrintWriter.java:500)
03-24 21:17:04.204   761  1797 W FastPrintWriter: 	at java.io.PrintWriter.println(PrintWriter.java:822)
03-24 21:17:04.204   761  1797 W FastPrintWriter: 	at android.util.PrintWriterPrinter.println(PrintWriterPrinter.java:39)
03-24 21:17:04.204   761  1797 W FastPrintWriter: 	at android.content.IntentFilter.dump(IntentFilter.java:2822)
03-24 21:17:04.204   761  1797 W FastPrintWriter: 	at com.android.server.IntentResolver.dumpMap(IntentResolver.java:251)
03-24 21:17:04.204   761  1797 W FastPrintWriter: 	at com.android.server.IntentResolver.dump(IntentResolver.java:305)
03-24 21:17:04.204   761  1797 W FastPrintWriter: 	at com.android.server.pm.resolution.ComponentResolverBase.dumpReceiverResolvers(ComponentResolverBase.java:339)
03-24 21:17:04.204   761  1797 W FastPrintWriter: 	at com.android.server.pm.DumpHelper.doDump(DumpHelper.java:416)
03-24 21:17:04.204   761  1797 W FastPrintWriter: 	at com.android.server.pm.PackageManagerService$IPackageManagerImpl.dump(PackageManagerService.java:6759)
03-24 21:17:04.204   761  1797 W FastPrintWriter: 	at android.os.Binder.doDump(Binder.java:1104)
03-24 21:17:04.204   761  1797 W FastPrintWriter: 	at android.os.Binder.dump(Binder.java:1094)
03-24 21:17:04.204   761  1797 W FastPrintWriter: 	at android.os.Binder.onTransact(Binder.java:940)
03-24 21:17:04.204   761  1797 W FastPrintWriter: 	at android.content.pm.IPackageManager$Stub.onTransact(IPackageManager.java:4666)
03-24 21:17:04.204   761  1797 W FastPrintWriter: 	at com.android.server.pm.PackageManagerService$IPackageManagerImpl.onTransact(PackageManagerService.java:6705)
03-24 21:17:04.204   761  1797 W FastPrintWriter: 	at android.os.Binder.execTransactInternal(Binder.java:1478)
03-24 21:17:04.204   761  1797 W FastPrintWriter: 	at android.os.Binder.execTransact(Binder.java:1418)
03-24 21:17:04.204   761  1797 W FastPrintWriter: Caused by: android.system.ErrnoException: write failed: EPIPE (Broken pipe)
03-24 21:17:04.204   761  1797 W FastPrintWriter: 	at libcore.io.Linux.writeBytes(Native Method)
03-24 21:17:04.204   761  1797 W FastPrintWriter: 	at libcore.io.Linux.write(Linux.java:338)
03-24 21:17:04.204   761  1797 W FastPrintWriter: 	at libcore.io.ForwardingOs.write(ForwardingOs.java:954)
03-24 21:17:04.204   761  1797 W FastPrintWriter: 	at libcore.io.BlockGuardOs.write(BlockGuardOs.java:448)
03-24 21:17:04.204   761  1797 W FastPrintWriter: 	at libcore.io.IoBridge.write(IoBridge.java:646)
03-24 21:17:04.204   761  1797 W FastPrintWriter: 	... 20 more
03-24 21:17:04.208  2945  4994 I BugleRcsProvisioning: updateAvailabilityForRcsProvisioningId. SimId: redacted-pii:sim_id[chars:20,last3:897], currentAvailability: 10, newAvailability: 10, hint: NO_HINT
03-24 21:17:04.333  2945  4994 I BugleRcsEngine: transitionViaMessage, srcState=ReplayRequestState, destState = EnabledState [1dd7c587-2966-475c-b7a2-86ac85fec7a8] [CONTEXT log_prefix="(PEv2-SM-Bugle-259393816)" thread_id=145 ]
03-24 21:17:04.620  2945  5022 I BugleRcsProvisioning: RcsProvisioningTrigger: onRcsAvailabilityUpdate : availability is updated to Carrier RCS is not set up, lastAvailabilityLocal is Carrier RCS is not set up, simId hash = 540725698425278699, simId = redacted-pii:sim_id[chars:20,last3:897], isPev3Enabled = true
03-24 21:17:04.643  2945  4994 I StateMachineV2: Initialized StateMachineV2 to 24
03-24 21:17:04.659  2945  5022 I StateMachineV2: State transition requested, from 24 to 1
03-24 21:17:04.720  2945  5022 I StateMachineV2: Exiting dgls@c975f71
03-24 21:17:04.733  2945  5022 I BugleRcsEngine: Exit ReplayRequestState [1dd7c587-2966-475c-b7a2-86ac85fec7a8] [CONTEXT log_prefix="(PEv2-SM-Bugle-259393816)" thread_id=147 ]
03-24 21:17:04.752  2945  5022 W BugleRcsEngine: Unable to send diagnostic log [CONTEXT thread_id=147 ]
03-24 21:17:04.755  2945  5022 I StateMachineV2: Entering dgli@4a9663a
03-24 21:17:04.757  2945  5022 I BugleRcsEngine: Enter EnabledState [1dd7c587-2966-475c-b7a2-86ac85fec7a8] [CONTEXT log_prefix="(PEv2-SM-Bugle-259393816)" thread_id=147 ]
03-24 21:17:04.812  2945  5022 W BugleRcsEngine: Unable to send diagnostic log [CONTEXT thread_id=147 ]
03-24 21:17:04.814  2945  5022 I StateMachineV2: Queuing delayed 9 for PT5M
03-24 21:17:05.460  2945  5022 I BugleRcsEngine: [SR]: Single Registration is disabled. Skipping Single Registration capability check for subId: 1, OS.isAtLeastS:[true], enableSingleRegistrationProvisioning:[false] [CONTEXT thread_id=147 ]
03-24 21:17:05.553  2945  5022 I BugleRcsEngine: No RCS Configuration was found in Bugle for simID: redacted-pii:sim_id[chars:20,last3:897] [CONTEXT log_prefix="ProvisioningEngineDataRetriever" thread_id=147 ]
03-24 21:17:05.593  2945  5022 I BugleRcsProvisioning: RcsAvailability configuration availability and enabled status: simId: redacted-pii:sim_id[chars:20,last3:897], SipConnectionType: DUAL_REG, isConfigurationAvailableAndEnabled: false
03-24 21:17:05.604  2945  5022 I BugleRcsProvisioning: Checking isConfigServerUrlAvailable with simId: redacted-pii:sim_id[chars:20,last3:897], 
03-24 21:17:05.625  2945  5022 I BugleRcsEngine: getConfigServerUrl with simId: redacted-pii:sim_id[chars:20,last3:897] [CONTEXT log_prefix="ProvisioningServerUtil" thread_id=147 ]
03-24 21:17:05.642  2945  5022 I BugleRcsEngine: Using config server URL from cebl [CONTEXT log_prefix="ProvisioningServerUtil" thread_id=147 ]
03-24 21:17:05.594  1319  4629 I SQLiteConnection: Long db operation: /data/user/0/com.google.android.gms/databases/phenotype.db
03-24 21:17:06.169  2427  2516 E DialerTraceManagerImpl: com.google.apps.tiktok.tracing.TraceManagerImpl.handleTraceTimeout:374 Trace Application creation timed out after 1118968 ms. Complete trace: # acny@39d78eeb
03-24 21:17:06.169  2427  2516 E DialerTraceManagerImpl: acod: 
03-24 21:17:06.169  2427  2516 E DialerTraceManagerImpl: 	at tk_trace.APP_LAUNCHED(Started After:4)
03-24 21:17:06.169  2427  2516 E DialerTraceManagerImpl: 	at tk_trace.APP_LAUNCHED(Started After:3)
03-24 21:17:06.169  2427  2516 E DialerTraceManagerImpl: 	at tk_trace.DialerStartup_executePostOnCreateTasks(Started After:2)
03-24 21:17:06.169  2427  2516 E DialerTraceManagerImpl: 	at tk_trace.DialerBaseApplication_onCreate(Started After:1)
03-24 21:17:06.169  2427  2516 E DialerTraceManagerImpl: 	at tk_trace.Application.onCreate(Started After:1)
03-24 21:17:06.169  2427  2516 E DialerTraceManagerImpl: 	at tk_trace.Application creation(Started After:0)
03-24 21:17:06.189  1164  1510 W libbinder.Binder: Binder transaction to com.android.internal.telephony.ITelephony code 141 took 8429ms. Data bytes: 172 Reply bytes: 1376 Flags: 16
03-24 21:17:06.497  2945  5022 I BugleRcsProvisioning: RcsAvailability: Subscription Id: 1, simId: redacted-pii:sim_id[chars:20,last3:897], sipConnectionType: DUAL_REG, isRcsAvailable: false
03-24 21:17:06.497  1319  1870 W libbinder.Binder: Binder transaction to android.content.IContentProvider code 1 took 2804ms. Data bytes: 380 Reply bytes: 80 Flags: 16
03-24 21:17:06.519  2945  5022 I BugleRcsEngine: No RCS Configuration was found in Bugle for simID: redacted-pii:sim_id[chars:20,last3:897] [CONTEXT log_prefix="ProvisioningEngineDataRetriever" thread_id=147 ]
03-24 21:17:06.527  2945  5022 I BugleRcsProvisioning: updateAvailabilityForRcsProvisioningId. SimId: redacted-pii:sim_id[chars:20,last3:897], currentAvailability: 10, newAvailability: 10, hint: NO_HINT
03-24 21:17:06.726   761  1746 W JobInfo : Job 'com.google.android.settings.intelligence/.modules.routines.impl.RoutinesJobIntentService#1728' has a deadline with no functional constraints. The deadline won't improve job execution latency. Consider removing the deadline.
03-24 21:17:06.768  2945  4993 I BugleRcsProvisioning: RcsProvisioningTrigger: onRcsAvailabilityUpdate : availability is updated to Carrier RCS is not set up, lastAvailabilityLocal is Carrier RCS is not set up, simId hash = 540725698425278699, simId = redacted-pii:sim_id[chars:20,last3:897], isPev3Enabled = true
03-24 21:17:06.781  1017  1152 W Looper  : Drained
03-24 21:17:06.942  1872  4866 I artd    : GetBestInfo: odex next to the dex file (/data/app/~~WEw-qEWCHlUZbloVSQpK4Q==/com.google.android.gms-zScGdJoN6j6usFjBF8E2Dg==/oat/x86_64/base.odex) is kOatUpToDate with filter 'speed-profile' executable 'false'
03-24 21:17:07.131  1872  4866 I artd    : GetBestInfo: odex next to the dex file (/data/app/~~WEw-qEWCHlUZbloVSQpK4Q==/com.google.android.gms-zScGdJoN6j6usFjBF8E2Dg==/oat/x86_64/split_AdsDynamite_installtime.odex) is kOatUpToDate with filter 'speed' executable 'false'
03-24 21:17:07.181   761   904 I HalDevMgr: bestIfaceCreationProposal is null, requestIface=STA, existingIface=[name=wlan0 type=STA]
03-24 21:17:07.193  1872  4866 I artd    : GetBestInfo: odex next to the dex file (/data/app/~~WEw-qEWCHlUZbloVSQpK4Q==/com.google.android.gms-zScGdJoN6j6usFjBF8E2Dg==/oat/x86_64/split_CronetDynamite_installtime.odex) is kOatUpToDate with filter 'speed' executable 'false'
03-24 21:17:07.283  1872  1880 I artd    : GetBestInfo: odex next to the dex file (/data/app/~~WEw-qEWCHlUZbloVSQpK4Q==/com.google.android.gms-zScGdJoN6j6usFjBF8E2Dg==/oat/x86_64/split_DynamiteLoader_installtime.odex) is kOatUpToDate with filter 'speed' executable 'false'
03-24 21:17:07.372  1872  4866 I artd    : GetBestInfo: odex next to the dex file (/data/app/~~WEw-qEWCHlUZbloVSQpK4Q==/com.google.android.gms-zScGdJoN6j6usFjBF8E2Dg==/oat/x86_64/split_DynamiteModulesA_installtime.odex) is kOatUpToDate with filter 'speed' executable 'false'
03-24 21:17:07.514  1872  4866 I artd    : GetBestInfo: odex next to the dex file (/data/app/~~WEw-qEWCHlUZbloVSQpK4Q==/com.google.android.gms-zScGdJoN6j6usFjBF8E2Dg==/oat/x86_64/split_DynamiteModulesC_installtime.odex) is kOatUpToDate with filter 'speed' executable 'false'
03-24 21:17:07.627   761  1746 W libbinder.Binder: Binder transaction to android.app.job.IJobScheduler code 2 took 1170ms. Data bytes: 764 Reply bytes: 8 Flags: 18
03-24 21:17:07.702  1872  4866 I artd    : GetBestInfo: odex next to the dex file (/data/app/~~WEw-qEWCHlUZbloVSQpK4Q==/com.google.android.gms-zScGdJoN6j6usFjBF8E2Dg==/oat/x86_64/split_GoogleCertificates_installtime.odex) is kOatUpToDate with filter 'speed' executable 'false'
03-24 21:17:07.852  1872  4866 I artd    : GetBestInfo: odex next to the dex file (/data/app/~~WEw-qEWCHlUZbloVSQpK4Q==/com.google.android.gms-zScGdJoN6j6usFjBF8E2Dg==/oat/x86_64/split_MapsDynamite_installtime.odex) is kOatUpToDate with filter 'speed' executable 'false'
03-24 21:17:07.895   609   609 I adbd    : Remote process closed the socket (on MSG_PEEK)
03-24 21:17:08.729  1872  4866 I artd    : GetBestInfo: odex next to the dex file (/data/app/~~WEw-qEWCHlUZbloVSQpK4Q==/com.google.android.gms-zScGdJoN6j6usFjBF8E2Dg==/oat/x86_64/split_MeasurementDynamite_installtime.odex) is kOatUpToDate with filter 'speed' executable 'false'
03-24 21:17:09.244   761  1746 W ContentProviderHelper: Slow operation: 1076ms so far, now at getContentProviderImpl: before updateLruProcess
03-24 21:17:09.244   761  1746 W ContentProviderHelper: Slow operation: 1303ms so far, now at getContentProviderImpl: after updateLruProcess
03-24 21:17:09.244   761  1746 W ContentProviderHelper: Slow operation: 1304ms so far, now at getContentProviderImpl: before updateOomAdj
03-24 21:17:09.307  2427  2435 W .android.dialer: Suspending all threads took: 68.427ms
03-24 21:17:09.423   554   590 W libbinder.Binder: Binder transaction to android.hardware.graphics.composer3.IComposerClient code 5 took 1771ms. Data bytes: 192 Reply bytes: 384 Flags: 16
03-24 21:17:09.520  1121  1129 W rkstack.process: Suspending all threads took: 9.156ms
03-24 21:17:09.604   761  1746 W ContentProviderHelper: Slow operation: 1659ms so far, now at getContentProviderImpl: after updateOomAdj
03-24 21:17:09.613  1017  1385 E SurfaceSyncGroup: Failed to receive transaction ready in 1000ms. Marking SurfaceSyncGroup(wmsSync-VRI[ScreenDecorOverlayBottom]#36) as ready
03-24 21:17:09.640   761  1752 I MediaSessionStack: removeSession | record: com.vdigital.volumestream/androidx.media3.session.id./2 (userId=0)
03-24 21:17:09.643   761  1746 W ContentProviderHelper: Slow operation: 1701ms so far, now at getContentProviderImpl: done!
03-24 21:17:09.651  2945  5022 I BugleRcsEngine: No RCS Configuration was found in Bugle for simID: redacted-pii:sim_id[chars:20,last3:897] [CONTEXT log_prefix="ProvisioningEngineDataRetriever" thread_id=147 ]
03-24 21:17:09.693   601   601 E BpTransactionCompletedListener: Failed to transact (-32)
03-24 21:17:09.909  1872  4866 I artd    : GetBestInfo: odex next to the dex file (/data/app/~~WEw-qEWCHlUZbloVSQpK4Q==/com.google.android.gms-zScGdJoN6j6usFjBF8E2Dg==/oat/x86_64/split_all_locale_splits.odex) is kOatUpToDate with filter 'speed' executable 'false'
03-24 21:17:09.913  2945  5022 I BugleRcsEngine: transitionViaMessage, srcState=EnabledState, destState = CheckPreconditionsState [1dd7c587-2966-475c-b7a2-86ac85fec7a8] [CONTEXT log_prefix="(PEv2-SM-Bugle-259393816)" thread_id=147 ]
03-24 21:17:10.710  1872  4866 I artd    : GetBestInfo: /data/user_de/0/com.google.android.gms/app_chimera/m/0000000a/dl-TfliteDynamiteDynamite.integ_252130102100800.apk has no usable artifacts
03-24 21:17:10.784  1872  1880 I artd    : GetBestInfo: /data/user_de/0/com.google.android.gms/app_chimera/m/00000001/CronetDynamite.apk has no usable artifacts
03-24 21:17:10.787  1017  1385 E SurfaceSyncGroup: Failed to receive transaction ready in 1000ms. Marking SurfaceSyncGroup(VRI[ScreenDecorOverlayBottom]#37) as ready
03-24 21:17:10.793  1872  1880 I artd    : GetBestInfo: /data/user_de/0/com.google.android.gms/app_chimera/m/00000002/DynamiteLoader.apk has no usable artifacts
03-24 21:17:10.796  1872  1880 I artd    : GetBestInfo: /data/user_de/0/com.google.android.gms/app_chimera/m/00000005/GoogleCertificates.apk has no usable artifacts
03-24 21:17:10.825   761  1746 W libbinder.Binder: Binder transaction to android.app.IActivityManager code 35 took 2887ms. Data bytes: 240 Reply bytes: 7424 Flags: 16
03-24 21:17:10.838   761  1063 V ActivityManager: Got obituary of 2788:com.vdigital.volumestream
03-24 21:17:11.077  1164  1173 W m.android.phone: Suspending all threads took: 783.372ms
03-24 21:17:11.091  1872  1880 I artd    : GetBestInfo: /data/user_de/0/com.google.android.gms/app_chimera/m/0000000f/dl-MlkitOcrCommon.optional_261133100800.apk has no usable artifacts
03-24 21:17:11.253   761  1726 W libbinder.Binder: Binder transaction to android.app.IActivityManager code 78 took 1852ms. Data bytes: 108 Reply bytes: 0 Flags: 17
03-24 21:17:11.295   761   785 W ActivityManager: setHasOverlayUi called on unknown pid: 2788
03-24 21:17:11.409   532   532 I Zygote  : Process 2788 exited due to signal 9 (Killed)
03-24 21:17:11.416  2945  5022 I BugleRcsEngine: Sending ProvisioningEvent to Bugle [Update provisioning status (11)], redacted-pii:[chars:85] [CONTEXT thread_id=147 ]
03-24 21:17:11.428  1017  1028 I HWUI    : Davey! duration=2134ms; Flags=0, FrameTimelineVsyncId=29886, IntendedVsync=1207483248662, Vsync=1207483248662, InputEventId=0, HandleInputStart=1207493722000, AnimationStart=1207493722824, PerformTraversalsStart=1207493723108, DrawStart=1207660050917, FrameDeadline=1207499915328, FrameStartTime=1207493718634, FrameInterval=16666666, WorkloadTarget=16666666, SyncQueued=1207660405894, SyncStart=1209460076200, IssueDrawCommandsStart=1209564799128, SwapBuffers=1209864824948, FrameCompleted=1211417631127, DequeueBufferDuration=409402947, QueueBufferDuration=243420108, GpuCompleted=1210587672198, SwapBuffersCompleted=1211417631127, DisplayPresentTime=0, CommandSubmissionCompleted=1209864824948, 
03-24 21:17:11.457  1872  1880 I artd    : GetBestInfo: /data/user_de/0/com.google.android.gms/app_chimera/m/0000000d/dl-MlkitBarcodeUi.optional_261133100800.apk has no usable artifacts
03-24 21:17:11.814   761  1066 W libbinder.Binder: Binder transaction to android.view.IWindowSession code 9 took 1491ms. Data bytes: 260 Reply bytes: 0 Flags: 17
03-24 21:17:11.966  1872  1880 I artd    : GetBestInfo: vdex next to the dex file (/data/user/0/com.google.android.gms/app_dg_cache/E054CA794C125F959C88D4849C82AB3F226237E6/oat/x86_64/the.vdex) is kOatUpToDate with filter 'verify' executable 'false'
03-24 21:17:12.050   761  1734 W libbinder.Binder: Binder transaction to android.gui.IWindowInfosListener code 1 took 1008ms. Data bytes: 6796 Reply bytes: 0 Flags: 17
03-24 21:17:12.079  2945  5022 I BugleRcsEngine: Broadcasting provisioning intent com.google.android.ims.provisioning.engine.provisioningEventAction to Bugle with extras redacted-pii:[chars:243] from source PROVISIONING_EVENT [CONTEXT log_prefix="EngineBroadcaster" thread_id=147 ]
03-24 21:17:12.201  1872  1880 I artd    : GetBestInfo: /data/user_de/0/com.google.android.gms/app_chimera/m/00000007/MeasurementDynamite.apk has no usable artifacts
03-24 21:17:12.403   761   841 W libbinder.Binder: Binder transaction to android.app.IActivityManager code 22 took 3253ms. Data bytes: 512 Reply bytes: 196 Flags: 18
03-24 21:17:12.497   761   904 I HalDevMgr: bestIfaceCreationProposal is null, requestIface=STA, existingIface=[name=wlan0 type=STA]
03-24 21:17:12.624  1872  1880 I artd    : GetBestInfo: /data/user_de/0/com.google.android.gms/app_chimera/m/0000000b/dl-VisionOcr.optional_261133100000.apk has no usable artifacts
03-24 21:17:12.652   761  1752 D MediaSessionService: destroySessionLocked: record=com.vdigital.volumestream/androidx.media3.session.id./2 (userId=0)
03-24 21:17:12.742   761  1091 W JobInfo : Job 'com.google.android.settings.intelligence/.modules.routines.impl.RoutinesJobIntentService#1728' has a deadline with no functional constraints. The deadline won't improve job execution latency. Consider removing the deadline.
03-24 21:17:12.757  1872  1880 I artd    : GetBestInfo: /data/user_de/0/com.google.android.gms/app_chimera/m/0000000c/dl-Appsearch.optional_261133100800.apk has no usable artifacts
03-24 21:17:12.744   761  1746 W libbinder.Binder: Binder transaction to android.os.IStatsBootstrapAtomService code 1 took 1731ms. Data bytes: 256 Reply bytes: 0 Flags: 17
03-24 21:17:12.913   761   959 D MediaSessionService: setFgsIfNoSessionIsLinkedToNotification: record=com.vdigital.volumestream/androidx.media3.session.id./2 (userId=0)
03-24 21:17:12.965   761   761 W Looper  : Slow dispatch took 210ms main app=system_server main=true group=FOREGROUND h=com.android.server.media.MediaSessionService$MessageHandler c=null m=1
03-24 21:17:13.035  1872  1880 I artd    : GetBestInfo: /data/user/0/com.google.android.gms/app_dg_cache/0B5F21648920603C6816E0B76773EED17E15FB77/the.apk has no usable artifacts
03-24 21:17:13.198   761  1797 W libbinder.Binder: Binder transaction to android.content.pm.IPackageManager code 1598311760 took 12220ms. Data bytes: 80 Reply bytes: 4 Flags: 16
03-24 21:17:13.205  5024  5024 W libbinder.BackendUnifiedServiceManager: Thread Pool max thread count is 0. Cannot cache binder as linkToDeath cannot be implemented. serviceName: package
03-24 21:17:13.362   761  1091 W JobInfo : Job 'com.google.android.settings.intelligence/.modules.routines.impl.RoutinesJobIntentService#1728' has a deadline with no functional constraints. The deadline won't improve job execution latency. Consider removing the deadline.
03-24 21:17:13.368  1127  1127 I PlayerSettingsManager: activePlayerChanged : no registered callback
03-24 21:17:13.527  1127  1127 I PlayerSettingsManager: getPlayerRepeatMode: no active player
03-24 21:17:13.607   761  1797 W MediaSessionRecord: Ignoring call to destroyed session
03-24 21:17:13.638  1127  1127 I PlayerSettingsManager: getPlayerShuffleMode: no active player
03-24 21:17:13.639   761   793 W ProcessStats: Tracking association SourceState{a6db288 system/1000 ImpBg #4312} whose proc state 6 is better than process ProcessState{d78bc9f com.google.android.apps.messaging/10154 pkg=com.google.android.apps.messaging} proc state 14 (9 skipped)
03-24 21:17:13.639  1127  1127 I PlayerSettingsManager: updateRemoteDevice: repeat (STATE_REPEAT_OFF -> STATE_REPEAT_OFF), shuffle (STATE_SHUFFLE_OFF -> STATE_SHUFFLE_OFF)
03-24 21:17:13.655  1319  2473 W libbinder.Binder: Binder transaction to android.content.IContentProvider code 1 took 2179ms. Data bytes: 516 Reply bytes: 80 Flags: 16
03-24 21:17:14.547  3883  3883 W CardCollectorJobService: refreshJob, cancel job.
03-24 21:17:15.131   761  1752 W FastPrintWriter: Write failure
03-24 21:17:15.131   761  1752 W FastPrintWriter: java.io.IOException: write failed: EPIPE (Broken pipe)
03-24 21:17:15.131   761  1752 W FastPrintWriter: 	at libcore.io.IoBridge.write(IoBridge.java:651)
03-24 21:17:15.131   761  1752 W FastPrintWriter: 	at java.io.FileOutputStream.write(FileOutputStream.java:436)
03-24 21:17:15.131   761  1752 W FastPrintWriter: 	at com.android.internal.util.FastPrintWriter.flushBytesLocked(FastPrintWriter.java:355)
03-24 21:17:15.131   761  1752 W FastPrintWriter: 	at com.android.internal.util.FastPrintWriter.flushLocked(FastPrintWriter.java:378)
03-24 21:17:15.131   761  1752 W FastPrintWriter: 	at com.android.internal.util.FastPrintWriter.appendLocked(FastPrintWriter.java:323)
03-24 21:17:15.131   761  1752 W FastPrintWriter: 	at com.android.internal.util.FastPrintWriter.print(FastPrintWriter.java:500)
03-24 21:17:15.131   761  1752 W FastPrintWriter: 	at java.io.PrintWriter.println(PrintWriter.java:822)
03-24 21:17:15.131   761  1752 W FastPrintWriter: 	at android.util.PrintWriterPrinter.println(PrintWriterPrinter.java:39)
03-24 21:17:15.131   761  1752 W FastPrintWriter: 	at android.content.IntentFilter.dump(IntentFilter.java:2831)
03-24 21:17:15.131   761  1752 W FastPrintWriter: 	at com.android.server.IntentResolver.dumpMap(IntentResolver.java:251)
03-24 21:17:15.131   761  1752 W FastPrintWriter: 	at com.android.server.IntentResolver.dump(IntentResolver.java:305)
03-24 21:17:15.131   761  1752 W FastPrintWriter: 	at com.android.server.pm.resolution.ComponentResolverBase.dumpActivityResolvers(ComponentResolverBase.java:319)
03-24 21:17:15.131   761  1752 W FastPrintWriter: 	at com.android.server.pm.DumpHelper.doDump(DumpHelper.java:412)
03-24 21:17:15.131   761  1752 W FastPrintWriter: 	at com.android.server.pm.PackageManagerService$IPackageManagerImpl.dump(PackageManagerService.java:6759)
03-24 21:17:15.131   761  1752 W FastPrintWriter: 	at android.os.Binder.doDump(Binder.java:1104)
03-24 21:17:15.131   761  1752 W FastPrintWriter: 	at android.os.Binder.dump(Binder.java:1094)
03-24 21:17:15.131   761  1752 W FastPrintWriter: 	at android.os.Binder.onTransact(Binder.java:940)
03-24 21:17:15.131   761  1752 W FastPrintWriter: 	at android.content.pm.IPackageManager$Stub.onTransact(IPackageManager.java:4666)
03-24 21:17:15.131   761  1752 W FastPrintWriter: 	at com.android.server.pm.PackageManagerService$IPackageManagerImpl.onTransact(PackageManagerService.java:6705)
03-24 21:17:15.131   761  1752 W FastPrintWriter: 	at android.os.Binder.execTransactInternal(Binder.java:1478)
03-24 21:17:15.131   761  1752 W FastPrintWriter: 	at android.os.Binder.execTransact(Binder.java:1418)
03-24 21:17:15.131   761  1752 W FastPrintWriter: Caused by: android.system.ErrnoException: write failed: EPIPE (Broken pipe)
03-24 21:17:15.131   761  1752 W FastPrintWriter: 	at libcore.io.Linux.writeBytes(Native Method)
03-24 21:17:15.131   761  1752 W FastPrintWriter: 	at libcore.io.Linux.write(Linux.java:338)
03-24 21:17:15.131   761  1752 W FastPrintWriter: 	at libcore.io.ForwardingOs.write(ForwardingOs.java:954)
03-24 21:17:15.131   761  1752 W FastPrintWriter: 	at libcore.io.BlockGuardOs.write(BlockGuardOs.java:448)
03-24 21:17:15.131   761  1752 W FastPrintWriter: 	at libcore.io.IoBridge.write(IoBridge.java:646)
03-24 21:17:15.131   761  1752 W FastPrintWriter: 	... 20 more
03-24 21:17:15.167  1164  1299 D SatelliteController: iisInCarrierRoamingNbIotNtn: satellite is disabled
03-24 21:17:15.266  1319  4494 I SQLiteConnection: Long db operation: /data/user/0/com.google.android.gms/databases/phenotype.db
03-24 21:17:15.388  3883  3883 W BatteryWidgetPhenotypeCommitListener: Phenotype flag updated = true
03-24 21:17:15.451  1164  1299 D SatelliteController: getCarrierRoamingNtnConnectType: Falling back to global carrier config connect type: 0
03-24 21:17:15.468  3883  3883 W BatteryWidgetUtils: isPrivateProfile: false
03-24 21:17:15.579  2945  4993 I StateMachineV2: State transition requested, from 1 to 14
03-24 21:17:15.605  2945  4993 I StateMachineV2: Entering dglb@ed235de
03-24 21:17:15.653  2945  4993 I BugleRcsEngine: Enter CheckPreconditionsState [1dd7c587-2966-475c-b7a2-86ac85fec7a8] [CONTEXT log_prefix="(PEv2-SM-Bugle-259393816)" thread_id=144 ]
03-24 21:17:16.661  2945  4993 I StateMachineV2: Queuing delayed 9 for PT5M
03-24 21:17:16.908   761   904 I HalDevMgr: bestIfaceCreationProposal is null, requestIface=STA, existingIface=[name=wlan0 type=STA]
03-24 21:17:16.931   761  1719 W libbinder.Binder: Binder transaction to android.app.IActivityManager code 73 took 1278ms. Data bytes: 104 Reply bytes: 92 Flags: 18
03-24 21:17:16.933   761  1746 W libbinder.Binder: Binder transaction to com.android.internal.telephony.ITelephonyRegistry code 8 took 1458ms. Data bytes: 804 Reply bytes: 4 Flags: 18
03-24 21:17:16.956   761  1797 W libbinder.Binder: Binder transaction to com.android.internal.appwidget.IAppWidgetService code 26 took 1436ms. Data bytes: 400 Reply bytes: 8 Flags: 18
03-24 21:17:16.965  3883  3883 W BatteryWidgetUtils: isPrivateProfile: false
03-24 21:17:16.972  3883  3883 W BatteryWidgetUtils: isPrivateProfile: false
03-24 21:17:16.991  2945  4994 I BugleRcsProvisioning: RcsProvisioningEventReceiver: Received ProvisioningEvent: Update provisioning status
03-24 21:17:17.024  2945  4993 W BugleRcsEngine: Unable to send diagnostic log [CONTEXT thread_id=144 ]
03-24 21:17:17.035   761  1091 W libbinder.Binder: Binder transaction to android.content.IContentProvider code 21 took 1419ms. Data bytes: 420 Reply bytes: 764 Flags: 18
03-24 21:17:17.086  3883  3883 W BatteryWidgetUtils: charging optimization exists!
03-24 21:17:17.099  3883  3883 W BatteryWidgetUtils: updateAdaptiveChargingVisibilityInSettings() = true
03-24 21:17:17.113  2945  4993 I BugleRcsEngine: No RCS Configuration was found in Bugle for simID: redacted-pii:sim_id[chars:20,last3:897] [CONTEXT log_prefix="ProvisioningEngineDataRetriever" thread_id=144 ]
03-24 21:17:17.155  2945  4993 I BugleRcsEngine: transitionViaMessage, srcState=CheckPreconditionsState, destState = ReadyState [1dd7c587-2966-475c-b7a2-86ac85fec7a8] [CONTEXT log_prefix="(PEv2-SM-Bugle-259393816)" thread_id=144 ]
03-24 21:17:17.157  2945  4994 I Bugle   : BroadcastReceiverAsyncWorkTracker: Acknowledging broadcast of com.google.android.apps.messaging.shared.receiver.RcsProvisioningEventReceiver@247d1ea
03-24 21:17:17.172  2945  4999 I StateMachineV2: State transition requested, from 14 to 3
03-24 21:17:17.186  2945  4999 I StateMachineV2: Exiting dglb@ed235de
03-24 21:17:17.189  3883  3883 W BatteryWidgetUtils: Reset charging policy since Charging optimization doesn't exist!
03-24 21:17:17.233  2945  4999 I BugleRcsEngine: Exit CheckPreconditionsState [1dd7c587-2966-475c-b7a2-86ac85fec7a8] [CONTEXT log_prefix="(PEv2-SM-Bugle-259393816)" thread_id=146 ]
03-24 21:17:17.241  2945  4999 I StateMachineV2: Exiting dgli@4a9663a
03-24 21:17:17.244  2945  4999 I BugleRcsEngine: Exit EnabledState [1dd7c587-2966-475c-b7a2-86ac85fec7a8] [CONTEXT log_prefix="(PEv2-SM-Bugle-259393816)" thread_id=146 ]
03-24 21:17:17.290  2945  4999 W BugleRcsEngine: Unable to send diagnostic log [CONTEXT thread_id=146 ]
03-24 21:17:17.292  2945  4999 I StateMachineV2: Entering dglo@f85dcdb
03-24 21:17:17.415  2945  4999 I BugleRcsEngine: Enter InProgressState [1dd7c587-2966-475c-b7a2-86ac85fec7a8] [CONTEXT log_prefix="(PEv2-SM-Bugle-259393816)" thread_id=146 ]
03-24 21:17:17.546   761   967 D BackgroundInstallControlService: Package event received: 0
03-24 21:17:17.774  2945  4999 W BugleRcsEngine: Unable to send diagnostic log [CONTEXT thread_id=146 ]
03-24 21:17:17.795  3883  3883 W BatterySaverPhenotype: onCommitFinishedBatterySaver configuration:
03-24 21:17:17.795  3883  3883 W BatterySaverPhenotype: 	isSchedulerOverrideEnabled: true
03-24 21:17:17.795  3883  3883 W BatterySaverPhenotype: 	isSchedulerDefaultOnEnabled: false
03-24 21:17:17.795  3883  3883 W BatterySaverPhenotype: 	isFlipendoConditionChecked:true
03-24 21:17:17.877  3883  3883 W ChargingOptimizationPhenotypeCallbackListener: updateChargingOptimizationVisibility, isChargingOptimizationEnabled = false, isBatteryHealthEnabled = false, isChargingOptimizationInjected = false
03-24 21:17:17.883  2945  4999 I StateMachineV2: Queuing delayed 9 for PT5M
03-24 21:17:17.885  2945  4999 I StateMachineV2: Entering dglr@6955a8d
03-24 21:17:17.930  2945  4999 I BugleRcsEngine: Enter ReadyState [1dd7c587-2966-475c-b7a2-86ac85fec7a8] [CONTEXT log_prefix="(PEv2-SM-Bugle-259393816)" thread_id=146 ]
03-24 21:17:17.934  3883  3883 W PulsarPhenotypeCallbackListener: updatePulsarVisibility, isPulsarEnabled = false
03-24 21:17:17.951  3883  3883 W PulsarPhenotypeCallbackListener: updateBarrelDisabledForciblyState = false
03-24 21:17:18.049  1017  1017 I Choreographer: Skipped 690 frames!  The application may be doing too much work on its main thread.
03-24 21:17:18.097  1017  1152 W Looper  : Slow dispatch took 1158ms SysUiBg app=com.android.systemui main=false group=FOREGROUND h=android.os.Handler c=android.telephony.TelephonyCallback$IPhoneStateListenerStub$$ExternalSyntheticLambda52@6ef8691 m=0
03-24 21:17:18.289  2945  4999 W BugleRcsEngine: Unable to send diagnostic log [CONTEXT thread_id=146 ]
03-24 21:17:18.292  2945  4999 I StateMachineV2: Queuing delayed 9 for PT5M
03-24 21:17:18.596  1872  1880 I artd    : GetBestInfo: odex next to the dex file (/data/app/~~WEw-qEWCHlUZbloVSQpK4Q==/com.google.android.gms-zScGdJoN6j6usFjBF8E2Dg==/oat/x86_64/base.odex) is kOatUpToDate with filter 'speed-profile' executable 'false'
03-24 21:17:18.680  1872  1880 I artd    : GetBestInfo: odex next to the dex file (/data/app/~~WEw-qEWCHlUZbloVSQpK4Q==/com.google.android.gms-zScGdJoN6j6usFjBF8E2Dg==/oat/x86_64/split_AdsDynamite_installtime.odex) is kOatUpToDate with filter 'speed' executable 'false'
03-24 21:17:18.693  2945  4999 I BugleRcsEngine: No RCS Configuration was found in Bugle for simID: redacted-pii:sim_id[chars:20,last3:897] [CONTEXT log_prefix="ProvisioningEngineDataRetriever" thread_id=146 ]
03-24 21:17:18.823  1319  4494 I SQLiteConnection: Long db operation: /data/user/0/com.google.android.gms/databases/phenotype.db
03-24 21:17:18.872  1872  4866 I artd    : GetBestInfo: odex next to the dex file (/data/app/~~WEw-qEWCHlUZbloVSQpK4Q==/com.google.android.gms-zScGdJoN6j6usFjBF8E2Dg==/oat/x86_64/split_CronetDynamite_installtime.odex) is kOatUpToDate with filter 'speed' executable 'false'
03-24 21:17:18.936  1872  1880 I artd    : GetBestInfo: odex next to the dex file (/data/app/~~WEw-qEWCHlUZbloVSQpK4Q==/com.google.android.gms-zScGdJoN6j6usFjBF8E2Dg==/oat/x86_64/split_DynamiteLoader_installtime.odex) is kOatUpToDate with filter 'speed' executable 'false'
03-24 21:17:19.052  1872  1880 I artd    : GetBestInfo: odex next to the dex file (/data/app/~~WEw-qEWCHlUZbloVSQpK4Q==/com.google.android.gms-zScGdJoN6j6usFjBF8E2Dg==/oat/x86_64/split_DynamiteModulesA_installtime.odex) is kOatUpToDate with filter 'speed' executable 'false'
03-24 21:17:19.182  1872  1880 I artd    : GetBestInfo: odex next to the dex file (/data/app/~~WEw-qEWCHlUZbloVSQpK4Q==/com.google.android.gms-zScGdJoN6j6usFjBF8E2Dg==/oat/x86_64/split_DynamiteModulesC_installtime.odex) is kOatUpToDate with filter 'speed' executable 'false'
03-24 21:17:19.324  1872  1880 I artd    : GetBestInfo: odex next to the dex file (/data/app/~~WEw-qEWCHlUZbloVSQpK4Q==/com.google.android.gms-zScGdJoN6j6usFjBF8E2Dg==/oat/x86_64/split_GoogleCertificates_installtime.odex) is kOatUpToDate with filter 'speed' executable 'false'
03-24 21:17:19.423   761  1091 W ContentProviderHelper: Slow operation: 59ms so far, now at getContentProviderImpl: after updateOomAdj
03-24 21:17:19.423   761  1091 W ContentProviderHelper: Slow operation: 59ms so far, now at getContentProviderImpl: done!
03-24 21:17:19.452  1872  4866 I artd    : GetBestInfo: odex next to the dex file (/data/app/~~WEw-qEWCHlUZbloVSQpK4Q==/com.google.android.gms-zScGdJoN6j6usFjBF8E2Dg==/oat/x86_64/split_MapsDynamite_installtime.odex) is kOatUpToDate with filter 'speed' executable 'false'
03-24 21:17:19.630   761   967 D BackgroundInstallControlService: Package event received: 0
03-24 21:17:19.656  2427  2435 W .android.dialer: Suspending all threads took: 38.915ms
03-24 21:17:19.669  1872  4866 I artd    : GetBestInfo: odex next to the dex file (/data/app/~~WEw-qEWCHlUZbloVSQpK4Q==/com.google.android.gms-zScGdJoN6j6usFjBF8E2Dg==/oat/x86_64/split_MeasurementDynamite_installtime.odex) is kOatUpToDate with filter 'speed' executable 'false'
03-24 21:17:19.681  2945  5022 W BugleRcsEngine: Unable to send diagnostic log [CONTEXT thread_id=147 ]
03-24 21:17:19.839   761  1091 D ActivityManager: sync unfroze 1854 com.google.android.gms for 6
03-24 21:17:19.869  1872  1880 I artd    : GetBestInfo: odex next to the dex file (/data/app/~~WEw-qEWCHlUZbloVSQpK4Q==/com.google.android.gms-zScGdJoN6j6usFjBF8E2Dg==/oat/x86_64/split_all_locale_splits.odex) is kOatUpToDate with filter 'speed' executable 'false'
03-24 21:17:20.001  1872  1880 I artd    : GetBestInfo: /data/user_de/0/com.google.android.gms/app_chimera/m/0000000a/dl-TfliteDynamiteDynamite.integ_252130102100800.apk has no usable artifacts
03-24 21:17:20.081   761   904 I HalDevMgr: bestIfaceCreationProposal is null, requestIface=STA, existingIface=[name=wlan0 type=STA]
03-24 21:17:20.083  1872  1880 I artd    : GetBestInfo: /data/user_de/0/com.google.android.gms/app_chimera/m/00000001/CronetDynamite.apk has no usable artifacts
03-24 21:17:20.089  1872  1880 I artd    : GetBestInfo: /data/user_de/0/com.google.android.gms/app_chimera/m/00000002/DynamiteLoader.apk has no usable artifacts
03-24 21:17:20.090  1872  1880 I artd    : GetBestInfo: /data/user_de/0/com.google.android.gms/app_chimera/m/00000005/GoogleCertificates.apk has no usable artifacts
03-24 21:17:20.206  1017  1024 W ndroid.systemui: Suspending all threads took: 33.075ms
03-24 21:17:20.220  1872  1880 I artd    : GetBestInfo: /data/user_de/0/com.google.android.gms/app_chimera/m/0000000f/dl-MlkitOcrCommon.optional_261133100800.apk has no usable artifacts
03-24 21:17:20.348  1872  4866 I artd    : GetBestInfo: /data/user_de/0/com.google.android.gms/app_chimera/m/0000000d/dl-MlkitBarcodeUi.optional_261133100800.apk has no usable artifacts
03-24 21:17:20.484  1872  1880 I artd    : GetBestInfo: vdex next to the dex file (/data/user/0/com.google.android.gms/app_dg_cache/E054CA794C125F959C88D4849C82AB3F226237E6/oat/x86_64/the.vdex) is kOatUpToDate with filter 'verify' executable 'false'
03-24 21:17:20.573  1872  1880 I artd    : GetBestInfo: /data/user_de/0/com.google.android.gms/app_chimera/m/00000007/MeasurementDynamite.apk has no usable artifacts
03-24 21:17:20.676  1872  1880 I artd    : GetBestInfo: /data/user_de/0/com.google.android.gms/app_chimera/m/0000000b/dl-VisionOcr.optional_261133100000.apk has no usable artifacts
03-24 21:17:20.772  1872  1880 I artd    : GetBestInfo: /data/user_de/0/com.google.android.gms/app_chimera/m/0000000c/dl-Appsearch.optional_261133100800.apk has no usable artifacts
03-24 21:17:20.968  5030  5030 W libbinder.BackendUnifiedServiceManager: Thread Pool max thread count is 0. Cannot cache binder as linkToDeath cannot be implemented. serviceName: package
03-24 21:17:21.179  1872  4866 I artd    : GetBestInfo: /data/user/0/com.google.android.gms/app_dg_cache/0B5F21648920603C6816E0B76773EED17E15FB77/the.apk has no usable artifacts
03-24 21:17:21.483   761  1752 W libbinder.Binder: Binder transaction to android.content.pm.IPackageManager code 1598311760 took 8244ms. Data bytes: 80 Reply bytes: 4 Flags: 16
03-24 21:17:21.556  1854  2303 W libbinder.Binder: Binder transaction to android.app.IApplicationThread code 55 took 1281ms. Data bytes: 396 Reply bytes: 0 Flags: 17
03-24 21:17:21.575   761  1752 W JobInfo : Job 'com.google.android.settings.intelligence/.modules.routines.impl.RoutinesJobIntentService#1728' has a deadline with no functional constraints. The deadline won't improve job execution latency. Consider removing the deadline.
03-24 21:17:21.622  2945  4999 I BugleRcsEngine: transitionViaMessage, srcState=ReadyState, destState = VerifyMsisdnState [1dd7c587-2966-475c-b7a2-86ac85fec7a8] [CONTEXT log_prefix="(PEv2-SM-Bugle-259393816)" thread_id=146 ]
03-24 21:17:21.804  2945  5022 I StateMachineV2: State transition requested, from 3 to 31
03-24 21:17:22.061  2945  5022 I StateMachineV2: Exiting dglr@6955a8d
03-24 21:17:22.063  2945  5022 I BugleRcsEngine: Exit ReadyState [1dd7c587-2966-475c-b7a2-86ac85fec7a8] [CONTEXT log_prefix="(PEv2-SM-Bugle-259393816)" thread_id=147 ]
03-24 21:17:22.624  2945  5022 W BugleRcsEngine: Unable to send diagnostic log [CONTEXT thread_id=147 ]
03-24 21:17:22.705  2945  5022 I StateMachineV2: Entering dgmq@f5489c1
03-24 21:17:22.744  2945  5022 I BugleRcsEngine: Enter VerifyMsisdnState [1dd7c587-2966-475c-b7a2-86ac85fec7a8] [CONTEXT log_prefix="(PEv2-SM-Bugle-259393816)" thread_id=147 ]
03-24 21:17:23.345  2945  5022 W BugleRcsEngine: Unable to send diagnostic log [CONTEXT thread_id=147 ]
03-24 21:17:23.425  2945  5022 I StateMachineV2: Queuing delayed 9 for PT5M
03-24 21:17:23.453   761   904 I HalDevMgr: bestIfaceCreationProposal is null, requestIface=STA, existingIface=[name=wlan0 type=STA]
03-24 21:17:23.801  2945  4999 W BugleRcsEngine: Unable to send diagnostic log [CONTEXT thread_id=146 ]
03-24 21:17:23.879  1319  1342 W libbinder.Binder: Binder transaction to com.google.android.gms.common.internal.IGmsServiceBroker code 46 took 3209ms. Data bytes: 796 Reply bytes: 4 Flags: 18
03-24 21:17:23.985  1164  1299 D SatelliteController: iisInCarrierRoamingNbIotNtn: satellite is disabled
03-24 21:17:24.103  1164  1299 D SatelliteController: getCarrierRoamingNtnConnectType: Falling back to global carrier config connect type: 0
03-24 21:17:24.683   761  1734 W FastPrintWriter: Write failure
03-24 21:17:24.683   761  1734 W FastPrintWriter: java.io.IOException: write failed: EPIPE (Broken pipe)
03-24 21:17:24.683   761  1734 W FastPrintWriter: 	at libcore.io.IoBridge.write(IoBridge.java:651)
03-24 21:17:24.683   761  1734 W FastPrintWriter: 	at java.io.FileOutputStream.write(FileOutputStream.java:436)
03-24 21:17:24.683   761  1734 W FastPrintWriter: 	at com.android.internal.util.FastPrintWriter.flushBytesLocked(FastPrintWriter.java:355)
03-24 21:17:24.683   761  1734 W FastPrintWriter: 	at com.android.internal.util.FastPrintWriter.flushLocked(FastPrintWriter.java:378)
03-24 21:17:24.683   761  1734 W FastPrintWriter: 	at com.android.internal.util.FastPrintWriter.appendLocked(FastPrintWriter.java:323)
03-24 21:17:24.683   761  1734 W FastPrintWriter: 	at com.android.internal.util.FastPrintWriter.print(FastPrintWriter.java:500)
03-24 21:17:24.683   761  1734 W FastPrintWriter: 	at java.io.PrintWriter.println(PrintWriter.java:822)
03-24 21:17:24.683   761  1734 W FastPrintWriter: 	at android.util.PrintWriterPrinter.println(PrintWriterPrinter.java:39)
03-24 21:17:24.683   761  1734 W FastPrintWriter: 	at android.content.IntentFilter.dump(IntentFilter.java:2822)
03-24 21:17:24.683   761  1734 W FastPrintWriter: 	at com.android.server.IntentResolver.dumpMap(IntentResolver.java:251)
03-24 21:17:24.683   761  1734 W FastPrintWriter: 	at com.android.server.IntentResolver.dump(IntentResolver.java:305)
03-24 21:17:24.683   761  1734 W FastPrintWriter: 	at com.android.server.pm.resolution.ComponentResolverBase.dumpServiceResolvers(ComponentResolverBase.java:349)
03-24 21:17:24.683   761  1734 W FastPrintWriter: 	at com.android.server.pm.DumpHelper.doDump(DumpHelper.java:420)
03-24 21:17:24.683   761  1734 W FastPrintWriter: 	at com.android.server.pm.PackageManagerService$IPackageManagerImpl.dump(PackageManagerService.java:6759)
03-24 21:17:24.683   761  1734 W FastPrintWriter: 	at android.os.Binder.doDump(Binder.java:1104)
03-24 21:17:24.683   761  1734 W FastPrintWriter: 	at android.os.Binder.dump(Binder.java:1094)
03-24 21:17:24.683   761  1734 W FastPrintWriter: 	at android.os.Binder.onTransact(Binder.java:940)
03-24 21:17:24.683   761  1734 W FastPrintWriter: 	at android.content.pm.IPackageManager$Stub.onTransact(IPackageManager.java:4666)
03-24 21:17:24.683   761  1734 W FastPrintWriter: 	at com.android.server.pm.PackageManagerService$IPackageManagerImpl.onTransact(PackageManagerService.java:6705)
03-24 21:17:24.683   761  1734 W FastPrintWriter: 	at android.os.Binder.execTransactInternal(Binder.java:1478)
03-24 21:17:24.683   761  1734 W FastPrintWriter: 	at android.os.Binder.execTransact(Binder.java:1418)
03-24 21:17:24.683   761  1734 W FastPrintWriter: Caused by: android.system.ErrnoException: write failed: EPIPE (Broken pipe)
03-24 21:17:24.683   761  1734 W FastPrintWriter: 	at libcore.io.Linux.writeBytes(Native Method)
03-24 21:17:24.683   761  1734 W FastPrintWriter: 	at libcore.io.Linux.write(Linux.java:338)
03-24 21:17:24.683   761  1734 W FastPrintWriter: 	at libcore.io.ForwardingOs.write(ForwardingOs.java:954)
03-24 21:17:24.683   761  1734 W FastPrintWriter: 	at libcore.io.BlockGuardOs.write(BlockGuardOs.java:448)
03-24 21:17:24.683   761  1734 W FastPrintWriter: 	at libcore.io.IoBridge.write(IoBridge.java:646)
03-24 21:17:24.683   761  1734 W FastPrintWriter: 	... 20 more
03-24 21:17:24.976  1017  1047 I ndroid.systemui: Waiting for a blocking GC ProfileSaver
03-24 21:17:25.601  1854  1854 D BoundBrokerSvc: onBind: Intent { act=com.google.android.gms.constellation.service.START xflg=0x4 pkg=com.google.android.gms }
03-24 21:17:25.606  1854  1854 D BoundBrokerSvc: Loading bound service for intent: Intent { act=com.google.android.gms.constellation.service.START xflg=0x4 pkg=com.google.android.gms }
03-24 21:17:26.985  1872  4866 I artd    : GetBestInfo: odex next to the dex file (/data/app/~~WEw-qEWCHlUZbloVSQpK4Q==/com.google.android.gms-zScGdJoN6j6usFjBF8E2Dg==/oat/x86_64/base.odex) is kOatUpToDate with filter 'speed-profile' executable 'false'
03-24 21:17:27.193  1872  4866 I artd    : GetBestInfo: odex next to the dex file (/data/app/~~WEw-qEWCHlUZbloVSQpK4Q==/com.google.android.gms-zScGdJoN6j6usFjBF8E2Dg==/oat/x86_64/split_AdsDynamite_installtime.odex) is kOatUpToDate with filter 'speed' executable 'false'
03-24 21:17:27.229   761   904 I HalDevMgr: bestIfaceCreationProposal is null, requestIface=STA, existingIface=[name=wlan0 type=STA]
03-24 21:17:27.314  1872  4866 I artd    : GetBestInfo: odex next to the dex file (/data/app/~~WEw-qEWCHlUZbloVSQpK4Q==/com.google.android.gms-zScGdJoN6j6usFjBF8E2Dg==/oat/x86_64/split_CronetDynamite_installtime.odex) is kOatUpToDate with filter 'speed' executable 'false'
03-24 21:17:27.635  1872  4866 I artd    : GetBestInfo: odex next to the dex file (/data/app/~~WEw-qEWCHlUZbloVSQpK4Q==/com.google.android.gms-zScGdJoN6j6usFjBF8E2Dg==/oat/x86_64/split_DynamiteLoader_installtime.odex) is kOatUpToDate with filter 'speed' executable 'false'
03-24 21:17:28.067  1872  4866 I artd    : GetBestInfo: odex next to the dex file (/data/app/~~WEw-qEWCHlUZbloVSQpK4Q==/com.google.android.gms-zScGdJoN6j6usFjBF8E2Dg==/oat/x86_64/split_DynamiteModulesA_installtime.odex) is kOatUpToDate with filter 'speed' executable 'false'
03-24 21:17:28.404  1872  4866 I artd    : GetBestInfo: odex next to the dex file (/data/app/~~WEw-qEWCHlUZbloVSQpK4Q==/com.google.android.gms-zScGdJoN6j6usFjBF8E2Dg==/oat/x86_64/split_DynamiteModulesC_installtime.odex) is kOatUpToDate with filter 'speed' executable 'false'
03-24 21:17:28.480   761  1746 W ProcessStats: Tracking association SourceState{64a8492 com.google.android.apps.messaging/10154 ImpBg #4325} whose proc state 6 is better than process ProcessState{dc283bf com.google.android.gms/10155 pkg=com.google.android.gms} proc state 14 (1 skipped)
03-24 21:17:28.557  1872  4866 I artd    : GetBestInfo: odex next to the dex file (/data/app/~~WEw-qEWCHlUZbloVSQpK4Q==/com.google.android.gms-zScGdJoN6j6usFjBF8E2Dg==/oat/x86_64/split_GoogleCertificates_installtime.odex) is kOatUpToDate with filter 'speed' executable 'false'
03-24 21:17:28.717  1319  1342 W libbinder.Binder: Binder transaction to com.google.android.gms.contextmanager.internal.IContextManagerService code 13 took 3461ms. Data bytes: 932 Reply bytes: 4 Flags: 18
03-24 21:17:28.792  1872  4866 I artd    : GetBestInfo: odex next to the dex file (/data/app/~~WEw-qEWCHlUZbloVSQpK4Q==/com.google.android.gms-zScGdJoN6j6usFjBF8E2Dg==/oat/x86_64/split_MapsDynamite_installtime.odex) is kOatUpToDate with filter 'speed' executable 'false'
03-24 21:17:28.820  1258  3931 D PrefCtrlListHelper: Could not find Context-only controller for pref: com.android.settings.inputmethod.TouchpadThreeFingerTapActionPreferenceController
03-24 21:17:29.016  1258  3993 D PrefCtrlListHelper: Could not find Context-only controller for pref: com.android.settings.notification.LockScreenNotificationsGlobalPreferenceController
03-24 21:17:29.152  1872  4866 I artd    : GetBestInfo: odex next to the dex file (/data/app/~~WEw-qEWCHlUZbloVSQpK4Q==/com.google.android.gms-zScGdJoN6j6usFjBF8E2Dg==/oat/x86_64/split_MeasurementDynamite_installtime.odex) is kOatUpToDate with filter 'speed' executable 'false'
03-24 21:17:29.799  1258  3931 D PrefCtrlListHelper: Could not find Context-only controller for pref: com.android.settings.inputmethod.TouchpadThreeFingerTapActionPreferenceController
03-24 21:17:29.978  1872  4866 I artd    : GetBestInfo: odex next to the dex file (/data/app/~~WEw-qEWCHlUZbloVSQpK4Q==/com.google.android.gms-zScGdJoN6j6usFjBF8E2Dg==/oat/x86_64/split_all_locale_splits.odex) is kOatUpToDate with filter 'speed' executable 'false'
03-24 21:17:30.342  1872  4866 I artd    : GetBestInfo: /data/user_de/0/com.google.android.gms/app_chimera/m/0000000a/dl-TfliteDynamiteDynamite.integ_252130102100800.apk has no usable artifacts
03-24 21:17:30.617  1872  4866 I artd    : GetBestInfo: /data/user_de/0/com.google.android.gms/app_chimera/m/00000001/CronetDynamite.apk has no usable artifacts
03-24 21:17:30.621  1872  4866 I artd    : GetBestInfo: /data/user_de/0/com.google.android.gms/app_chimera/m/00000002/DynamiteLoader.apk has no usable artifacts
03-24 21:17:30.623  1872  4866 I artd    : GetBestInfo: /data/user_de/0/com.google.android.gms/app_chimera/m/00000005/GoogleCertificates.apk has no usable artifacts
03-24 21:17:30.664  1258  3993 D PrefCtrlListHelper: Could not find Context-only controller for pref: com.android.settings.notification.lockscreen.MinimalismPreferenceController
03-24 21:17:31.221  1258  3993 D PrefCtrlListHelper: Could not find Context-only controller for pref: com.android.settings.notification.LockScreenWhatToShowController
03-24 21:17:31.965  1872  4866 I artd    : GetBestInfo: /data/user_de/0/com.google.android.gms/app_chimera/m/0000000f/dl-MlkitOcrCommon.optional_261133100800.apk has no usable artifacts
03-24 21:17:32.077  1872  4866 W libbinder.Binder: Binder transaction to com.android.server.art.IArtd code 3 took 1435ms. Data bytes: 1220 Reply bytes: 88 Flags: 16
03-24 21:17:32.493  1258  3993 D PrefCtrlListHelper: Could not find Context-only controller for pref: com.android.settings.notification.LockScreenNotificationShowViewedController
03-24 21:17:32.501  1872  4866 I artd    : GetBestInfo: /data/user_de/0/com.google.android.gms/app_chimera/m/0000000d/dl-MlkitBarcodeUi.optional_261133100800.apk has no usable artifacts
03-24 21:17:32.511   761   904 I HalDevMgr: bestIfaceCreationProposal is null, requestIface=STA, existingIface=[name=wlan0 type=STA]
03-24 21:17:32.519  1258  3993 D PrefCtrlListHelper: Could not find Context-only controller for pref: com.android.settings.notification.LockScreenNotificationShowSilentController
03-24 21:17:32.523  1258  3993 D PrefCtrlListHelper: Could not find Context-only controller for pref: com.android.settings.notification.LockScreenNotificationShowSensitiveController
03-24 21:17:32.535   761   914 D InetDiagMessage: Destroyed 0 sockets, proto=IPPROTO_TCP, family=AF_INET, states=14
03-24 21:17:32.538   761   914 D InetDiagMessage: Destroyed 0 sockets, proto=IPPROTO_TCP, family=AF_INET6, states=14
03-24 21:17:32.559   761   914 D InetDiagMessage: Destroyed live tcp sockets for uids={10157} in 595ms
03-24 21:17:32.562  1258  4073 D SlicesIndexer: Slices already indexed - returning.
03-24 21:17:32.643  1258  3931 D PrefCtrlListHelper: Could not find Context-only controller for pref: com.android.settings.inputmethod.TouchpadThreeFingerTapActionPreferenceController
03-24 21:17:32.729   761   914 D InetDiagMessage: Destroyed 0 sockets, proto=IPPROTO_TCP, family=AF_INET, states=14
03-24 21:17:32.773  1258  3931 D PrefCtrlListHelper: Could not find Context-only controller for pref: com.android.settings.inputmethod.TouchpadThreeFingerTapActionPreferenceController
03-24 21:17:32.831   761   914 D InetDiagMessage: Destroyed 0 sockets, proto=IPPROTO_TCP, family=AF_INET6, states=14
03-24 21:17:32.832   761   914 D InetDiagMessage: Destroyed live tcp sockets for uids={20157} in 272ms
03-24 21:17:32.850  1872  4866 I artd    : GetBestInfo: vdex next to the dex file (/data/user/0/com.google.android.gms/app_dg_cache/E054CA794C125F959C88D4849C82AB3F226237E6/oat/x86_64/the.vdex) is kOatUpToDate with filter 'verify' executable 'false'
03-24 21:17:32.894  1258  3931 D PrefCtrlListHelper: Could not find Context-only controller for pref: com.android.settings.inputmethod.TouchpadThreeFingerTapActionPreferenceController
03-24 21:17:32.896  1258  3931 D PrefCtrlListHelper: Could not find Context-only controller for pref: com.android.settings.inputmethod.TouchpadThreeFingerTapActionPreferenceController
03-24 21:17:32.941  1872  4866 I artd    : GetBestInfo: /data/user_de/0/com.google.android.gms/app_chimera/m/00000007/MeasurementDynamite.apk has no usable artifacts
03-24 21:17:32.996  1872  4866 I artd    : GetBestInfo: /data/user_de/0/com.google.android.gms/app_chimera/m/0000000b/dl-VisionOcr.optional_261133100000.apk has no usable artifacts
03-24 21:17:33.098  1872  4866 I artd    : GetBestInfo: /data/user_de/0/com.google.android.gms/app_chimera/m/0000000c/dl-Appsearch.optional_261133100800.apk has no usable artifacts
03-24 21:17:33.111  1258  3993 D PrefCtrlListHelper: Could not find Context-only controller for pref: com.android.settings.notification.LockScreenNotificationShowSensitiveController
03-24 21:17:33.286  1872  4866 I artd    : GetBestInfo: /data/user/0/com.google.android.gms/app_dg_cache/0B5F21648920603C6816E0B76773EED17E15FB77/the.apk has no usable artifacts
03-24 21:17:33.731   761  1734 W libbinder.Binder: Binder transaction to android.content.pm.IPackageManager code 1598311760 took 12746ms. Data bytes: 80 Reply bytes: 4 Flags: 16
03-24 21:17:33.884  5035  5035 W libbinder.BackendUnifiedServiceManager: Thread Pool max thread count is 0. Cannot cache binder as linkToDeath cannot be implemented. serviceName: package
03-24 21:17:34.646  1164  1299 D SatelliteController: iisInCarrierRoamingNbIotNtn: satellite is disabled
03-24 21:17:34.873   761   863 D ActivityManager: freezing 3883 com.google.android.settings.intelligence
03-24 21:17:34.933   761  1734 W FastPrintWriter: Write failure
03-24 21:17:34.933   761  1734 W FastPrintWriter: java.io.IOException: write failed: EPIPE (Broken pipe)
03-24 21:17:34.933   761  1734 W FastPrintWriter: 	at libcore.io.IoBridge.write(IoBridge.java:651)
03-24 21:17:34.933   761  1734 W FastPrintWriter: 	at java.io.FileOutputStream.write(FileOutputStream.java:436)
03-24 21:17:34.933   761  1734 W FastPrintWriter: 	at com.android.internal.util.FastPrintWriter.flushBytesLocked(FastPrintWriter.java:355)
03-24 21:17:34.933   761  1734 W FastPrintWriter: 	at com.android.internal.util.FastPrintWriter.flushLocked(FastPrintWriter.java:378)
03-24 21:17:34.933   761  1734 W FastPrintWriter: 	at com.android.internal.util.FastPrintWriter.appendLocked(FastPrintWriter.java:323)
03-24 21:17:34.933   761  1734 W FastPrintWriter: 	at com.android.internal.util.FastPrintWriter.print(FastPrintWriter.java:500)
03-24 21:17:34.933   761  1734 W FastPrintWriter: 	at java.io.PrintWriter.println(PrintWriter.java:822)
03-24 21:17:34.933   761  1734 W FastPrintWriter: 	at android.util.PrintWriterPrinter.println(PrintWriterPrinter.java:39)
03-24 21:17:34.933   761  1734 W FastPrintWriter: 	at android.content.IntentFilter.dump(IntentFilter.java:2831)
03-24 21:17:34.933   761  1734 W FastPrintWriter: 	at com.android.server.IntentResolver.dumpMap(IntentResolver.java:251)
03-24 21:17:34.933   761  1734 W FastPrintWriter: 	at com.android.server.IntentResolver.dump(IntentResolver.java:305)
03-24 21:17:34.933   761  1734 W FastPrintWriter: 	at com.android.server.pm.resolution.ComponentResolverBase.dumpActivityResolvers(ComponentResolverBase.java:319)
03-24 21:17:34.933   761  1734 W FastPrintWriter: 	at com.android.server.pm.DumpHelper.doDump(DumpHelper.java:412)
03-24 21:17:34.933   761  1734 W FastPrintWriter: 	at com.android.server.pm.PackageManagerService$IPackageManagerImpl.dump(PackageManagerService.java:6759)
03-24 21:17:34.933   761  1734 W FastPrintWriter: 	at android.os.Binder.doDump(Binder.java:1104)
03-24 21:17:34.933   761  1734 W FastPrintWriter: 	at android.os.Binder.dump(Binder.java:1094)
03-24 21:17:34.933   761  1734 W FastPrintWriter: 	at android.os.Binder.onTransact(Binder.java:940)
03-24 21:17:34.933   761  1734 W FastPrintWriter: 	at android.content.pm.IPackageManager$Stub.onTransact(IPackageManager.java:4666)
03-24 21:17:34.933   761  1734 W FastPrintWriter: 	at com.android.server.pm.PackageManagerService$IPackageManagerImpl.onTransact(PackageManagerService.java:6705)
03-24 21:17:34.933   761  1734 W FastPrintWriter: 	at android.os.Binder.execTransactInternal(Binder.java:1478)
03-24 21:17:34.933   761  1734 W FastPrintWriter: 	at android.os.Binder.execTransact(Binder.java:1418)
03-24 21:17:34.933   761  1734 W FastPrintWriter: Caused by: android.system.ErrnoException: write failed: EPIPE (Broken pipe)
03-24 21:17:34.933   761  1734 W FastPrintWriter: 	at libcore.io.Linux.writeBytes(Native Method)
03-24 21:17:34.933   761  1734 W FastPrintWriter: 	at libcore.io.Linux.write(Linux.java:338)
03-24 21:17:34.933   761  1734 W FastPrintWriter: 	at libcore.io.ForwardingOs.write(ForwardingOs.java:954)
03-24 21:17:34.933   761  1734 W FastPrintWriter: 	at libcore.io.BlockGuardOs.write(BlockGuardOs.java:448)
03-24 21:17:34.933   761  1734 W FastPrintWriter: 	at libcore.io.IoBridge.write(IoBridge.java:646)
03-24 21:17:34.933   761  1734 W FastPrintWriter: 	... 20 more
03-24 21:17:34.972  1164  1299 D SatelliteController: getCarrierRoamingNtnConnectType: Falling back to global carrier config connect type: 0
03-24 21:17:35.024  1319  1342 W libbinder.Binder: Binder transaction to com.google.android.gms.common.internal.IGmsServiceBroker code 46 took 4705ms. Data bytes: 1836 Reply bytes: 4 Flags: 18
03-24 21:17:35.244   761   863 D ActivityManager: Reschedule freeze for process 3883 com.google.android.settings.intelligence (outstanding txns), timeout=2934
03-24 21:17:35.488   761  1746 W libbinder.Binder: Binder transaction to com.android.internal.telephony.ITelephonyRegistry code 8 took 1060ms. Data bytes: 804 Reply bytes: 4 Flags: 18
03-24 21:17:35.929   761   904 I HalDevMgr: bestIfaceCreationProposal is null, requestIface=STA, existingIface=[name=wlan0 type=STA]
03-24 21:17:35.940  2945  5022 W BugleRcsEngine: Unable to send diagnostic log [CONTEXT thread_id=147 ]
03-24 21:17:36.713  2945  5022 I BugleRcsEngine: Manually entered MSISDN is: redacted-pii:sim_id[null] [CONTEXT log_prefix="ProvisioningEngineDataRetriever" thread_id=147 ]
03-24 21:17:38.489   761   863 D ActivityManager: freezing 3883 com.google.android.settings.intelligence
03-24 21:17:38.705   761   863 D ActivityManager: Reschedule freeze for process 3883 com.google.android.settings.intelligence (outstanding txns), timeout=1000
03-24 21:17:38.723  1319  4425 W ctxmgr  : [WorkManager] Long workInfo: pkg=com.google.android.settings.intelligence, lbl=UpdateFenceRegistration, start=2026-03-24 21:17:28.892+0200, stop=2026-03-24 21:17:38.512+0200, durtn=9620ms [CONTEXT service_id=47 ]
03-24 21:17:39.026  1319  1781 I SQLiteConnection: Long db operation: /data/user/0/com.google.android.gms/databases/phenotype.db
03-24 21:17:38.977  1258  4073 I SQLiteConnection: Long db operation: /data/user_de/0/com.android.settings/databases/slices_index.db
03-24 21:17:39.712   761   863 D ActivityManager: freezing 3883 com.google.android.settings.intelligence
03-24 21:17:39.748   761   863 D ActivityManager: Kill app due to repeated failure to freeze binder: 3883 com.google.android.settings.intelligence
03-24 21:17:40.291   761   793 I ActivityManager: Killing 3883:com.google.android.settings.intelligence/u0a157 (adj 905): excessive binder traffic during cached
03-24 21:17:40.410  5033  5033 D AndroidRuntime: >>>>>> START com.android.internal.os.RuntimeInit uid 2000 <<<<<<
03-24 21:17:40.479   761   904 I HalDevMgr: bestIfaceCreationProposal is null, requestIface=STA, existingIface=[name=wlan0 type=STA]
03-24 21:17:40.501   761   761 W Looper  : Slow dispatch took 127ms main app=system_server main=true group=FOREGROUND h=com.android.server.pm.SnapshotStatistics$1 c=null m=0
03-24 21:17:40.868   761   849 I UsageStatsService: User[0] Flushing usage stats to disk
03-24 21:17:41.019  5033  5033 I AndroidRuntime: Using default boot image
03-24 21:17:41.019  5033  5033 I AndroidRuntime: Leaving lock profiling enabled
03-24 21:17:41.018  5038  5038 W libbinder.BackendUnifiedServiceManager: Thread Pool max thread count is 0. Cannot cache binder as linkToDeath cannot be implemented. serviceName: package
03-24 21:17:41.427  2427  2435 W .android.dialer: Suspending all threads took: 10.267ms
03-24 21:17:41.521  5033  5033 I app_process: Using CollectorTypeCMC GC.
03-24 21:17:41.854  1258  4073 D SettingsSliceProvider: provide 68 non-public slices
03-24 21:17:42.526  1127  2146 W libbinder.Binder: Binder transaction to android.bluetooth.IBluetooth code 68 took 2298ms. Data bytes: 184 Reply bytes: 0 Flags: 17
03-24 21:17:42.703  1872  1880 I artd    : GetBestInfo: odex next to the dex file (/data/app/~~WEw-qEWCHlUZbloVSQpK4Q==/com.google.android.gms-zScGdJoN6j6usFjBF8E2Dg==/oat/x86_64/base.odex) is kOatUpToDate with filter 'speed-profile' executable 'false'
03-24 21:17:42.797  1872  1880 I artd    : GetBestInfo: odex next to the dex file (/data/app/~~WEw-qEWCHlUZbloVSQpK4Q==/com.google.android.gms-zScGdJoN6j6usFjBF8E2Dg==/oat/x86_64/split_AdsDynamite_installtime.odex) is kOatUpToDate with filter 'speed' executable 'false'
03-24 21:17:42.813   761   803 E BluetoothPowerStatsCollector: Cannot acquire BluetoothActivityEnergyInfo
03-24 21:17:42.813   761   803 E BluetoothPowerStatsCollector: java.util.concurrent.ExecutionException: java.lang.RuntimeException: error: 11
03-24 21:17:42.813   761   803 E BluetoothPowerStatsCollector: 	at java.util.concurrent.CompletableFuture.reportGet(CompletableFuture.java:372)
03-24 21:17:42.813   761   803 E BluetoothPowerStatsCollector: 	at java.util.concurrent.CompletableFuture.get(CompletableFuture.java:2072)
03-24 21:17:42.813   761   803 E BluetoothPowerStatsCollector: 	at com.android.server.power.stats.BluetoothPowerStatsCollector.collectBluetoothActivityInfo(BluetoothPowerStatsCollector.java:191)
03-24 21:17:42.813   761   803 E BluetoothPowerStatsCollector: 	at com.android.server.power.stats.BluetoothPowerStatsCollector.collectStats(BluetoothPowerStatsCollector.java:155)
03-24 21:17:42.813   761   803 E BluetoothPowerStatsCollector: 	at com.android.server.power.stats.PowerStatsCollector.collectAndDeliverStats(PowerStatsCollector.java:196)
03-24 21:17:42.813   761   803 E BluetoothPowerStatsCollector: 	at com.android.server.power.stats.PowerStatsCollector.lambda$schedule$0(PowerStatsCollector.java:166)
03-24 21:17:42.813   761   803 E BluetoothPowerStatsCollector: 	at com.android.server.power.stats.PowerStatsCollector.$r8$lambda$G7G_yFY7rV7oxQbQHnZ5FHX8eBk(PowerStatsCollector.java:0)
03-24 21:17:42.813   761   803 E BluetoothPowerStatsCollector: 	at com.android.server.power.stats.PowerStatsCollector$$ExternalSyntheticLambda1.run(R8$$SyntheticClass:0)
03-24 21:17:42.813   761   803 E BluetoothPowerStatsCollector: 	at android.os.Handler.handleCallback(Handler.java:1070)
03-24 21:17:42.813   761   803 E BluetoothPowerStatsCollector: 	at android.os.Handler.dispatchMessage(Handler.java:125)
03-24 21:17:42.813   761   803 E BluetoothPowerStatsCollector: 	at android.os.Looper.dispatchMessage(Looper.java:333)
03-24 21:17:42.813   761   803 E BluetoothPowerStatsCollector: 	at android.os.Looper.loopOnce(Looper.java:263)
03-24 21:17:42.813   761   803 E BluetoothPowerStatsCollector: 	at android.os.Looper.loop(Looper.java:367)
03-24 21:17:42.813   761   803 E BluetoothPowerStatsCollector: 	at android.os.HandlerThread.run(HandlerThread.java:139)
03-24 21:17:42.813   761   803 E BluetoothPowerStatsCollector: Caused by: java.lang.RuntimeException: error: 11
03-24 21:17:42.813   761   803 E BluetoothPowerStatsCollector: 	at com.android.server.power.stats.BluetoothPowerStatsCollector$1.onBluetoothActivityEnergyInfoError(BluetoothPowerStatsCollector.java:180)
03-24 21:17:42.813   761   803 E BluetoothPowerStatsCollector: 	at android.bluetooth.BluetoothAdapter$OnBluetoothActivityEnergyInfoProxy.lambda$onBluetoothActivityEnergyInfoAvailable$0(BluetoothAdapter.java:1010)
03-24 21:17:42.813   761   803 E BluetoothPowerStatsCollector: 	at android.bluetooth.BluetoothAdapter$OnBluetoothActivityEnergyInfoProxy.$r8$lambda$ks_hN9Vo_x2Jp1k5f-s67WiAd4A(Unknown Source:0)
03-24 21:17:42.813   761   803 E BluetoothPowerStatsCollector: 	at android.bluetooth.BluetoothAdapter$OnBluetoothActivityEnergyInfoProxy$$ExternalSyntheticLambda0.run(D8$$SyntheticClass:0)
03-24 21:17:42.813   761   803 E BluetoothPowerStatsCollector: 	at android.bluetooth.BluetoothUtils.lambda$executeFromBinder$0(BluetoothUtils.java:346)
03-24 21:17:42.813   761   803 E BluetoothPowerStatsCollector: 	at android.bluetooth.BluetoothUtils$$ExternalSyntheticLambda1.run(D8$$SyntheticClass:0)
03-24 21:17:42.813   761   803 E BluetoothPowerStatsCollector: 	at com.android.server.SystemServerInitThreadPool$$ExternalSyntheticLambda0.execute(R8$$SyntheticClass:0)
03-24 21:17:42.813   761   803 E BluetoothPowerStatsCollector: 	at android.bluetooth.BluetoothUtils.executeFromBinder(BluetoothUtils.java:346)
03-24 21:17:42.813   761   803 E BluetoothPowerStatsCollector: 	at android.bluetooth.BluetoothAdapter$OnBluetoothActivityEnergyInfoProxy.onBluetoothActivityEnergyInfoAvailable(BluetoothAdapter.java:1008)
03-24 21:17:42.813   761   803 E BluetoothPowerStatsCollector: 	at android.bluetooth.IBluetoothActivityEnergyInfoListener$Stub.onTransact(IBluetoothActivityEnergyInfoListener.java:98)
03-24 21:17:42.813   761   803 E BluetoothPowerStatsCollector: 	at android.os.Binder.execTransactInternal(Binder.java:1478)
03-24 21:17:42.813   761   803 E BluetoothPowerStatsCollector: 	at android.os.Binder.execTransact(Binder.java:1418)
03-24 21:17:42.881  1258  3931 V SettingsSearchProvider: com.android.settings.enterprise.EnterprisePrivacySettings$1@13730b9 tried to add an empty non-indexable key
03-24 21:17:43.111  1872  1880 I artd    : GetBestInfo: odex next to the dex file (/data/app/~~WEw-qEWCHlUZbloVSQpK4Q==/com.google.android.gms-zScGdJoN6j6usFjBF8E2Dg==/oat/x86_64/split_CronetDynamite_installtime.odex) is kOatUpToDate with filter 'speed' executable 'false'
03-24 21:17:43.373  1872  1880 I artd    : GetBestInfo: odex next to the dex file (/data/app/~~WEw-qEWCHlUZbloVSQpK4Q==/com.google.android.gms-zScGdJoN6j6usFjBF8E2Dg==/oat/x86_64/split_DynamiteLoader_installtime.odex) is kOatUpToDate with filter 'speed' executable 'false'
03-24 21:17:43.495  1258  4073 D SlicesIndexer: Slices already indexed - returning.
03-24 21:17:43.577  1872  4866 I artd    : GetBestInfo: odex next to the dex file (/data/app/~~WEw-qEWCHlUZbloVSQpK4Q==/com.google.android.gms-zScGdJoN6j6usFjBF8E2Dg==/oat/x86_64/split_DynamiteModulesA_installtime.odex) is kOatUpToDate with filter 'speed' executable 'false'
03-24 21:17:43.583  1258  3993 D PrefCtrlListHelper: Could not find Context-only controller for pref: com.android.settings.notification.RemoteVolumeGroupController
03-24 21:17:43.630   761   795 W libprocessgroup: Still waiting on process(es) to exit for cgroup /sys/fs/cgroup/apps/uid_10157/pid_3883 after 2078 ms
03-24 21:17:43.771  1872  4866 I artd    : GetBestInfo: odex next to the dex file (/data/app/~~WEw-qEWCHlUZbloVSQpK4Q==/com.google.android.gms-zScGdJoN6j6usFjBF8E2Dg==/oat/x86_64/split_DynamiteModulesC_installtime.odex) is kOatUpToDate with filter 'speed' executable 'false'
03-24 21:17:43.906   761   795 E libprocessgroup: Unable to remove cgroup /sys/fs/cgroup/apps/uid_10157/pid_3883: Device or resource busy
03-24 21:17:43.908  1258  4073 D SettingsSliceProvider: Allowlisting 79 uris to 2 pkgs.
03-24 21:17:44.018  1872  4866 I artd    : GetBestInfo: odex next to the dex file (/data/app/~~WEw-qEWCHlUZbloVSQpK4Q==/com.google.android.gms-zScGdJoN6j6usFjBF8E2Dg==/oat/x86_64/split_GoogleCertificates_installtime.odex) is kOatUpToDate with filter 'speed' executable 'false'
03-24 21:17:44.404  1872  1880 I artd    : GetBestInfo: odex next to the dex file (/data/app/~~WEw-qEWCHlUZbloVSQpK4Q==/com.google.android.gms-zScGdJoN6j6usFjBF8E2Dg==/oat/x86_64/split_MapsDynamite_installtime.odex) is kOatUpToDate with filter 'speed' executable 'false'
03-24 21:17:44.564  1258  3931 D PrefCtrlListHelper: Could not find Context-only controller for pref: com.android.settings.notification.LockScreenNotificationsGlobalPreferenceController
03-24 21:17:44.577  1872  1880 I artd    : GetBestInfo: odex next to the dex file (/data/app/~~WEw-qEWCHlUZbloVSQpK4Q==/com.google.android.gms-zScGdJoN6j6usFjBF8E2Dg==/oat/x86_64/split_MeasurementDynamite_installtime.odex) is kOatUpToDate with filter 'speed' executable 'false'
03-24 21:17:44.675  1258  3931 D PrefCtrlListHelper: Could not find Context-only controller for pref: com.android.settings.notification.lockscreen.MinimalismPreferenceController
03-24 21:17:44.678  1258  3931 D PrefCtrlListHelper: Could not find Context-only controller for pref: com.android.settings.notification.LockScreenWhatToShowController
03-24 21:17:44.678  1258  3931 D PrefCtrlListHelper: Could not find Context-only controller for pref: com.android.settings.notification.LockScreenNotificationShowViewedController
03-24 21:17:44.679  1258  3931 D PrefCtrlListHelper: Could not find Context-only controller for pref: com.android.settings.notification.LockScreenNotificationShowSilentController
03-24 21:17:44.679  1258  3931 D PrefCtrlListHelper: Could not find Context-only controller for pref: com.android.settings.notification.LockScreenNotificationShowSensitiveController
03-24 21:17:44.684   761  1797 W FastPrintWriter: Write failure
03-24 21:17:44.684   761  1797 W FastPrintWriter: java.io.IOException: write failed: EPIPE (Broken pipe)
03-24 21:17:44.684   761  1797 W FastPrintWriter: 	at libcore.io.IoBridge.write(IoBridge.java:651)
03-24 21:17:44.684   761  1797 W FastPrintWriter: 	at java.io.FileOutputStream.write(FileOutputStream.java:436)
03-24 21:17:44.684   761  1797 W FastPrintWriter: 	at com.android.internal.util.FastPrintWriter.flushBytesLocked(FastPrintWriter.java:355)
03-24 21:17:44.684   761  1797 W FastPrintWriter: 	at com.android.internal.util.FastPrintWriter.flushLocked(FastPrintWriter.java:378)
03-24 21:17:44.684   761  1797 W FastPrintWriter: 	at com.android.internal.util.FastPrintWriter.appendLocked(FastPrintWriter.java:323)
03-24 21:17:44.684   761  1797 W FastPrintWriter: 	at com.android.internal.util.FastPrintWriter.print(FastPrintWriter.java:500)
03-24 21:17:44.684   761  1797 W FastPrintWriter: 	at java.io.PrintWriter.println(PrintWriter.java:822)
03-24 21:17:44.684   761  1797 W FastPrintWriter: 	at android.util.PrintWriterPrinter.println(PrintWriterPrinter.java:39)
03-24 21:17:44.684   761  1797 W FastPrintWriter: 	at android.content.IntentFilter.dump(IntentFilter.java:2822)
03-24 21:17:44.684   761  1797 W FastPrintWriter: 	at com.android.server.IntentResolver.dumpMap(IntentResolver.java:251)
03-24 21:17:44.684   761  1797 W FastPrintWriter: 	at com.android.server.IntentResolver.dump(IntentResolver.java:305)
03-24 21:17:44.684   761  1797 W FastPrintWriter: 	at com.android.server.pm.resolution.ComponentResolverBase.dumpReceiverResolvers(ComponentResolverBase.java:339)
03-24 21:17:44.684   761  1797 W FastPrintWriter: 	at com.android.server.pm.DumpHelper.doDump(DumpHelper.java:416)
03-24 21:17:44.684   761  1797 W FastPrintWriter: 	at com.android.server.pm.PackageManagerService$IPackageManagerImpl.dump(PackageManagerService.java:6759)
03-24 21:17:44.684   761  1797 W FastPrintWriter: 	at android.os.Binder.doDump(Binder.java:1104)
03-24 21:17:44.684   761  1797 W FastPrintWriter: 	at android.os.Binder.dump(Binder.java:1094)
03-24 21:17:44.684   761  1797 W FastPrintWriter: 	at android.os.Binder.onTransact(Binder.java:940)
03-24 21:17:44.684   761  1797 W FastPrintWriter: 	at android.content.pm.IPackageManager$Stub.onTransact(IPackageManager.java:4666)
03-24 21:17:44.684   761  1797 W FastPrintWriter: 	at com.android.server.pm.PackageManagerService$IPackageManagerImpl.onTransact(PackageManagerService.java:6705)
03-24 21:17:44.684   761  1797 W FastPrintWriter: 	at android.os.Binder.execTransactInternal(Binder.java:1478)
03-24 21:17:44.684   761  1797 W FastPrintWriter: 	at android.os.Binder.execTransact(Binder.java:1418)
03-24 21:17:44.684   761  1797 W FastPrintWriter: Caused by: android.system.ErrnoException: write failed: EPIPE (Broken pipe)
03-24 21:17:44.684   761  1797 W FastPrintWriter: 	at libcore.io.Linux.writeBytes(Native Method)
03-24 21:17:44.684   761  1797 W FastPrintWriter: 	at libcore.io.Linux.write(Linux.java:338)
03-24 21:17:44.684   761  1797 W FastPrintWriter: 	at libcore.io.ForwardingOs.write(ForwardingOs.java:954)
03-24 21:17:44.684   761  1797 W FastPrintWriter: 	at libcore.io.BlockGuardOs.write(BlockGuardOs.java:448)
03-24 21:17:44.684   761  1797 W FastPrintWriter: 	at libcore.io.IoBridge.write(IoBridge.java:646)
03-24 21:17:44.684   761  1797 W FastPrintWriter: 	... 20 more
03-24 21:17:44.697  1872  1880 I artd    : GetBestInfo: odex next to the dex file (/data/app/~~WEw-qEWCHlUZbloVSQpK4Q==/com.google.android.gms-zScGdJoN6j6usFjBF8E2Dg==/oat/x86_64/split_all_locale_splits.odex) is kOatUpToDate with filter 'speed' executable 'false'
03-24 21:17:44.757  1164  1299 D SatelliteController: iisInCarrierRoamingNbIotNtn: satellite is disabled
03-24 21:17:44.937  1872  1880 I artd    : GetBestInfo: /data/user_de/0/com.google.android.gms/app_chimera/m/0000000a/dl-TfliteDynamiteDynamite.integ_252130102100800.apk has no usable artifacts
03-24 21:17:44.947   761   904 I HalDevMgr: bestIfaceCreationProposal is null, requestIface=STA, existingIface=[name=wlan0 type=STA]
03-24 21:17:45.029  1872  1880 I artd    : GetBestInfo: /data/user_de/0/com.google.android.gms/app_chimera/m/00000001/CronetDynamite.apk has no usable artifacts
03-24 21:17:45.037  1872  1880 I artd    : GetBestInfo: /data/user_de/0/com.google.android.gms/app_chimera/m/00000002/DynamiteLoader.apk has no usable artifacts
03-24 21:17:45.040  1872  1880 I artd    : GetBestInfo: /data/user_de/0/com.google.android.gms/app_chimera/m/00000005/GoogleCertificates.apk has no usable artifacts
03-24 21:17:45.188  1872  1880 I artd    : GetBestInfo: /data/user_de/0/com.google.android.gms/app_chimera/m/0000000f/dl-MlkitOcrCommon.optional_261133100800.apk has no usable artifacts
03-24 21:17:45.230  1872  1880 I artd    : GetBestInfo: /data/user_de/0/com.google.android.gms/app_chimera/m/0000000d/dl-MlkitBarcodeUi.optional_261133100800.apk has no usable artifacts
03-24 21:17:45.312  1164  1299 D SatelliteController: getCarrierRoamingNtnConnectType: Falling back to global carrier config connect type: 0
03-24 21:17:45.452  1872  1880 I artd    : GetBestInfo: vdex next to the dex file (/data/user/0/com.google.android.gms/app_dg_cache/E054CA794C125F959C88D4849C82AB3F226237E6/oat/x86_64/the.vdex) is kOatUpToDate with filter 'verify' executable 'false'
03-24 21:17:45.617  1258  3931 D PrefCtrlListHelper: Could not find Context-only controller for pref: com.android.settings.notification.LockScreenNotificationShowSensitiveController
03-24 21:17:45.662  1872  1880 I artd    : GetBestInfo: /data/user_de/0/com.google.android.gms/app_chimera/m/00000007/MeasurementDynamite.apk has no usable artifacts
03-24 21:17:45.815  1872  1880 I artd    : GetBestInfo: /data/user_de/0/com.google.android.gms/app_chimera/m/0000000b/dl-VisionOcr.optional_261133100000.apk has no usable artifacts
03-24 21:17:45.912  1872  1880 I artd    : GetBestInfo: /data/user_de/0/com.google.android.gms/app_chimera/m/0000000c/dl-Appsearch.optional_261133100800.apk has no usable artifacts
03-24 21:17:46.344  1872  4866 I artd    : GetBestInfo: /data/user/0/com.google.android.gms/app_dg_cache/0B5F21648920603C6816E0B76773EED17E15FB77/the.apk has no usable artifacts
03-24 21:17:46.905  1319  4425 W ctxmgr  : [WorkManager] Long workInfo: pkg=com.google.android.gms, lbl=Fence scheduler operation., start=2026-03-24 21:17:39.195+0200, stop=2026-03-24 21:17:42.709+0200, durtn=3514ms [CONTEXT service_id=47 ]
03-24 21:17:46.974  1017  1152 W Looper  : Slow dispatch took 10928ms SysUiBg app=com.android.systemui main=false group=FOREGROUND h=android.os.Handler c=android.telephony.TelephonyCallback$IPhoneStateListenerStub$$ExternalSyntheticLambda52@8fd3f66 m=0
03-24 21:17:47.156   761  1734 W libbinder.Binder: Binder transaction to android.content.pm.IPackageManager code 1598311760 took 13246ms. Data bytes: 80 Reply bytes: 4 Flags: 16
03-24 21:17:47.344  1319  1781 I SQLiteConnection: Long db operation: /data/user/0/com.google.android.gms/databases/phenotype.db
03-24 21:17:48.750   761  1746 W libbinder.Binder: Binder transaction to android.app.slice.ISliceManager code 8 took 3548ms. Data bytes: 272 Reply bytes: 4 Flags: 16
03-24 21:17:49.072  1127  1308 I bluetooth: system/gd/hci/le_address_manager.cc:581 GetNextPrivateAddressIntervalRange: client=LeAddressManager, nonwake=8m38s, wake=13m56s
03-24 21:17:49.334  1017  1152 W Looper  : Slow delivery took 1769ms SysUiBg app=com.android.systemui main=false group=FOREGROUND h=android.os.Handler c=android.telephony.TelephonyCallback$IPhoneStateListenerStub$$ExternalSyntheticLambda52@c0942a7 m=0
03-24 21:17:49.337  1258  3931 D PrefCtrlListHelper: Could not find Context-only controller for pref: com.android.settings.notification.RemoteVolumeGroupController
03-24 21:17:49.728   761   904 I HalDevMgr: bestIfaceCreationProposal is null, requestIface=STA, existingIface=[name=wlan0 type=STA]
03-24 21:17:49.772  1127  1308 I bluetooth: system/gd/hci/le_address_manager.cc:782 OnCommandComplete: Received command complete with op_code LE_SET_RANDOM_ADDRESS(0x2005)
03-24 21:17:49.777  1127  1308 I bluetooth: system/gd/hci/le_address_manager.cc:802 OnCommandComplete: update random address : xx:xx:xx:xx:a3:ec
03-24 21:17:49.777  1127  1308 I bluetooth: system/gd/hci/le_address_manager.cc:397 resume_registered_clients: Resuming registered clients
03-24 21:17:49.777  1127  1308 I bluetooth: system/gd/hci/le_scanning_manager_impl.cc:623 stop_scan: Scanning already stopped, return!
03-24 21:17:50.421   761   967 D BackgroundInstallControlService: Package event received: 0
03-24 21:17:50.488   761  1746 W libbinder.Binder: Binder transaction to android.app.slice.ISliceManager code 8 took 1453ms. Data bytes: 304 Reply bytes: 4 Flags: 16
03-24 21:17:50.881  1319  4629 I SQLiteConnection: Long db operation: /data/user/0/com.google.android.gms/databases/phenotype.db
03-24 21:17:51.074  5041  5041 W libbinder.BackendUnifiedServiceManager: Thread Pool max thread count is 0. Cannot cache binder as linkToDeath cannot be implemented. serviceName: package
03-24 21:17:51.287  1872  4866 I artd    : GetBestInfo: odex next to the dex file (/data/app/~~WEw-qEWCHlUZbloVSQpK4Q==/com.google.android.gms-zScGdJoN6j6usFjBF8E2Dg==/oat/x86_64/base.odex) is kOatUpToDate with filter 'speed-profile' executable 'false'
03-24 21:17:51.362  1872  4866 I artd    : GetBestInfo: odex next to the dex file (/data/app/~~WEw-qEWCHlUZbloVSQpK4Q==/com.google.android.gms-zScGdJoN6j6usFjBF8E2Dg==/oat/x86_64/split_AdsDynamite_installtime.odex) is kOatUpToDate with filter 'speed' executable 'false'
03-24 21:17:51.405  1872  4866 I artd    : GetBestInfo: odex next to the dex file (/data/app/~~WEw-qEWCHlUZbloVSQpK4Q==/com.google.android.gms-zScGdJoN6j6usFjBF8E2Dg==/oat/x86_64/split_CronetDynamite_installtime.odex) is kOatUpToDate with filter 'speed' executable 'false'
03-24 21:17:51.451  1872  4866 I artd    : GetBestInfo: odex next to the dex file (/data/app/~~WEw-qEWCHlUZbloVSQpK4Q==/com.google.android.gms-zScGdJoN6j6usFjBF8E2Dg==/oat/x86_64/split_DynamiteLoader_installtime.odex) is kOatUpToDate with filter 'speed' executable 'false'
03-24 21:17:51.481  1872  4866 I artd    : GetBestInfo: odex next to the dex file (/data/app/~~WEw-qEWCHlUZbloVSQpK4Q==/com.google.android.gms-zScGdJoN6j6usFjBF8E2Dg==/oat/x86_64/split_DynamiteModulesA_installtime.odex) is kOatUpToDate with filter 'speed' executable 'false'
03-24 21:17:51.533  1872  4866 I artd    : GetBestInfo: odex next to the dex file (/data/app/~~WEw-qEWCHlUZbloVSQpK4Q==/com.google.android.gms-zScGdJoN6j6usFjBF8E2Dg==/oat/x86_64/split_DynamiteModulesC_installtime.odex) is kOatUpToDate with filter 'speed' executable 'false'
03-24 21:17:51.556  1872  4866 I artd    : GetBestInfo: odex next to the dex file (/data/app/~~WEw-qEWCHlUZbloVSQpK4Q==/com.google.android.gms-zScGdJoN6j6usFjBF8E2Dg==/oat/x86_64/split_GoogleCertificates_installtime.odex) is kOatUpToDate with filter 'speed' executable 'false'
03-24 21:17:51.604  1872  1880 I artd    : GetBestInfo: odex next to the dex file (/data/app/~~WEw-qEWCHlUZbloVSQpK4Q==/com.google.android.gms-zScGdJoN6j6usFjBF8E2Dg==/oat/x86_64/split_MapsDynamite_installtime.odex) is kOatUpToDate with filter 'speed' executable 'false'
03-24 21:17:51.641  1872  1880 I artd    : GetBestInfo: odex next to the dex file (/data/app/~~WEw-qEWCHlUZbloVSQpK4Q==/com.google.android.gms-zScGdJoN6j6usFjBF8E2Dg==/oat/x86_64/split_MeasurementDynamite_installtime.odex) is kOatUpToDate with filter 'speed' executable 'false'
03-24 21:17:51.693  1872  4866 I artd    : GetBestInfo: odex next to the dex file (/data/app/~~WEw-qEWCHlUZbloVSQpK4Q==/com.google.android.gms-zScGdJoN6j6usFjBF8E2Dg==/oat/x86_64/split_all_locale_splits.odex) is kOatUpToDate with filter 'speed' executable 'false'
03-24 21:17:51.728  1872  1880 I artd    : GetBestInfo: /data/user_de/0/com.google.android.gms/app_chimera/m/0000000a/dl-TfliteDynamiteDynamite.integ_252130102100800.apk has no usable artifacts
03-24 21:17:51.730  1872  4866 I artd    : GetBestInfo: /data/user_de/0/com.google.android.gms/app_chimera/m/00000001/CronetDynamite.apk has no usable artifacts
03-24 21:17:51.734  1872  1881 I artd    : GetBestInfo: /data/user_de/0/com.google.android.gms/app_chimera/m/00000002/DynamiteLoader.apk has no usable artifacts
03-24 21:17:51.744  1872  1881 I artd    : GetBestInfo: /data/user_de/0/com.google.android.gms/app_chimera/m/00000005/GoogleCertificates.apk has no usable artifacts
03-24 21:17:51.787  1872  1881 I artd    : GetBestInfo: /data/user_de/0/com.google.android.gms/app_chimera/m/0000000f/dl-MlkitOcrCommon.optional_261133100800.apk has no usable artifacts
03-24 21:17:51.887  1872  1881 I artd    : GetBestInfo: /data/user_de/0/com.google.android.gms/app_chimera/m/0000000d/dl-MlkitBarcodeUi.optional_261133100800.apk has no usable artifacts
03-24 21:17:51.940  1872  1881 I artd    : GetBestInfo: vdex next to the dex file (/data/user/0/com.google.android.gms/app_dg_cache/E054CA794C125F959C88D4849C82AB3F226237E6/oat/x86_64/the.vdex) is kOatUpToDate with filter 'verify' executable 'false'
03-24 21:17:51.952  1319  4425 W ctxmgr  : [WorkManager] Long workInfo: pkg=com.google.android.gms, lbl=EvaluateFences, start=2026-03-24 21:17:46.909+0200, stop=2026-03-24 21:17:51.627+0200, durtn=4718ms [CONTEXT service_id=47 ]
03-24 21:17:52.003  1872  1881 I artd    : GetBestInfo: /data/user_de/0/com.google.android.gms/app_chimera/m/00000007/MeasurementDynamite.apk has no usable artifacts
03-24 21:17:52.089  1872  1881 I artd    : GetBestInfo: /data/user_de/0/com.google.android.gms/app_chimera/m/0000000b/dl-VisionOcr.optional_261133100000.apk has no usable artifacts
03-24 21:17:52.135  1872  1881 I artd    : GetBestInfo: /data/user_de/0/com.google.android.gms/app_chimera/m/0000000c/dl-Appsearch.optional_261133100800.apk has no usable artifacts
03-24 21:17:52.227  1872  1881 I artd    : GetBestInfo: /data/user/0/com.google.android.gms/app_dg_cache/0B5F21648920603C6816E0B76773EED17E15FB77/the.apk has no usable artifacts
03-24 21:17:52.311   761  1797 W libbinder.Binder: Binder transaction to android.content.pm.IPackageManager code 1598311760 took 11274ms. Data bytes: 80 Reply bytes: 4 Flags: 16
03-24 21:17:52.390   761  1746 I MR2ServiceImpl: getDeviceSuggestionsWithManagerLocked | manager: 1
03-24 21:17:52.397   761  1746 W MR2ServiceImpl: Router record not found for the target package: com.android.settings
03-24 21:17:52.503   761  1797 I MR2ServiceImpl: getDeviceSuggestionsWithManagerLocked | manager: 1
03-24 21:17:52.503   761  1797 W MR2ServiceImpl: Router record not found for the target package: com.android.settings
03-24 21:17:52.628  2427  5008 I DialerRestVoicemailEnabledFn: com.android.dialer.voicemail.service.impl.vvmclients.rest.RestVoicemailEnabledFn.isEnabled:67 device is supported, enabling. [CONTEXT ratelimit_period="1 MINUTES" skipped=42 ]
03-24 21:17:52.725  2945  3009 I .apps.messaging: Waiting for a blocking GC ProfileSaver
03-24 21:17:53.416   761   904 I HalDevMgr: bestIfaceCreationProposal is null, requestIface=STA, existingIface=[name=wlan0 type=STA]
03-24 21:17:53.755  1872  1881 I artd    : GetBestInfo: odex next to the dex file (/data/app/~~WEw-qEWCHlUZbloVSQpK4Q==/com.google.android.gms-zScGdJoN6j6usFjBF8E2Dg==/oat/x86_64/base.odex) is kOatUpToDate with filter 'speed-profile' executable 'false'
03-24 21:17:53.903  2945  4999 W BugleRcsEngine: Unable to send diagnostic log [CONTEXT thread_id=146 ]
03-24 21:17:53.928  1872  1881 I artd    : GetBestInfo: odex next to the dex file (/data/app/~~WEw-qEWCHlUZbloVSQpK4Q==/com.google.android.gms-zScGdJoN6j6usFjBF8E2Dg==/oat/x86_64/split_AdsDynamite_installtime.odex) is kOatUpToDate with filter 'speed' executable 'false'
03-24 21:17:53.981  1164  1299 D SatelliteController: iisInCarrierRoamingNbIotNtn: satellite is disabled
03-24 21:17:54.024  1872  1881 I artd    : GetBestInfo: odex next to the dex file (/data/app/~~WEw-qEWCHlUZbloVSQpK4Q==/com.google.android.gms-zScGdJoN6j6usFjBF8E2Dg==/oat/x86_64/split_CronetDynamite_installtime.odex) is kOatUpToDate with filter 'speed' executable 'false'
03-24 21:17:54.044  1164  1299 D SatelliteController: getCarrierRoamingNtnConnectType: Falling back to global carrier config connect type: 0
03-24 21:17:54.090  1872  1881 I artd    : GetBestInfo: odex next to the dex file (/data/app/~~WEw-qEWCHlUZbloVSQpK4Q==/com.google.android.gms-zScGdJoN6j6usFjBF8E2Dg==/oat/x86_64/split_DynamiteLoader_installtime.odex) is kOatUpToDate with filter 'speed' executable 'false'
03-24 21:17:54.103  1258  3931 I InfoMediaManager: dispatchDeviceListAdded()
03-24 21:17:54.149  1258  3993 I InfoMediaManager: dispatchDeviceListAdded()
03-24 21:17:54.215  1872  1880 I artd    : GetBestInfo: odex next to the dex file (/data/app/~~WEw-qEWCHlUZbloVSQpK4Q==/com.google.android.gms-zScGdJoN6j6usFjBF8E2Dg==/oat/x86_64/split_DynamiteModulesA_installtime.odex) is kOatUpToDate with filter 'speed' executable 'false'
03-24 21:17:54.323  1872  1880 I artd    : GetBestInfo: odex next to the dex file (/data/app/~~WEw-qEWCHlUZbloVSQpK4Q==/com.google.android.gms-zScGdJoN6j6usFjBF8E2Dg==/oat/x86_64/split_DynamiteModulesC_installtime.odex) is kOatUpToDate with filter 'speed' executable 'false'
03-24 21:17:54.340  1258  3931 I InfoMediaManager: startScan()
03-24 21:17:54.344  1258  3993 I InfoMediaManager: startScan()
03-24 21:17:54.379  1258  3993 D PrefCtrlListHelper: Could not find Context-only controller for pref: com.android.settings.sound.MediaOutputPreferenceController
03-24 21:17:54.390  2427  5008 I DialerVvmCarrierIdentifierImpl: com.android.dialer.voicemail.service.impl.carriermapping.VvmCarrierIdentifierImpl.getVvmCarrierNameBlocking:101 Looking up carrier name for phone account handle: 1 [CONTEXT ratelimit_period="1 MINUTES" skipped=6 ]
03-24 21:17:54.435  1872  1880 I artd    : GetBestInfo: odex next to the dex file (/data/app/~~WEw-qEWCHlUZbloVSQpK4Q==/com.google.android.gms-zScGdJoN6j6usFjBF8E2Dg==/oat/x86_64/split_GoogleCertificates_installtime.odex) is kOatUpToDate with filter 'speed' executable 'false'
03-24 21:17:54.435  1258  3931 D PrefCtrlListHelper: Could not find Context-only controller for pref: com.android.settings.sound.MediaOutputPreferenceController
03-24 21:17:54.531  1872  1880 I artd    : GetBestInfo: odex next to the dex file (/data/app/~~WEw-qEWCHlUZbloVSQpK4Q==/com.google.android.gms-zScGdJoN6j6usFjBF8E2Dg==/oat/x86_64/split_MapsDynamite_installtime.odex) is kOatUpToDate with filter 'speed' executable 'false'
03-24 21:17:54.585  1872  1880 I artd    : GetBestInfo: odex next to the dex file (/data/app/~~WEw-qEWCHlUZbloVSQpK4Q==/com.google.android.gms-zScGdJoN6j6usFjBF8E2Dg==/oat/x86_64/split_MeasurementDynamite_installtime.odex) is kOatUpToDate with filter 'speed' executable 'false'
03-24 21:17:54.306  1017  1152 W Looper  : Drained
03-24 21:17:54.606  1258  4073 D SlicesIndexer: Slices already indexed - returning.
03-24 21:17:54.607  1872  1880 I artd    : GetBestInfo: odex next to the dex file (/data/app/~~WEw-qEWCHlUZbloVSQpK4Q==/com.google.android.gms-zScGdJoN6j6usFjBF8E2Dg==/oat/x86_64/split_all_locale_splits.odex) is kOatUpToDate with filter 'speed' executable 'false'
03-24 21:17:54.618  1872  1880 I artd    : GetBestInfo: /data/user_de/0/com.google.android.gms/app_chimera/m/0000000a/dl-TfliteDynamiteDynamite.integ_252130102100800.apk has no usable artifacts
03-24 21:17:54.623  1872  1880 I artd    : GetBestInfo: /data/user_de/0/com.google.android.gms/app_chimera/m/00000001/CronetDynamite.apk has no usable artifacts
03-24 21:17:54.625  1872  1880 I artd    : GetBestInfo: /data/user_de/0/com.google.android.gms/app_chimera/m/00000002/DynamiteLoader.apk has no usable artifacts
03-24 21:17:54.632  1872  1880 I artd    : GetBestInfo: /data/user_de/0/com.google.android.gms/app_chimera/m/00000005/GoogleCertificates.apk has no usable artifacts
03-24 21:17:54.649  1872  1880 I artd    : GetBestInfo: /data/user_de/0/com.google.android.gms/app_chimera/m/0000000f/dl-MlkitOcrCommon.optional_261133100800.apk has no usable artifacts
03-24 21:17:54.656  1854  2303 W libbinder.Binder: Binder transaction to com.google.android.gms.common.internal.IGmsServiceBroker code 46 took 24807ms. Data bytes: 996 Reply bytes: 4 Flags: 18
03-24 21:17:54.691  1872  1880 I artd    : GetBestInfo: /data/user_de/0/com.google.android.gms/app_chimera/m/0000000d/dl-MlkitBarcodeUi.optional_261133100800.apk has no usable artifacts
03-24 21:17:54.815  1872  1880 I artd    : GetBestInfo: vdex next to the dex file (/data/user/0/com.google.android.gms/app_dg_cache/E054CA794C125F959C88D4849C82AB3F226237E6/oat/x86_64/the.vdex) is kOatUpToDate with filter 'verify' executable 'false'
03-24 21:17:54.930  1872  1880 I artd    : GetBestInfo: /data/user_de/0/com.google.android.gms/app_chimera/m/00000007/MeasurementDynamite.apk has no usable artifacts
03-24 21:17:54.981  1258  3931 D PrefCtrlListHelper: Could not find Context-only controller for pref: com.android.settings.notification.CallVolumePreferenceController
03-24 21:17:54.984  1258  3931 D PrefCtrlListHelper: Could not find Context-only controller for pref: com.android.settings.sound.HandsFreeProfileOutputPreferenceController
03-24 21:17:55.129  5033  5033 D nativeloader: InitDefaultPublicLibraries for_preload=1: libandroid.so:libaaudio.so:libamidi.so:libbinder_ndk.so:libc.so:libcamera2ndk.so:libdl.so:libEGL.so:libGLESv1_CM.so:libGLESv2.so:libGLESv3.so:libicu.so:libicui18n.so:libicuuc.so:libjnigraphics.so:liblog.so:libmediandk.so:libm.so:libnativehelper.so:libnativewindow.so:libOpenMAXAL.so:libOpenSLES.so:libRS.so:libstdc++.so:libsync.so:libvulkan.so:libwebviewchromium_plat_support.so:libz.so
03-24 21:17:55.164  1872  1880 I artd    : GetBestInfo: /data/user_de/0/com.google.android.gms/app_chimera/m/0000000b/dl-VisionOcr.optional_261133100000.apk has no usable artifacts
03-24 21:17:55.245  1872  1880 I artd    : GetBestInfo: /data/user_de/0/com.google.android.gms/app_chimera/m/0000000c/dl-Appsearch.optional_261133100800.apk has no usable artifacts
03-24 21:17:55.248  1258  3993 D PrefCtrlListHelper: Could not find Context-only controller for pref: com.android.settings.notification.CallVolumePreferenceController
03-24 21:17:55.249  1258  3993 D PrefCtrlListHelper: Could not find Context-only controller for pref: com.android.settings.sound.HandsFreeProfileOutputPreferenceController
03-24 21:17:55.492  1872  1881 I artd    : GetBestInfo: /data/user/0/com.google.android.gms/app_dg_cache/0B5F21648920603C6816E0B76773EED17E15FB77/the.apk has no usable artifacts
03-24 21:17:55.606  1258  3993 D PrefCtrlListHelper: Could not find Context-only controller for pref: com.android.settings.accessibility.VibrationPreferenceController
03-24 21:17:55.615  1258  3931 D PrefCtrlListHelper: Could not find Context-only controller for pref: com.android.settings.accessibility.VibrationPreferenceController
03-24 21:17:55.681  1258  4073 D SettingsSliceProvider: Allowlisting 5 uris to 2 pkgs.
03-24 21:17:55.694  2945  2961 W .apps.messaging: Suspending all threads took: 7.157ms
03-24 21:17:55.758   761  1091 W FastPrintWriter: Write failure
03-24 21:17:55.758   761  1091 W FastPrintWriter: java.io.IOException: write failed: EPIPE (Broken pipe)
03-24 21:17:55.758   761  1091 W FastPrintWriter: 	at libcore.io.IoBridge.write(IoBridge.java:651)
03-24 21:17:55.758   761  1091 W FastPrintWriter: 	at java.io.FileOutputStream.write(FileOutputStream.java:436)
03-24 21:17:55.758   761  1091 W FastPrintWriter: 	at com.android.internal.util.FastPrintWriter.flushBytesLocked(FastPrintWriter.java:355)
03-24 21:17:55.758   761  1091 W FastPrintWriter: 	at com.android.internal.util.FastPrintWriter.flushLocked(FastPrintWriter.java:378)
03-24 21:17:55.758   761  1091 W FastPrintWriter: 	at com.android.internal.util.FastPrintWriter.appendLocked(FastPrintWriter.java:343)
03-24 21:17:55.758   761  1091 W FastPrintWriter: 	at com.android.internal.util.FastPrintWriter.write(FastPrintWriter.java:601)
03-24 21:17:55.758   761  1091 W FastPrintWriter: 	at java.io.PrintWriter.write(PrintWriter.java:507)
03-24 21:17:55.758   761  1091 W FastPrintWriter: 	at android.util.IndentingPrintWriter.write(IndentingPrintWriter.java:238)
03-24 21:17:55.758   761  1091 W FastPrintWriter: 	at java.io.PrintWriter.write(PrintWriter.java:507)
03-24 21:17:55.758   761  1091 W FastPrintWriter: 	at com.android.server.art.IndentingPrintWriter.write(IndentingPrintWriter.java:114)
03-24 21:17:55.758   761  1091 W FastPrintWriter: 	at com.android.server.art.IndentingPrintWriter.write(IndentingPrintWriter.java:89)
03-24 21:17:55.758   761  1091 W FastPrintWriter: 	at java.io.PrintWriter.write(PrintWriter.java:559)
03-24 21:17:55.758   761  1091 W FastPrintWriter: 	at java.io.PrintWriter.append(PrintWriter.java:1089)
03-24 21:17:55.758   761  1091 W FastPrintWriter: 	at java.io.PrintWriter.append(PrintWriter.java:61)
03-24 21:17:55.758   761  1091 W FastPrintWriter: 	at java.util.Formatter$FormatSpecifier.appendJustified(Formatter.java:3253)
03-24 21:17:55.758   761  1091 W FastPrintWriter: 	at java.util.Formatter$FormatSpecifier.print(Formatter.java:3243)
03-24 21:17:55.758   761  1091 W FastPrintWriter: 	at java.util.Formatter$FormatSpecifier.printString(Formatter.java:3216)
03-24 21:17:55.758   761  1091 W FastPrintWriter: 	at java.util.Formatter$FormatSpecifier.print(Formatter.java:3093)
03-24 21:17:55.758   761  1091 W FastPrintWriter: 	at java.util.Formatter.format(Formatter.java:2704)
03-24 21:17:55.758   761  1091 W FastPrintWriter: 	at java.io.PrintWriter.format(PrintWriter.java:992)
03-24 21:17:55.758   761  1091 W FastPrintWriter: 	at java.io.PrintWriter.printf(PrintWriter.java:889)
03-24 21:17:55.758   761  1091 W FastPrintWriter: 	at com.android.server.art.DumpHelper.dumpSecondaryDex(DumpHelper.java:183)
03-24 21:17:55.758   761  1091 W FastPrintWriter: 	at com.android.server.art.DumpHelper.dumpPackage(DumpHelper.java:134)
03-24 21:17:55.758   761  1091 W FastPrintWriter: 	at com.android.server.art.ArtManagerLocal.dumpPackage(ArtManagerLocal.java:1142)
03-24 21:17:55.758   761  1091 W FastPrintWriter: 	at com.android.server.pm.DexOptHelper.dumpDexoptState(DexOptHelper.java:176)
03-24 21:17:55.758   761  1091 W FastPrintWriter: 	at com.android.server.pm.ComputerEngine.dump(ComputerEngine.java:3122)
03-24 21:17:55.758   761  1091 W FastPrintWriter: 	at com.android.server.pm.DumpHelper.doDump(DumpHelper.java:527)
03-24 21:17:55.758   761  1091 W FastPrintWriter: 	at com.android.server.pm.PackageManagerService$IPackageManagerImpl.dump(PackageManagerService.java:6759)
03-24 21:17:55.758   761  1091 W FastPrintWriter: 	at android.os.Binder.doDump(Binder.java:1104)
03-24 21:17:55.758   761  1091 W FastPrintWriter: 	at android.os.Binder.dump(Binder.java:1094)
03-24 21:17:55.758   761  1091 W FastPrintWriter: 	at android.os.Binder.onTransact(Binder.java:940)
03-24 21:17:55.758   761  1091 W FastPrintWriter: 	at android.content.pm.IPackageManager$Stub.onTransact(IPackageManager.java:4666)
03-24 21:17:55.758   761  1091 W FastPrintWriter: 	at com.android.server.pm.PackageManagerService$IPackageManagerImpl.onTransact(PackageManagerService.java:6705)
03-24 21:17:55.758   761  1091 W FastPrintWriter: 	at android.os.Binder.execTransactInternal(Binder.java:1478)
03-24 21:17:55.758   761  1091 W FastPrintWriter: 	at android.os.Binder.execTransact(Binder.java:1418)
03-24 21:17:55.758   761  1091 W FastPrintWriter: Caused by: android.system.ErrnoException: write failed: EPIPE (Broken pipe)
03-24 21:17:55.758   761  1091 W FastPrintWriter: 	at libcore.io.Linux.writeBytes(Native Method)
03-24 21:17:55.758   761  1091 W FastPrintWriter: 	at libcore.io.Linux.write(Linux.java:338)
03-24 21:17:55.758   761  1091 W FastPrintWriter: 	at libcore.io.ForwardingOs.write(ForwardingOs.java:954)
03-24 21:17:55.758   761  1091 W FastPrintWriter: 	at libcore.io.BlockGuardOs.write(BlockGuardOs.java:448)
03-24 21:17:55.758   761  1091 W FastPrintWriter: 	at libcore.io.IoBridge.write(IoBridge.java:646)
03-24 21:17:55.758   761  1091 W FastPrintWriter: 	... 34 more
03-24 21:17:55.849   761  1091 W libbinder.Binder: Binder transaction to android.content.pm.IPackageManager code 1598311760 took 4730ms. Data bytes: 80 Reply bytes: 4 Flags: 16
03-24 21:17:56.070  1258  3993 D PrefCtrlListHelper: Could not find Context-only controller for pref: com.google.android.settings.sound.SoundPatternsCategoryController
03-24 21:17:56.195  1258  3931 D PrefCtrlListHelper: Could not find Context-only controller for pref: com.google.android.settings.sound.SoundPatternsCategoryController
03-24 21:17:56.209  5033  5033 D nativeloader: Load libicu_jni.so using APEX ns com_android_art for caller /apex/com.android.art/javalib/core-oj.jar: ok
03-24 21:17:56.209  1258  3993 D PrefCtrlListHelper: Could not find Context-only controller for pref: com.google.android.settings.notification.GooglePhoneRingtonePreferenceController
03-24 21:17:56.227  1258  3931 D PrefCtrlListHelper: Could not find Context-only controller for pref: com.google.android.settings.notification.GooglePhoneRingtonePreferenceController
03-24 21:17:56.228  1258  3931 D PrefCtrlListHelper: Could not find Context-only controller for pref: com.google.android.settings.notification.GooglePhoneNotificationPreferenceController
03-24 21:17:56.236  5033  5033 D app_process: u_setTimeZoneFilesDirectory("/apex/com.android.tzdata/etc/tz/versioned/9/icu") succeeded. 
03-24 21:17:56.247  5033  5033 D app_process: I18n APEX ICU file found: /apex/com.android.i18n/etc/icu/icudt76l.dat
03-24 21:17:56.258  1258  3993 D PrefCtrlListHelper: Could not find Context-only controller for pref: com.google.android.settings.notification.GooglePhoneNotificationPreferenceController
03-24 21:17:56.259  1258  3993 D PrefCtrlListHelper: Could not find Context-only controller for pref: com.android.settings.notification.SpatialAudioParentPreferenceController
03-24 21:17:56.275  1258  3931 D PrefCtrlListHelper: Could not find Context-only controller for pref: com.android.settings.notification.SpatialAudioParentPreferenceController
03-24 21:17:56.322  5033  5033 D nativeloader: Load libjavacore.so using APEX ns com_android_art for caller /apex/com.android.art/javalib/core-oj.jar: ok
03-24 21:17:56.361  5033  5033 D nativeloader: Load libopenjdk.so using APEX ns com_android_art for caller /apex/com.android.art/javalib/core-oj.jar: ok
03-24 21:17:56.428  5033  5033 I app_process: Priority-to-niceness mapping: 19, 16, 13, 10, 0, -2, -4, -5, -6, -8
03-24 21:17:56.452  5033  5033 W app_process: Unexpected CPU variant for x86: x86_64.
03-24 21:17:56.452  5033  5033 W app_process: Known variants: atom, sandybridge, silvermont, goldmont, goldmont-plus, goldmont-without-sha-xsaves, tremont, kabylake, alderlake, default
03-24 21:17:56.588  1258  3931 D PrefCtrlListHelper: Could not find Context-only controller for pref: com.android.settings.sound.MediaControlsParentPreferenceController
03-24 21:17:56.816  2427  2435 W .android.dialer: Suspending all threads took: 5.995ms
03-24 21:17:56.848  1258  3993 D PrefCtrlListHelper: Could not find Context-only controller for pref: com.android.settings.sound.MediaControlsParentPreferenceController
03-24 21:17:56.909  1258  3931 D PrefCtrlListHelper: Could not find Context-only controller for pref: com.android.settings.gestures.PreventRingingParentPreferenceController
03-24 21:17:56.920   761   904 I HalDevMgr: bestIfaceCreationProposal is null, requestIface=STA, existingIface=[name=wlan0 type=STA]
03-24 21:17:56.959  1258  3993 D PrefCtrlListHelper: Could not find Context-only controller for pref: com.android.settings.gestures.PreventRingingParentPreferenceController
03-24 21:17:57.298  1017  1385 E SurfaceSyncGroup: Failed to receive transaction ready in 1000ms. Marking SurfaceSyncGroup(wmsSync-VRI[StatusBar]#40) as ready
03-24 21:17:57.316  1017  1385 E SurfaceSyncGroup: Failed to receive transaction ready in 1000ms. Marking SurfaceSyncGroup(VRI[StatusBar]#41) as ready
03-24 21:17:57.345   761   841 I WindowManager: finishDrawing of orientation change: Window{a08aa5c u0 StatusBar} 66525ms
03-24 21:17:57.568  1258  3993 D PrefCtrlListHelper: Could not find Context-only controller for pref: com.google.android.settings.notification.ClearCallingPreferenceController
03-24 21:17:57.576  1258  3931 D PrefCtrlListHelper: Could not find Context-only controller for pref: com.google.android.settings.notification.ClearCallingPreferenceController
03-24 21:17:57.592  1258  3931 D PrefCtrlListHelper: Could not find Context-only controller for pref: com.android.settings.widget.PreferenceCategoryController
03-24 21:17:57.620  1258  3993 D PrefCtrlListHelper: Could not find Context-only controller for pref: com.android.settings.widget.PreferenceCategoryController
03-24 21:17:57.620  1258  3993 D PrefCtrlListHelper: Could not find Context-only controller for pref: com.android.settings.notification.WorkSoundsPreferenceController
03-24 21:17:57.634  1258  3931 D PrefCtrlListHelper: Could not find Context-only controller for pref: com.android.settings.notification.WorkSoundsPreferenceController
03-24 21:17:57.673  1258  4073 W libbinder.Binder: Binder transaction to android.content.IContentProvider code 1 took 38023ms. Data bytes: 356 Reply bytes: 88 Flags: 18
03-24 21:17:58.432  1017  1940 I HWUI    : Davey! duration=51390ms; Flags=0, FrameTimelineVsyncId=29864, IntendedVsync=1206683248694, Vsync=1218183248234, InputEventId=0, HandleInputStart=1218185664664, AnimationStart=1218185666208, PerformTraversalsStart=1225497973659, DrawStart=1256442970235, FrameDeadline=1206699915360, FrameStartTime=1218183643831, FrameInterval=16666666, WorkloadTarget=16666666, SyncQueued=1257770052847, SyncStart=1257783790076, IssueDrawCommandsStart=1257842440894, SwapBuffers=1258012788191, FrameCompleted=1258087537175, DequeueBufferDuration=23520525, QueueBufferDuration=14616306, GpuCompleted=1258063839818, SwapBuffersCompleted=1258087537175, DisplayPresentTime=0, CommandSubmissionCompleted=1258012788191, 
03-24 21:17:58.498  1258  3931 D PrefCtrlListHelper: Could not find Context-only controller for pref: com.android.settings.display.AutoBrightnessPreferenceController
03-24 21:17:58.513  1258  3993 D PrefCtrlListHelper: Could not find Context-only controller for pref: com.android.settings.display.AutoBrightnessPreferenceController
03-24 21:17:58.514  1258  3993 D PrefCtrlListHelper: Could not find Context-only controller for pref: com.android.settings.display.HdrBrightnessPreferenceController
03-24 21:17:58.542  1258  3993 D PrefCtrlListHelper: Could not find Context-only controller for pref: com.android.settings.security.screenlock.LockScreenPreferenceController
03-24 21:17:58.542  1258  3993 D PrefCtrlListHelper: Could not find Context-only controller for pref: com.android.settings.display.AmbientDisplayAlwaysOnPreferenceScreenController
03-24 21:17:58.542  1258  3993 D PrefCtrlListHelper: Could not find Context-only controller for pref: com.android.settings.display.FoldLockBehaviorPreferenceController
03-24 21:17:58.574  1258  3931 D PrefCtrlListHelper: Could not find Context-only controller for pref: com.android.settings.display.HdrBrightnessPreferenceController
03-24 21:17:58.575  1258  3931 D PrefCtrlListHelper: Could not find Context-only controller for pref: com.android.settings.security.screenlock.LockScreenPreferenceController
03-24 21:17:58.575  1258  3931 D PrefCtrlListHelper: Could not find Context-only controller for pref: com.android.settings.display.AmbientDisplayAlwaysOnPreferenceScreenController
03-24 21:17:58.575  1258  3931 D PrefCtrlListHelper: Could not find Context-only controller for pref: com.android.settings.display.FoldLockBehaviorPreferenceController
03-24 21:17:58.593  5033  5033 D nativeloader: Load libframework-connectivity-tiramisu-jni.so using APEX ns com_android_tethering for caller /apex/com.android.tethering/javalib/framework-connectivity-t.jar: ok
03-24 21:17:58.618  5033  5033 D AndroidRuntime: Calling main entry com.android.commands.monkey.Monkey
03-24 21:17:58.664  5033  5033 D nativeloader: Load /system/lib64/libmonkey_jni.so using ns default for caller /system/framework/monkey.jar in same partition (is_bridged=0): ok
03-24 21:17:58.677  5033  5033 W Monkey  : args: [-p, com.vdigital.volumestream, -c, android.intent.category.LAUNCHER, 1]
03-24 21:17:58.741  1258  3993 D PrefCtrlListHelper: Could not find Context-only controller for pref: com.android.settings.display.ScreenTimeoutPreferenceController
03-24 21:17:58.778  5033  5033 I AconfigPackage: android.media.swcodec.flags is mapped to com.android.media.swcodec
03-24 21:17:58.783  5033  5033 I AconfigPackage: com.android.permission.flags is mapped to com.android.permission
03-24 21:17:58.783  5033  5033 I AconfigPackage: com.android.permissioncontroller.flags is mapped to com.android.permission
03-24 21:17:58.785  5033  5033 I AconfigPackage: com.android.icu is mapped to com.android.i18n
03-24 21:17:58.788  5033  5033 I AconfigPackage: com.android.appsearch.flags is mapped to com.android.appsearch
03-24 21:17:58.801  5033  5033 I AconfigPackage: android.uprobestats.mainline.flags is mapped to com.android.uprobestats
03-24 21:17:58.808  5033  5033 I AconfigPackage: com.android.crashrecovery.flags is mapped to com.android.crashrecovery
03-24 21:17:58.815  5033  5033 I AconfigPackage: android.provider.flags is mapped to com.android.configinfrastructure
03-24 21:17:58.816  5033  5033 I AconfigPackage: com.android.server.deviceconfig is mapped to com.android.configinfrastructure
03-24 21:17:58.817  5033  5033 I AconfigPackage: com.android.compos.flags is mapped to com.android.compos
03-24 21:17:58.823  5033  5033 I AconfigPackage: com.android.art.flags is mapped to com.android.art
03-24 21:17:58.823  5033  5033 I AconfigPackage: com.android.art.rw.flags is mapped to com.android.art
03-24 21:17:58.823  5033  5033 I AconfigPackage: com.android.libcore is mapped to com.android.art
03-24 21:17:58.833  5033  5033 I AconfigPackage: com.android.telephony.flags is mapped to com.android.telephonycore
03-24 21:17:58.836  1258  3931 D PrefCtrlListHelper: Could not find Context-only controller for pref: com.android.settings.display.ScreenTimeoutPreferenceController
03-24 21:17:58.842  5033  5033 I AconfigPackage: com.android.media.extractor.flags is mapped to com.android.media
03-24 21:17:58.842  5033  5033 I AconfigPackage: com.android.media.mainline.flags is mapped to com.android.media
03-24 21:17:58.848  5033  5033 I AconfigPackage: com.android.wifi.flags is mapped to com.android.wifi
03-24 21:17:58.854  5033  5033 I AconfigPackage: com.android.org.conscrypt.flags is mapped to com.android.conscrypt
03-24 21:17:58.854  5033  5033 I AconfigPackage: com.android.org.conscrypt.net.flags is mapped to com.android.conscrypt
03-24 21:17:58.860  5033  5033 I AconfigPackage: com.android.healthfitness.flags is mapped to com.android.healthfitness
03-24 21:17:58.863  5033  5033 I AconfigPackage: com.android.ipsec.flags is mapped to com.android.ipsec
03-24 21:17:58.865  5033  5033 I AconfigPackage: com.android.nfc.module.flags is mapped to com.android.nfcservices
03-24 21:17:58.866  1258  3931 D PrefCtrlListHelper: Could not find Context-only controller for pref: com.android.settings.display.DarkUIPreferenceController
03-24 21:17:58.869  5033  5033 I AconfigPackage: com.android.adservices.ondevicepersonalization.flags is mapped to com.android.ondevicepersonalization
03-24 21:17:58.874  5033  5033 I AconfigPackage: com.android.adbd.flags is mapped to com.android.adbd
03-24 21:17:58.879  5033  5033 I AconfigPackage: com.android.bluetooth.flags is mapped to com.android.bt
03-24 21:17:58.881  5033  5033 I AconfigPackage: com.android.devicelock.flags is mapped to com.android.devicelock
03-24 21:17:58.884  5033  5033 I AconfigPackage: android.os.profiling is mapped to com.android.profiling
03-24 21:17:58.884  5033  5033 I AconfigPackage: android.os.profiling.anomaly.flags is mapped to com.android.profiling
03-24 21:17:58.889  5033  5033 I AconfigPackage: com.android.os.statsd.flags is mapped to com.android.os.statsd
03-24 21:17:58.893  5033  5033 I AconfigPackage: com.android.rkpd.flags is mapped to com.android.rkpd
03-24 21:17:58.893  1017  1017 I HealthService: HealthService bound
03-24 21:17:58.898  5033  5033 I AconfigPackage: com.android.cellbroadcastreceiver.flags is mapped to com.android.cellbroadcast
03-24 21:17:58.901  5033  5033 I AconfigPackage: com.android.adservices.flags is mapped to com.android.adservices
03-24 21:17:58.901  5033  5033 I AconfigPackage: com.android.sdksandbox.flags is mapped to com.android.adservices
03-24 21:17:58.910  5033  5033 I AconfigPackage: com.android.uwb.flags is mapped to com.android.uwb
03-24 21:17:58.910  5033  5033 I AconfigPackage: com.android.ranging.flags is mapped to com.android.uwb
03-24 21:17:58.910  1258  3993 D PrefCtrlListHelper: Could not find Context-only controller for pref: com.android.settings.display.DarkUIPreferenceController
03-24 21:17:58.913  1258  3993 D PrefCtrlListHelper: Could not find Context-only controller for pref: com.android.settings.accessibility.TextReadingFragmentForDisplaySettingsController
03-24 21:17:58.914  5033  5033 I AconfigPackage: android.graphics.pdf.flags is mapped to com.android.mediaprovider
03-24 21:17:58.914  5033  5033 I AconfigPackage: com.android.providers.media.flags is mapped to com.android.mediaprovider
03-24 21:17:58.914  5033  5033 I AconfigPackage: android.graphics.pdf.flags.readonly is mapped to com.android.mediaprovider
03-24 21:17:58.916  5033  5033 I AconfigPackage: com.android.tethering.mainline.beta is mapped to com.android.tethering
03-24 21:17:58.916  5033  5033 I AconfigPackage: android.net.http is mapped to com.android.tethering
03-24 21:17:58.916  5033  5033 I AconfigPackage: com.android.tethering.readonly.flags is mapped to com.android.tethering
03-24 21:17:58.916  5033  5033 I AconfigPackage: android.net.vcn is mapped to com.android.tethering
03-24 21:17:58.917  5033  5033 I AconfigPackage: com.android.net.flags is mapped to com.android.tethering
03-24 21:17:58.917  5033  5033 I AconfigPackage: com.android.tethering.beta.test is mapped to com.android.tethering
03-24 21:17:58.917  5033  5033 I AconfigPackage: com.android.nearby.flags is mapped to com.android.tethering
03-24 21:17:58.917  5033  5033 I AconfigPackage: com.android.net.ct.flags is mapped to com.android.tethering
03-24 21:17:58.917  5033  5033 I AconfigPackage: com.android.net.thread.flags is mapped to com.android.tethering
03-24 21:17:58.921  5033  5033 I AconfigPackage: com.android.system.virtualmachine.flags is mapped to com.android.virt
03-24 21:17:58.924  5033  5033 E FeatureFlagsImplExport: android.os.flagging.AconfigStorageReadException: ERROR_PACKAGE_NOT_FOUND: package android.xr cannot be found on the device
03-24 21:17:58.948  1258  3993 D PrefCtrlListHelper: Could not find Context-only controller for pref: com.android.settings.gestures.SystemNavigationPreferenceController
03-24 21:17:58.948  1258  3993 D PrefCtrlListHelper: Could not find Context-only controller for pref: com.android.settings.display.ScreenSaverPreferenceController
03-24 21:17:58.948  1258  3993 D PrefCtrlListHelper: Could not find Context-only controller for pref: com.android.settings.display.DisplayWhiteBalancePreferenceController
03-24 21:17:58.948  1258  3993 D PrefCtrlListHelper: Could not find Context-only controller for pref: com.android.settings.display.NightDisplayPreferenceController
03-24 21:17:58.965  1258  3931 D PrefCtrlListHelper: Could not find Context-only controller for pref: com.android.settings.accessibility.TextReadingFragmentForDisplaySettingsController
03-24 21:17:58.965  1258  3931 D PrefCtrlListHelper: Could not find Context-only controller for pref: com.android.settings.gestures.SystemNavigationPreferenceController
03-24 21:17:58.965  1258  3931 D PrefCtrlListHelper: Could not find Context-only controller for pref: com.android.settings.display.ScreenSaverPreferenceController
03-24 21:17:58.965  1258  3931 D PrefCtrlListHelper: Could not find Context-only controller for pref: com.android.settings.display.DisplayWhiteBalancePreferenceController
03-24 21:17:58.980  1258  3931 D PrefCtrlListHelper: Could not find Context-only controller for pref: com.android.settings.display.NightDisplayPreferenceController
03-24 21:17:59.295  5033  5033 W Monkey  :  arg: "-p"
03-24 21:17:59.296  5033  5033 W Monkey  :  arg: "com.vdigital.volumestream"
03-24 21:17:59.301  5033  5033 W Monkey  :  arg: "-c"
03-24 21:17:59.301  5033  5033 W Monkey  :  arg: "android.intent.category.LAUNCHER"
03-24 21:17:59.301  5033  5033 W Monkey  :  arg: "1"
03-24 21:17:59.312  5033  5033 W Monkey  : data="com.vdigital.volumestream"
03-24 21:17:59.313  5033  5033 W Monkey  : data="android.intent.category.LAUNCHER"
03-24 21:17:59.371   761   875 D EventHub: No input device configuration file found for device 'Monkey touch'.
03-24 21:17:59.372  1258  3931 D PrefCtrlListHelper: Could not find Context-only controller for pref: com.android.settings.display.ColorModePreferenceController
03-24 21:17:59.372  1258  3931 D PrefCtrlListHelper: Could not find Context-only controller for pref: com.android.settings.display.ContrastPreferenceController
03-24 21:17:59.393  1258  3993 D PrefCtrlListHelper: Could not find Context-only controller for pref: com.android.settings.display.ColorModePreferenceController
03-24 21:17:59.395  1258  3993 D PrefCtrlListHelper: Could not find Context-only controller for pref: com.android.settings.display.ContrastPreferenceController
03-24 21:17:59.397   761   875 I EventHub: usingClockIoctl=true
03-24 21:17:59.401   761   875 I EventHub: New device: id=16, fd=412, path='/dev/input/event14', name='Monkey touch', classes=TOUCH | TOUCH_MT, configuration='', keyLayout='', keyCharacterMap='', builtinKeyboard=false, 
03-24 21:17:59.395  1258  3993 D PrefCtrlListHelper: Could not find Context-only controller for pref: com.google.android.settings.touch.TouchSensitivitySettingsPreferenceController
03-24 21:17:59.445  1258  3993 D PrefCtrlListHelper: Could not find Context-only controller for pref: com.android.settings.display.SmartAutoRotatePreferenceController
03-24 21:17:59.487  1258  3931 D PrefCtrlListHelper: Could not find Context-only controller for pref: com.google.android.settings.touch.TouchSensitivitySettingsPreferenceController
03-24 21:17:59.487  1258  3931 D PrefCtrlListHelper: Could not find Context-only controller for pref: com.android.settings.display.SmartAutoRotatePreferenceController
03-24 21:17:59.488  1258  3931 D PrefCtrlListHelper: Could not find Context-only controller for pref: com.android.settings.display.DeviceStateAutoRotateOverviewController
03-24 21:17:59.488  1258  3931 D PrefCtrlListHelper: Could not find Context-only controller for pref: com.android.settings.display.ScreenResolutionController
03-24 21:17:59.513   761   875 I InputReader: Device reconfigured: id=16, name='Monkey touch', size 1280x2856, orientation Rotation0, mode DIRECT, display id 0
03-24 21:17:59.532   761   875 I InputReader: Device added: id=16, eventHubId=16, name='Monkey touch', descriptor='e1fe28b90f915c7d1febbd52c1ef84b3c4cbed9f',sources=TOUCHSCREEN
03-24 21:17:59.536  1258  3993 D PrefCtrlListHelper: Could not find Context-only controller for pref: com.android.settings.display.DeviceStateAutoRotateOverviewController
03-24 21:17:59.546  1017  1017 I Choreographer: Skipped 2412 frames!  The application may be doing too much work on its main thread.
03-24 21:17:59.538  1258  3993 D PrefCtrlListHelper: Could not find Context-only controller for pref: com.android.settings.display.ScreenResolutionController
03-24 21:17:59.642  1258  3993 E ScreenResolutionController: No support
03-24 21:17:59.642  1258  3993 D PrefCtrlListHelper: Could not find Context-only controller for pref: com.android.settings.display.PeakRefreshRatePreferenceController
03-24 21:17:59.660  1258  3931 E ScreenResolutionController: No support
03-24 21:17:59.798  1258  3931 D PrefCtrlListHelper: Could not find Context-only controller for pref: com.android.settings.display.PeakRefreshRatePreferenceController
03-24 21:18:00.128   761   785 D WindowManager: Direct invocation of sendNewConfiguration: Display{#0 state=ON size=1280x2856 ROTATION_0}
03-24 21:18:00.250   761   785 W libbinder.IPCThreadState: Sending oneway calls to frozen process.
03-24 21:18:00.312  1258  3993 D RefreshRatePrefCtr: DEFAULT_REFRESH_RATE : 60.0 mPeakRefreshRate : 60.0
03-24 21:18:00.368   761   761 W Looper  : Slow dispatch took 171ms main app=system_server main=true group=FOREGROUND h=com.android.server.alarm.AlarmManagerService$AlarmHandler c=com.android.server.alarm.AlarmManagerService$2$$ExternalSyntheticLambda0@8df635e m=0
03-24 21:18:00.403  1258  3993 D PrefCtrlListHelper: Could not find Context-only controller for pref: com.google.android.settings.robustopenclosedetection.RobustOpenCloseDetectionPreferenceController
03-24 21:18:00.406  1258  3931 D RefreshRatePrefCtr: DEFAULT_REFRESH_RATE : 60.0 mPeakRefreshRate : 60.0
03-24 21:18:00.407  1258  3931 D PrefCtrlListHelper: Could not find Context-only controller for pref: com.google.android.settings.robustopenclosedetection.RobustOpenCloseDetectionPreferenceController
03-24 21:18:00.420  2427  2435 W .android.dialer: Suspending all threads took: 57.141ms
03-24 21:18:00.423  5056  5056 W libbinder.BackendUnifiedServiceManager: Thread Pool max thread count is 0. Cannot cache binder as linkToDeath cannot be implemented. serviceName: package
03-24 21:18:00.437  1017  1079 V ShellDesktopMode: DesktopDisplayModeController: canDesktopFirstModeBeEnabledOnDefaultDisplay: isDefaultDisplayDesktopEligible=false
03-24 21:18:00.507   761   904 I HalDevMgr: bestIfaceCreationProposal is null, requestIface=STA, existingIface=[name=wlan0 type=STA]
03-24 21:18:00.649  1258  3993 D PrefCtrlListHelper: Could not find Context-only controller for pref: com.android.settings.gestures.SystemNavigationPreferenceController
03-24 21:18:00.649  1258  3993 D PrefCtrlListHelper: Could not find Context-only controller for pref: com.android.settings.gestures.OneHandedEnablePreferenceController
03-24 21:18:00.654  1258  3993 D PrefCtrlListHelper: Could not find Context-only controller for pref: com.android.settings.accessibility.PowerButtonEndsCallPreferenceController
03-24 21:18:00.655  1258  3993 D PrefCtrlListHelper: Could not find Context-only controller for pref: com.android.settings.accessibility.LockScreenRotationPreferenceController
03-24 21:18:00.660  1440  1440 I PkDeviceHelper: PkDeviceHelper.refreshDevices():93 refreshing devices
03-24 21:18:00.661  1258  3993 D PrefCtrlListHelper: Could not find Context-only controller for pref: com.android.settings.display.DeviceStateAutoRotateOverviewController
03-24 21:18:00.666  1258  3993 E ScreenResolutionController: No support
03-24 21:18:00.680  1440  1440 I PkDeviceHelper: PkDeviceHelper.addDevice():133 device qwerty2 added
03-24 21:18:00.680  1440  1440 I PkDeviceHelper: PkDeviceHelper.addDevice():133 device AT Translated Set 2 keyboard added
03-24 21:18:00.717  1440  1440 W NotificationCenter: NotificationCenter$NotificationQueue.notifyPendingNotificationsOnExecutor():877 Heavy notify work detected on UI thread: [lom->jpv, lom->ngr] takes 128ms
03-24 21:18:00.785  1258  3993 D PrefCtrlListHelper: Could not find Context-only controller for pref: com.android.settings.gestures.DoubleTwistPreferenceController
03-24 21:18:00.837   761   841 W ActivityManager: registerReceiverWithFeature: no app for null
03-24 21:18:00.957  2427  2435 W .android.dialer: Suspending all threads took: 9.219ms
03-24 21:18:01.482   761  1734 W ActivityTaskManager: callingPackage for (uid=2000, pid=5033) has no WPC
03-24 21:18:01.492  1258  3993 D PrefCtrlListHelper: Could not find Context-only controller for pref: com.android.settings.inputmethod.UserDictionaryListPreferenceController
03-24 21:18:01.524   761  1734 V WindowManager: DesktopModeLaunchParamsModifier: phase= 0 task=null activity=null display-area-from-current-params=null display-area-from-default-fallback=DefaultTaskDisplayArea@137857333 display-id=0 task-display-area-windowing-mode=1 suggested-display-area=DefaultTaskDisplayArea@137857333 task null, skipping
03-24 21:18:01.526   761  1734 V WindowManager: TaskLaunchParamsModifier:phase=0 task=null activity=null display-area-from-current-params=null display-area-from-default-fallback=DefaultTaskDisplayArea@137857333 display-id=0 task-display-area-windowing-mode=1 suggested-display-area=DefaultTaskDisplayArea@137857333
03-24 21:18:01.585   761  1734 V GrammaticalInflectionUtils: AttributionSource: android.content.AttributionSource@4c7d67db does not have READ_SYSTEM_GRAMMATICAL_GENDER permission.
03-24 21:18:01.626   761  1734 V WindowManager: DesktopModeLaunchParamsModifier: phase= 0 task=null activity=ActivityRecord{129652586 u0 com.vdigital.volumestream/.platform.activity.MainActivity display-area-from-current-params=null display-area-from-default-fallback=DefaultTaskDisplayArea@137857333 display-id=0 task-display-area-windowing-mode=1 suggested-display-area=DefaultTaskDisplayArea@137857333 task null, skipping
03-24 21:18:01.627   761  1734 V WindowManager: TaskLaunchParamsModifier:phase=0 task=null activity=ActivityRecord{129652586 u0 com.vdigital.volumestream/.platform.activity.MainActivity t-1} display-area-from-current-params=null display-area-from-default-fallback=DefaultTaskDisplayArea@137857333 display-id=0 task-display-area-windowing-mode=1 suggested-display-area=DefaultTaskDisplayArea@137857333
03-24 21:18:01.632   761  1734 V WindowManager: DesktopModeLaunchParamsModifier: phase= 3 task=null activity=ActivityRecord{129652586 u0 com.vdigital.volumestream/.platform.activity.MainActivity t-1} display-area-from-current-params=null display-area-from-default-fallback=DefaultTaskDisplayArea@137857333 display-id=0 task-display-area-windowing-mode=1 suggested-display-area=DefaultTaskDisplayArea@137857333 task null, skipping
03-24 21:18:01.634   761  1734 V WindowManager: TaskLaunchParamsModifier:phase=3 task=null activity=ActivityRecord{129652586 u0 com.vdigital.volumestream/.platform.activity.MainActivity t-1} display-area-from-current-params=null display-area-from-default-fallback=DefaultTaskDisplayArea@137857333 display-id=0 task-display-area-windowing-mode=1 suggested-display-area=DefaultTaskDisplayArea@137857333 non-freeform-task-display-area display-area=DefaultTaskDisplayArea@137857333 skip-bounds-fullscreen
03-24 21:18:01.760   761  1734 V WindowManager: DesktopModeLaunchParamsModifier: phase= 3 task=Task{6f5b45b #9 type=standard A=10227:com.vdigital.volumestream} activity=ActivityRecord{129652586 u0 com.vdigital.volumestream/.platform.activity.MainActivity t-1} display-from-task=0 display-id=0 task-display-area-windowing-mode=1 suggested-display-area=DefaultTaskDisplayArea@137857333 not entering desktop mode, skipping
03-24 21:18:01.762   761  1734 V WindowManager: TaskLaunchParamsModifier:phase=3 task=Task{6f5b45b #9 type=standard A=10227:com.vdigital.volumestream} activity=ActivityRecord{129652586 u0 com.vdigital.volumestream/.platform.activity.MainActivity t-1} display-from-task=0 display-id=0 task-display-area-windowing-mode=1 suggested-display-area=DefaultTaskDisplayArea@137857333 inherit-from-task=fullscreen non-freeform-task-display-area display-area=DefaultTaskDisplayArea@137857333 skip-bounds-fullscreen
03-24 21:18:02.316  1017  1079 V WindowManagerShell: Transition requested (#15): android.os.BinderProxy@336d6bb TransitionRequestInfo { type = OPEN, triggerTask = TaskInfo{userId=0 taskId=9 effectiveUid=10227 displayId=0 isRunning=true baseIntent=Intent { act=android.intent.action.MAIN cat=[android.intent.category.LAUNCHER] flg=0x10200000 cmp=com.vdigital.volumestream/.platform.activity.MainActivity } baseActivity=ComponentInfo{com.vdigital.volumestream/com.vdigital.volumestream.platform.activity.MainActivity} topActivity=ComponentInfo{com.vdigital.volumestream/com.vdigital.volumestream.platform.activity.MainActivity} origActivity=null realActivity=ComponentInfo{com.vdigital.volumestream/com.vdigital.volumestream.platform.activity.MainActivity} numActivities=1 lastActiveTime=1262088 supportsMultiWindow=true resizeMode=1 isResizeable=true minWidth=-1 minHeight=-1 defaultMinSize=220 token=WCT{android.os.BinderProxy@36897d8} topActivityType=1 pictureInPictureParams=null shouldDockBigOverlays=false launchIntoPipHostTaskId=-1 lastParentTaskIdBeforePip=-1 displayCutoutSafeInsets=Rect(0, 156 - 0, 0) topActivityInfo=ActivityInfo{adca731 com.vdigital.volumestream.platform.activity.MainActivity} launchCookies=[] positionInParent=Point(0, 0) parentTaskId=-1 isFocused=false isVisible=false isVisibleRequested=false isTopActivityNoDisplay=false isSleeping=false locusId=null displayAreaFeatureId=1 isTopActivityTransparent=false isActivityStackTransparent=false lastNonFullscreenBounds=null capturedLink=null capturedLinkTimestamp=0 requestedVisibleTypes=503 topActivityRequestOpenInBrowserEducationTimestamp=0 appCompatTaskInfo=AppCompatTaskInfo { topActivityInSizeCompat=false isLeafTask= true eligibleForLetterboxEducation= false isLetterboxEducationEnabled= true isLetterboxDoubleTapEnabled= false eligibleForUserAspectRatioButton= false topActivityBoundsLetterboxed= false isFromLetterboxDoubleTap= false topActivityLetterboxVerticalPosition= -1 topActivityLetterboxHorizontalPosition= -1 topActivityLetterboxWidth=-1 topActivityLetterboxHeight=-1 topActivityAppBounds=Rect(0, 156 - 1280, 2784) isUserFullscreenOverrideEnabled=false isSystemFullscreenOverrideEnabled=false hasMinAspectRatioOverride=false topActivityLetterboxBounds=null cameraCompatTaskInfo=CameraCompatTaskInfo { cameraCompatMode=undefinedundefined} topNonResizableActivityAspectRatio=-1.0} topActivityMainWindowFrame=null isAppBubble=false}, pipChange = null, remoteTransition = null, displayChange = null, requestedLocation = null, userChange = null, windowingLayerChange = null, flags = 0, debugId = 15 }
03-24 21:18:02.372  1017  1029 I HWUI    : Davey! duration=43028ms; Flags=0, FrameTimelineVsyncId=29985, IntendedVsync=1219449914850, Vsync=1259649913242, InputEventId=0, HandleInputStart=1259689730088, AnimationStart=1259689731092, PerformTraversalsStart=1261991594069, DrawStart=1262029674475, FrameDeadline=1258083246638, FrameStartTime=1259664985267, FrameInterval=16666666, WorkloadTarget=16666666, SyncQueued=1262043161587, SyncStart=1262046613393, IssueDrawCommandsStart=1262065154335, SwapBuffers=1262337367360, FrameCompleted=1262482350286, DequeueBufferDuration=38624544, QueueBufferDuration=44912940, GpuCompleted=1262443160272, SwapBuffersCompleted=1262482350286, DisplayPresentTime=0, CommandSubmissionCompleted=1262337367360, 
03-24 21:18:02.412   761  1734 I ActivityTaskManager: START u0 {act=android.intent.action.MAIN cat=[android.intent.category.LAUNCHER] flg=0x10200000 cmp=com.vdigital.volumestream/.platform.activity.MainActivity} with LAUNCH_MULTIPLE from uid 2000 (com.android.shell) (BAL_ALLOW_PERMISSION) result code=0
03-24 21:18:02.457  1017  1079 D ShellSplitScreen: logExit: no-op, mLoggerSessionId is null
03-24 21:18:02.465  1017  1079 V ShellDesktopMode: DesktopTasksController: handleRequest request=TransitionRequestInfo { type = OPEN, triggerTask = TaskInfo{userId=0 taskId=9 effectiveUid=10227 displayId=0 isRunning=true baseIntent=Intent { act=android.intent.action.MAIN cat=[android.intent.category.LAUNCHER] flg=0x10200000 cmp=com.vdigital.volumestream/.platform.activity.MainActivity } baseActivity=ComponentInfo{com.vdigital.volumestream/com.vdigital.volumestream.platform.activity.MainActivity} topActivity=ComponentInfo{com.vdigital.volumestream/com.vdigital.volumestream.platform.activity.MainActivity} origActivity=null realActivity=ComponentInfo{com.vdigital.volumestream/com.vdigital.volumestream.platform.activity.MainActivity} numActivities=1 lastActiveTime=1262088 supportsMultiWindow=true resizeMode=1 isResizeable=true minWidth=-1 minHeight=-1 defaultMinSize=220 token=WCT{android.os.BinderProxy@36897d8} topActivityType=1 pictureInPictureParams=null shouldDockBigOverlays=false launchIntoPipHostTaskId=-1 lastParentTaskIdBeforePip=-1 displayCutoutSafeInsets=Rect(0, 156 - 0, 0) topActivityInfo=ActivityInfo{adca731 com.vdigital.volumestream.platform.activity.MainActivity} launchCookies=[] positionInParent=Point(0, 0) parentTaskId=-1 isFocused=false isVisible=false isVisibleRequested=false isTopActivityNoDisplay=false isSleeping=false locusId=null displayAreaFeatureId=1 isTopActivityTransparent=false isActivityStackTransparent=false lastNonFullscreenBounds=null capturedLink=null capturedLinkTimestamp=0 requestedVisibleTypes=503 topActivityRequestOpenInBrowserEducationTimestamp=0 appCompatTaskInfo=AppCompatTaskInfo { topActivityInSizeCompat=false isLeafTask= true eligibleForLetterboxEducation= false isLetterboxEducationEnabled= true isLetterboxDoubleTapEnabled= false eligibleForUserAspectRatioButton= false topActivityBoundsLetterboxed= false isFromLetterboxDoubleTap= false topActivityLetterboxVerticalPosition= -1 topActivityLetterboxHorizontalPosition= -1 topActivityLetterboxWidth=-1 topActivityLetterboxHeight=-1 topActivityAppBounds=Rect(0, 156 - 1280, 2784) isUserFullscreenOverrideEnabled=false isSystemFullscreenOverrideEnabled=false hasMinAspectRatioOverride=false topActivityLetterboxBounds=null cameraCompatTaskInfo=CameraCompatTaskInfo { cameraCompatMode=undefinedundefined} topNonResizableActivityAspectRatio=-1.0} topActivityMainWindowFrame=null isAppBubble=false}, pipChange = null, remoteTransition = null, displayChange = null, requestedLocation = null, userChange = null, windowingLayerChange = null, flags = 0, debugId = 15 }
03-24 21:18:02.467  1017  1079 V ShellDesktopMode: DesktopTasksController: skipping handleRequest reason=triggerTask's display doesn't support desktop mode
03-24 21:18:02.470  1166  1166 D BaseActivity: Launcher flags updated: [state_started|state_resumed|state_deferred_resumed|state_window_focused] -[state_user_active]
03-24 21:18:02.479   761  1734 W libbinder.Binder: Binder transaction to android.app.IActivityManager code 146 took 1041ms. Data bytes: 512 Reply bytes: 8 Flags: 18
03-24 21:18:02.487  5033  5033 I Monkey  : Events injected: 1
03-24 21:18:02.608   761   785 V GrammaticalInflectionUtils: AttributionSource: android.content.AttributionSource@4c7d67db does not have READ_SYSTEM_GRAMMATICAL_GENDER permission.
03-24 21:18:02.627   761   785 W ActivityManager: Slow operation: 134ms so far, now at startProcess: done creating new process record
03-24 21:18:02.627   761   785 W ActivityManager: Slow operation: 134ms so far, now at startProcess: stepping in to startProcess
03-24 21:18:02.640  1166  1166 D BaseActivity: Launcher flags updated: [state_started|state_window_focused] -[state_resumed|state_deferred_resumed]
03-24 21:18:02.685  1166  1166 W SplitSelectStateCtor: Missing session instanceIds
03-24 21:18:02.692  1166  1166 D StatsLog: LAUNCHER_SPLIT_SELECTION_EXIT_INTERRUPTED
03-24 21:18:02.748   761   785 W ActivityManager: Slow operation: 119ms so far, now at startProcess: building args
03-24 21:18:02.868   761  1797 I AppsFilter: interaction: PackageSetting{d8d6c6c com.android.microdroid.empty_payload/10216} -> PackageSetting{5513b37 com.vdigital.volumestream/10227} BLOCKED
03-24 21:18:02.917   761   785 W ActivityManager: Slow operation: 424ms so far, now at startProcess: done starting proc!
03-24 21:18:02.968   761   794 W ActivityManager: Slow operation: 339ms so far, now at startProcess: asking zygote to start proc
03-24 21:18:03.036   761  1797 V WindowManager: Defer transition id=15 for TaskFragmentTransaction=android.os.Binder@72b28a4
03-24 21:18:03.037   761  1797 V WindowManager: deferTransitionReady deferReadyDepth=1 stack=com.android.server.wm.TransitionController.deferTransitionReady:1061 com.android.server.wm.TaskFragmentOrganizerController$TaskFragmentOrganizerState.dispatchTransaction:517 com.android.server.wm.TaskFragmentOrganizerController.dispatchPendingEvents:1259 com.android.server.wm.TaskFragmentOrganizerController.dispatchPendingEvents:1228 com.android.server.wm.RootWindowContainer.performSurfacePlacement:777 
03-24 21:18:03.040  1017  1133 W ShellStartingWindow: Get attribute fail, return default: Drawable com.vdigital.volumestream:drawable/splash_icon with resource ID #0x7f08010d
03-24 21:18:03.056  1017  1079 D ShellDesktopMode: DesktopRepository: Removes freeform task: taskId=8
03-24 21:18:03.056  1017  1079 W ShellDesktopMode: DesktopRepository: No display id found for task: taskId=8
03-24 21:18:03.095  1166  1166 D RecentsView: onTaskDisplayChanged: 9, new displayId = 0
03-24 21:18:03.111   761   785 W ActivityTaskManager: Activity top resumed state loss timeout for ActivityRecord{176990701 u0 com.google.android.apps.nexuslauncher/.NexusLauncherActivity t2}
03-24 21:18:03.176  1166  1166 D b/417220811: invalidateLoadedTasks - previous requestLoadId: -1
03-24 21:18:03.187  1166  1166 D b/417220811: invalidateLoadedTasks - previous requestLoadId: -1
03-24 21:18:03.285  1017  1079 D WindowManagerShell: setLauncherKeepClearAreaHeight: visible=false, height=567
03-24 21:18:03.363   761   841 W ProcessStats: Tracking association SourceState{64a8492 com.google.android.apps.messaging/10154 ImpBg #4331} whose proc state 6 is better than process ProcessState{dc283bf com.google.android.gms/10155 pkg=com.google.android.gms} proc state 14 (0 skipped)
03-24 21:18:03.477  5033  5033 I Monkey  : ## Network stats: elapsed time=1296ms (0ms mobile, 0ms wifi, 1296ms not connected)
03-24 21:18:03.534  5033  5033 I app_process: System.exit called, status: 0
03-24 21:18:03.534  5033  5033 I AndroidRuntime: VM exiting with result code 0.
03-24 21:18:03.539   761  1719 V WindowManager: Continue transition id=15 for TaskFragmentTransaction=android.os.Binder@72b28a4
03-24 21:18:03.539   761  1719 V WindowManager: continueTransitionReady deferReadyDepth=0 stack=com.android.server.wm.TransitionController.continueTransitionReady:1071 com.android.server.wm.TaskFragmentOrganizerController$TaskFragmentOrganizerState.onTransactionFinished:546 com.android.server.wm.TaskFragmentOrganizerController.onTransactionHandled:740 android.window.ITaskFragmentOrganizerController$Stub.onTransact:225 android.os.Binder.execTransactInternal:1473 
03-24 21:18:03.648  1258  1263 W ndroid.settings: Reducing the number of considered missed Gc histogram windows from 103 to 100
03-24 21:18:03.665   761   904 I HalDevMgr: bestIfaceCreationProposal is null, requestIface=STA, existingIface=[name=wlan0 type=STA]
03-24 21:18:05.070   761   783 W Looper  : Slow dispatch took 218ms android.ui app=system_server main=false group=TOP_APP h=android.os.Handler c=android.database.ContentObserver$$ExternalSyntheticLambda1@1856609 m=0
03-24 21:18:05.475  1164  1299 D SatelliteController: iisInCarrierRoamingNbIotNtn: satellite is disabled
03-24 21:18:05.480  1854  2303 W libbinder.Binder: Binder transaction to com.google.android.gms.constellation.internal.IConstellationApiService code 4 took 9054ms. Data bytes: 276 Reply bytes: 4 Flags: 18
03-24 21:18:05.513  1017  1130 I Choreographer: Skipped 136 frames!  The application may be doing too much work on its main thread.
03-24 21:18:05.829  2945  3009 I .apps.messaging: WaitForGcToComplete blocked ProfileSaver on Background for 13.104s
03-24 21:18:05.829  1017  1130 D WindowOnBackDispatcher: setTopOnBackInvokedCallback (unwrapped): android.view.ViewRootImpl$$ExternalSyntheticLambda12@50d2087
03-24 21:18:05.839  1166  1166 D BaseActivity: Launcher flags updated: [state_started] -[state_window_focused]
03-24 21:18:05.926  1166  1659 I HWUI    : Davey! duration=2160ms; Flags=0, FrameTimelineVsyncId=30120, IntendedVsync=1263266590866, Vsync=1263316590864, InputEventId=0, HandleInputStart=1263331822276, AnimationStart=1263331823336, PerformTraversalsStart=1263370813951, DrawStart=1263382696535, FrameDeadline=1263283257532, FrameStartTime=1263331816553, FrameInterval=16666666, WorkloadTarget=16666666, SyncQueued=1263409171100, SyncStart=1263591629419, IssueDrawCommandsStart=1263628031622, SwapBuffers=1263736988152, FrameCompleted=1265609214942, DequeueBufferDuration=398896573, QueueBufferDuration=260811073, GpuCompleted=1265198572788, SwapBuffersCompleted=1265609214942, DisplayPresentTime=1007169830911, CommandSubmissionCompleted=1263736988152, 
03-24 21:18:06.122  1164  1299 D SatelliteController: getCarrierRoamingNtnConnectType: Falling back to global carrier config connect type: 0
03-24 21:18:06.082   761  1734 D CoreBackPreview: Window{aca69c2 u0 Splash Screen com.vdigital.volumestream}: Setting back callback OnBackInvokedCallbackInfo{mCallback=android.window.IOnBackInvokedCallback$Stub$Proxy@6a65a2f, mPriority=0, mIsAnimationCallback=false, mOverrideBehavior=0}
03-24 21:18:06.130  1258  3931 D PrefCtrlListHelper: Could not find Context-only controller for pref: com.android.settings.gestures.SystemNavigationPreferenceController
03-24 21:18:06.149  1258  3931 D PrefCtrlListHelper: Could not find Context-only controller for pref: com.android.settings.gestures.OneHandedEnablePreferenceController
03-24 21:18:06.171  1258  3931 D PrefCtrlListHelper: Could not find Context-only controller for pref: com.android.settings.accessibility.PowerButtonEndsCallPreferenceController
03-24 21:18:06.172  1258  3931 D PrefCtrlListHelper: Could not find Context-only controller for pref: com.android.settings.accessibility.LockScreenRotationPreferenceController
03-24 21:18:06.172  1258  3931 D PrefCtrlListHelper: Could not find Context-only controller for pref: com.android.settings.display.DeviceStateAutoRotateOverviewController
03-24 21:18:06.672   761   967 D BackgroundInstallControlService: Package event received: 0
03-24 21:18:06.782  1258  3931 E ScreenResolutionController: No support
03-24 21:18:07.505  1166  1166 I Choreographer: Skipped 44 frames!  The application may be doing too much work on its main thread.
03-24 21:18:07.457   761   761 W Looper  : Slow dispatch took 572ms main app=system_server main=true group=FOREGROUND h=android.os.Handler c=<recycled PooledLambda@1559c5> m=0
03-24 21:18:07.521  2427  2435 W .android.dialer: Suspending all threads took: 23.030ms
03-24 21:18:07.658  1258  3931 D PrefCtrlListHelper: Could not find Context-only controller for pref: com.android.settings.gestures.DoubleTwistPreferenceController
03-24 21:18:07.675   761  1719 W libbinder.Binder: Binder transaction to android.app.IActivityManager code 69 took 3862ms. Data bytes: 116 Reply bytes: 0 Flags: 17
03-24 21:18:07.685   761   785 W BLASTSyncEngine: Sync group 15 timeout
03-24 21:18:07.837   761  1726 W libbinder.Binder: Binder transaction to android.gui.IWindowInfosListener code 1 took 1166ms. Data bytes: 6796 Reply bytes: 0 Flags: 17
03-24 21:18:07.841  1166  1166 D b/417220811: invalidateLoadedTasks - previous requestLoadId: -1
03-24 21:18:07.854  1166  1954 I HWUI    : Davey! duration=1176ms; Flags=0, FrameTimelineVsyncId=30197, IntendedVsync=1266433246304, Vsync=1266449912970, InputEventId=0, HandleInputStart=1266460343695, AnimationStart=1266460344548, PerformTraversalsStart=1266460344791, DrawStart=1266488518933, FrameDeadline=1266449912970, FrameStartTime=1266460339184, FrameInterval=16666666, WorkloadTarget=16666666, SyncQueued=1266851817736, SyncStart=1266854100283, IssueDrawCommandsStart=1266884475492, SwapBuffers=1267110579538, FrameCompleted=1267612448699, DequeueBufferDuration=57543, QueueBufferDuration=232796827, GpuCompleted=1267603920965, SwapBuffersCompleted=1267612448699, DisplayPresentTime=31525678434287662, CommandSubmissionCompleted=1267110579538, 
03-24 21:18:07.858   761   761 W Looper  : Slow delivery took 788ms main app=system_server main=true group=FOREGROUND h=android.os.Handler c=<recycled PooledLambda@57c5002> m=0
03-24 21:18:07.900  1166  1189 I HWUI    : Davey! duration=904ms; Flags=0, FrameTimelineVsyncId=30228, IntendedVsync=1266899922035, Vsync=1267633255339, InputEventId=0, HandleInputStart=1267645325684, AnimationStart=1267645326903, PerformTraversalsStart=1267647878804, DrawStart=1267649171346, FrameDeadline=1267833246179, FrameStartTime=1267638752748, FrameInterval=16666666, WorkloadTarget=16666666, SyncQueued=1267655547281, SyncStart=1267823375722, IssueDrawCommandsStart=1267823700119, SwapBuffers=1267846709020, FrameCompleted=1267972440923, DequeueBufferDuration=21192, QueueBufferDuration=39437728, GpuCompleted=1267968491894, SwapBuffersCompleted=1267972440923, DisplayPresentTime=28992399349842023, CommandSubmissionCompleted=1267846709020, 
03-24 21:18:07.913   532   532 I Zygote  : Entering forkRepeatedly native zygote loop
03-24 21:18:07.945   761   785 I BLASTSyncEngine: Unfinished container: ActivityRecord{129652586 u0 com.vdigital.volumestream/.platform.activity.MainActivity t9}
03-24 21:18:07.980   761   785 I BLASTSyncEngine:   Window{d7ff432 u0 InputMethod} NO_SURFACE
03-24 21:18:08.060   761   785 I BLASTSyncEngine:   Window{aca69c2 u0 Splash Screen com.vdigital.volumestream} DRAW_PENDING
03-24 21:18:08.061   761   785 I BLASTSyncEngine: Unfinished container: Task{6f5b45b #9 type=standard A=10227:com.vdigital.volumestream}
03-24 21:18:08.066   761   785 I BLASTSyncEngine:   Window{d7ff432 u0 InputMethod} NO_SURFACE
03-24 21:18:08.233   761  1752 W FastPrintWriter: Write failure
03-24 21:18:08.233   761  1752 W FastPrintWriter: java.io.IOException: write failed: EPIPE (Broken pipe)
03-24 21:18:08.233   761  1752 W FastPrintWriter: 	at libcore.io.IoBridge.write(IoBridge.java:651)
03-24 21:18:08.233   761  1752 W FastPrintWriter: 	at java.io.FileOutputStream.write(FileOutputStream.java:436)
03-24 21:18:08.233   761  1752 W FastPrintWriter: 	at com.android.internal.util.FastPrintWriter.flushBytesLocked(FastPrintWriter.java:355)
03-24 21:18:08.233   761  1752 W FastPrintWriter: 	at com.android.internal.util.FastPrintWriter.flushLocked(FastPrintWriter.java:378)
03-24 21:18:08.233   761  1752 W FastPrintWriter: 	at com.android.internal.util.FastPrintWriter.appendLocked(FastPrintWriter.java:323)
03-24 21:18:08.233   761  1752 W FastPrintWriter: 	at com.android.internal.util.FastPrintWriter.print(FastPrintWriter.java:500)
03-24 21:18:08.233   761  1752 W FastPrintWriter: 	at java.io.PrintWriter.println(PrintWriter.java:822)
03-24 21:18:08.233   761  1752 W FastPrintWriter: 	at android.util.PrintWriterPrinter.println(PrintWriterPrinter.java:39)
03-24 21:18:08.233   761  1752 W FastPrintWriter: 	at android.content.IntentFilter.dump(IntentFilter.java:2822)
03-24 21:18:08.233   761  1752 W FastPrintWriter: 	at com.android.server.IntentResolver.dumpMap(IntentResolver.java:251)
03-24 21:18:08.233   761  1752 W FastPrintWriter: 	at com.android.server.IntentResolver.dump(IntentResolver.java:305)
03-24 21:18:08.233   761  1752 W FastPrintWriter: 	at com.android.server.pm.resolution.ComponentResolverBase.dumpServiceResolvers(ComponentResolverBase.java:349)
03-24 21:18:08.233   761  1752 W FastPrintWriter: 	at com.android.server.pm.DumpHelper.doDump(DumpHelper.java:420)
03-24 21:18:08.233   761  1752 W FastPrintWriter: 	at com.android.server.pm.PackageManagerService$IPackageManagerImpl.dump(PackageManagerService.java:6759)
03-24 21:18:08.233   761  1752 W FastPrintWriter: 	at android.os.Binder.doDump(Binder.java:1104)
03-24 21:18:08.233   761  1752 W FastPrintWriter: 	at android.os.Binder.dump(Binder.java:1094)
03-24 21:18:08.233   761  1752 W FastPrintWriter: 	at android.os.Binder.onTransact(Binder.java:940)
03-24 21:18:08.233   761  1752 W FastPrintWriter: 	at android.content.pm.IPackageManager$Stub.onTransact(IPackageManager.java:4666)
03-24 21:18:08.233   761  1752 W FastPrintWriter: 	at com.android.server.pm.PackageManagerService$IPackageManagerImpl.onTransact(PackageManagerService.java:6705)
03-24 21:18:08.233   761  1752 W FastPrintWriter: 	at android.os.Binder.execTransactInternal(Binder.java:1478)
03-24 21:18:08.233   761  1752 W FastPrintWriter: 	at android.os.Binder.execTransact(Binder.java:1418)
03-24 21:18:08.233   761  1752 W FastPrintWriter: Caused by: android.system.ErrnoException: write failed: EPIPE (Broken pipe)
03-24 21:18:08.233   761  1752 W FastPrintWriter: 	at libcore.io.Linux.writeBytes(Native Method)
03-24 21:18:08.233   761  1752 W FastPrintWriter: 	at libcore.io.Linux.write(Linux.java:338)
03-24 21:18:08.233   761  1752 W FastPrintWriter: 	at libcore.io.ForwardingOs.write(ForwardingOs.java:954)
03-24 21:18:08.233   761  1752 W FastPrintWriter: 	at libcore.io.BlockGuardOs.write(BlockGuardOs.java:448)
03-24 21:18:08.233   761  1752 W FastPrintWriter: 	at libcore.io.IoBridge.write(IoBridge.java:646)
03-24 21:18:08.233   761  1752 W FastPrintWriter: 	... 20 more
03-24 21:18:08.349   761   785 I BLASTSyncEngine:   Window{aca69c2 u0 Splash Screen com.vdigital.volumestream} DRAW_PENDING
03-24 21:18:08.354   761  1673 W libbinder.Binder: Binder transaction to com.android.internal.telephony.ITelephonyRegistry code 8 took 2317ms. Data bytes: 804 Reply bytes: 4 Flags: 18
03-24 21:18:08.614  1017  1130 I Choreographer: Skipped 45 frames!  The application may be doing too much work on its main thread.
03-24 21:18:08.676  1258  1263 W ndroid.settings: Suspending all threads took: 27.544ms
03-24 21:18:08.806  1017  1029 I HWUI    : Davey! duration=5377ms; Flags=1, FrameTimelineVsyncId=30128, IntendedVsync=1263366590862, Vsync=1265633257438, InputEventId=0, HandleInputStart=1265661450093, AnimationStart=1265661451214, PerformTraversalsStart=1265687053150, DrawStart=1268139660682, FrameDeadline=1263383257528, FrameStartTime=1265647480730, FrameInterval=16666666, WorkloadTarget=16666666, SyncQueued=1268172802422, SyncStart=1268180149743, IssueDrawCommandsStart=1268534528761, SwapBuffers=1268563012536, FrameCompleted=1268751273261, DequeueBufferDuration=107313, QueueBufferDuration=8749343, GpuCompleted=1268751273261, SwapBuffersCompleted=1268731029823, DisplayPresentTime=1065353216, CommandSubmissionCompleted=1268563012536, 
03-24 21:18:08.968  1166  1659 W libbinder.Binder: Binder transaction to android.app.ITaskStackListener code 1 took 1695ms. Data bytes: 80 Reply bytes: 0 Flags: 17
03-24 21:18:08.995  1589  1605 W libbinder.Binder: Binder transaction to android.service.contentcapture.IContentCaptureService code 8 took 1636ms. Data bytes: 496 Reply bytes: 0 Flags: 17
03-24 21:18:10.148  1258  3931 D PrefCtrlListHelper: Could not find Context-only controller for pref: com.android.settings.applications.credentials.CredentialManagerPreferenceController
03-24 21:18:10.151  2427  2435 W .android.dialer: Suspending all threads took: 53.946ms
03-24 21:18:10.762  1258  3931 W PrefCtrlListHelper: Cannot instantiate controller from reflection: com.android.settings.applications.credentials.CredentialManagerPreferenceController
03-24 21:18:10.899  2945  2961 W .apps.messaging: Suspending all threads took: 95.121ms
03-24 21:18:11.473  1017  1029 W libbinder.Binder: Binder transaction to com.android.wm.shell.recents.IRecentTasks code 4 took 2223ms. Data bytes: 112 Reply bytes: 8 Flags: 18
03-24 21:18:12.066  1258  3931 D PrefCtrlListHelper: Could not find Context-only controller for pref: com.android.settings.inputmethod.UserDictionaryListPreferenceController
03-24 21:18:12.069  1258  3931 D PrefCtrlListHelper: Could not find Context-only controller for pref: com.android.settings.inputmethod.TouchpadThreeFingerTapAppListController
03-24 21:18:12.070  1164  2643 W libbinder.Binder: Binder transaction to com.android.internal.telephony.ITelephony code 152 took 4161ms. Data bytes: 104 Reply bytes: 8 Flags: 16
03-24 21:18:12.144  5061  5061 W libbinder.BackendUnifiedServiceManager: Thread Pool max thread count is 0. Cannot cache binder as linkToDeath cannot be implemented. serviceName: package
03-24 21:18:12.168  1164  1164 W libbinder.Binder: Binder transaction to com.android.internal.telephony.ISub code 2 took 1224ms. Data bytes: 116 Reply bytes: 2364 Flags: 16
03-24 21:18:12.184   761  1734 W libbinder.Binder: Binder transaction to com.android.internal.telephony.ITelephonyRegistry code 19 took 1271ms. Data bytes: 316 Reply bytes: 4 Flags: 18
03-24 21:18:12.192   761   904 I HalDevMgr: bestIfaceCreationProposal is null, requestIface=STA, existingIface=[name=wlan0 type=STA]
03-24 21:18:12.241  1258  3931 W PrefCtrlListHelper: Cannot instantiate controller from reflection: com.android.settings.inputmethod.TouchpadThreeFingerTapAppListController
03-24 21:18:12.923  1258  3931 D PrefCtrlListHelper: Could not find Context-only controller for pref: com.android.settings.biometrics.combination.BiometricFaceStatusPreferenceController
03-24 21:18:13.289  1854  2303 W libbinder.Binder: Binder transaction to com.google.android.gms.constellation.internal.IConstellationApiService code 3 took 6881ms. Data bytes: 1068 Reply bytes: 4 Flags: 18
03-24 21:18:13.296  1258  3931 D PrefCtrlListHelper: Could not find Context-only controller for pref: com.android.settings.biometrics.combination.BiometricFingerprintStatusPreferenceController
03-24 21:18:13.343   532   532 D Zygote  : Forked child process 5065
03-24 21:18:13.737  1017  1017 D SsCardRecyclerViewAdapter: Updating Smartspace targets to targets for Lockscreen
03-24 21:18:14.036   761   794 W ActivityManager: Slow operation: 11402ms so far, now at startProcess: returned from zygote!
03-24 21:18:14.078  1164  1299 D SatelliteController: iisInCarrierRoamingNbIotNtn: satellite is disabled
03-24 21:18:14.262   761   794 W ActivityManager: Slow operation: 11633ms so far, now at startProcess: done updating battery stats
03-24 21:18:14.403   761   875 I EventHub: Removing device Monkey touch due to epoll hang-up event.
03-24 21:18:14.405   761   875 I EventHub: Removed device: path=/dev/input/event14 name=Monkey touch id=16 fd=412 classes=TOUCH | TOUCH_MT
03-24 21:18:14.439   761   794 W ActivityManager: Slow operation: 11810ms so far, now at startProcess: building log message
03-24 21:18:14.439   761   794 I ActivityManager: Start proc 5065:com.vdigital.volumestream/u0a227 for next-top-activity {com.vdigital.volumestream/com.vdigital.volumestream.platform.activity.MainActivity}
03-24 21:18:14.440   761   794 W ActivityManager: Slow operation: 11811ms so far, now at startProcess: starting to update pids map
03-24 21:18:14.439  1164  1299 D SatelliteController: getCarrierRoamingNtnConnectType: Falling back to global carrier config connect type: 0
03-24 21:18:14.489   761  1673 W FastPrintWriter: Write failure
03-24 21:18:14.489   761  1673 W FastPrintWriter: java.io.IOException: write failed: EPIPE (Broken pipe)
03-24 21:18:14.489   761  1673 W FastPrintWriter: 	at libcore.io.IoBridge.write(IoBridge.java:651)
03-24 21:18:14.489   761  1673 W FastPrintWriter: 	at java.io.FileOutputStream.write(FileOutputStream.java:436)
03-24 21:18:14.489   761  1673 W FastPrintWriter: 	at com.android.internal.util.FastPrintWriter.flushBytesLocked(FastPrintWriter.java:355)
03-24 21:18:14.489   761  1673 W FastPrintWriter: 	at com.android.internal.util.FastPrintWriter.flushLocked(FastPrintWriter.java:378)
03-24 21:18:14.489   761  1673 W FastPrintWriter: 	at com.android.internal.util.FastPrintWriter.appendLocked(FastPrintWriter.java:323)
03-24 21:18:14.489   761  1673 W FastPrintWriter: 	at com.android.internal.util.FastPrintWriter.print(FastPrintWriter.java:500)
03-24 21:18:14.489   761  1673 W FastPrintWriter: 	at java.io.PrintWriter.println(PrintWriter.java:822)
03-24 21:18:14.489   761  1673 W FastPrintWriter: 	at android.util.PrintWriterPrinter.println(PrintWriterPrinter.java:39)
03-24 21:18:14.489   761  1673 W FastPrintWriter: 	at android.content.IntentFilter.dump(IntentFilter.java:2822)
03-24 21:18:14.489   761  1673 W FastPrintWriter: 	at com.android.server.IntentResolver.dumpMap(IntentResolver.java:251)
03-24 21:18:14.489   761  1673 W FastPrintWriter: 	at com.android.server.IntentResolver.dump(IntentResolver.java:305)
03-24 21:18:14.489   761  1673 W FastPrintWriter: 	at com.android.server.pm.resolution.ComponentResolverBase.dumpReceiverResolvers(ComponentResolverBase.java:339)
03-24 21:18:14.489   761  1673 W FastPrintWriter: 	at com.android.server.pm.DumpHelper.doDump(DumpHelper.java:416)
03-24 21:18:14.489   761  1673 W FastPrintWriter: 	at com.android.server.pm.PackageManagerService$IPackageManagerImpl.dump(PackageManagerService.java:6759)
03-24 21:18:14.489   761  1673 W FastPrintWriter: 	at android.os.Binder.doDump(Binder.java:1104)
03-24 21:18:14.489   761  1673 W FastPrintWriter: 	at android.os.Binder.dump(Binder.java:1094)
03-24 21:18:14.489   761  1673 W FastPrintWriter: 	at android.os.Binder.onTransact(Binder.java:940)
03-24 21:18:14.489   761  1673 W FastPrintWriter: 	at android.content.pm.IPackageManager$Stub.onTransact(IPackageManager.java:4666)
03-24 21:18:14.489   761  1673 W FastPrintWriter: 	at com.android.server.pm.PackageManagerService$IPackageManagerImpl.onTransact(PackageManagerService.java:6705)
03-24 21:18:14.489   761  1673 W FastPrintWriter: 	at android.os.Binder.execTransactInternal(Binder.java:1478)
03-24 21:18:14.489   761  1673 W FastPrintWriter: 	at android.os.Binder.execTransact(Binder.java:1418)
03-24 21:18:14.489   761  1673 W FastPrintWriter: Caused by: android.system.ErrnoException: write failed: EPIPE (Broken pipe)
03-24 21:18:14.489   761  1673 W FastPrintWriter: 	at libcore.io.Linux.writeBytes(Native Method)
03-24 21:18:14.489   761  1673 W FastPrintWriter: 	at libcore.io.Linux.write(Linux.java:338)
03-24 21:18:14.489   761  1673 W FastPrintWriter: 	at libcore.io.ForwardingOs.write(ForwardingOs.java:954)
03-24 21:18:14.489   761  1673 W FastPrintWriter: 	at libcore.io.BlockGuardOs.write(BlockGuardOs.java:448)
03-24 21:18:14.489   761  1673 W FastPrintWriter: 	at libcore.io.IoBridge.write(IoBridge.java:646)
03-24 21:18:14.489   761  1673 W FastPrintWriter: 	... 20 more
03-24 21:18:14.535   761   875 I InputReader: Device removed: id=16, eventHubId=16, name='Monkey touch', descriptor='e1fe28b90f915c7d1febbd52c1ef84b3c4cbed9f', sources=TOUCHSCREEN
03-24 21:18:14.573  1258  3931 I ActiveUnlockStatusUtils: authority not set
03-24 21:18:14.652  1258  3931 I ActiveUnlockStatusUtils: authority not set
03-24 21:18:14.761  1258  3931 I ActiveUnlockStatusUtils: authority not set
03-24 21:18:14.838  2427  2435 W .android.dialer: Suspending all threads took: 33.548ms
03-24 21:18:14.838  1258  3931 D PrefCtrlListHelper: Could not find Context-only controller for pref: com.android.settings.remoteauth.RemoteAuthStatusPreferenceController
03-24 21:18:14.871  1258  3931 D PrefCtrlListHelper: Could not find Context-only controller for pref: com.android.settings.biometrics.combination.BiometricSettingsKeyguardPreferenceController
03-24 21:18:14.875  1258  3931 D PrefCtrlListHelper: Could not find Context-only controller for pref: com.android.settings.biometrics.combination.BiometricSettingsAppPreferenceController
03-24 21:18:14.875  1258  3931 V SettingsSearchProvider: com.android.settings.biometrics.combination.CombinedBiometricSettings$2@badc935 tried to add an empty non-indexable key
03-24 21:18:15.088   761   875 I EventHub: Removing device '/dev/input/event14' due to inotify event
03-24 21:18:15.124   761   782 V WindowManager: Sent Transition (#15) createdAt=03-24 21:18:01.613 via request=TransitionRequestInfo { type = OPEN, triggerTask = TaskInfo{userId=0 taskId=9 effectiveUid=10227 displayId=0 isRunning=true baseIntent=Intent { act=android.intent.action.MAIN cat=[android.intent.category.LAUNCHER] flg=0x10200000 cmp=com.vdigital.volumestream/.platform.activity.MainActivity } baseActivity=ComponentInfo{com.vdigital.volumestream/com.vdigital.volumestream.platform.activity.MainActivity} topActivity=ComponentInfo{com.vdigital.volumestream/com.vdigital.volumestream.platform.activity.MainActivity} origActivity=null realActivity=ComponentInfo{com.vdigital.volumestream/com.vdigital.volumestream.platform.activity.MainActivity} numActivities=1 lastActiveTime=1262088 supportsMultiWindow=true resizeMode=1 isResizeable=true minWidth=-1 minHeight=-1 defaultMinSize=220 token=WCT{RemoteToken{aff461c Task{6f5b45b #9 type=standard A=10227:com.vdigital.volumestream}}} topActivityType=1 pictureInPictureParams=null shouldDockBigOverlays=false launchIntoPipHostTaskId=-1 lastParentTaskIdBeforePip=-1 displayCutoutSafeInsets=Rect(0, 156 - 0, 0) topActivityInfo=ActivityInfo{bb59225 com.vdigital.volumestream.platform.activity.MainActivity} launchCookies=[] positionInParent=Point(0, 0) parentTaskId=-1 isFocused=false isVisible=false isVisibleRequested=false isTopActivityNoDisplay=false isSleeping=false locusId=null displayAreaFeatureId=1 isTopActivityTransparent=false isActivityStackTransparent=false lastNonFullscreenBounds=null capturedLink=null capturedLinkTimestamp=0 requestedVisibleTypes=503 topActivityRequestOpenInBrowserEducationTimestamp=0 appCompatTaskInfo=AppCompatTaskInfo { topActivityInSizeCompat=false isLeafTask= true eligibleForLetterboxEducation= false isLetterboxEducationEnabled= true isLetterboxDoubleTapEnabled= false eligibleForUserAspectRatioButton= false topActivityBoundsLetterboxed= false isFromLetterboxDoubleTap= false topActivityLetterboxVerticalPosition= -1 topActivityLetterboxHorizontalPosition= -1 topActivityLetterboxWidth=-1 topActivityLetterboxHeight=-1 topActivityAppBounds=Rect(0, 156 - 1280, 2784) isUserFullscreenOverrideEnabled=false isSystemFullscreenOverrideEnabled=false hasMinAspectRatioOverride=false topActivityLetterboxBounds=null cameraCompatTaskInfo=CameraCompatTaskInfo { cameraCompatMode=undefinedundefined} topNonResizableActivityAspectRatio=-1.0} topActivityMainWindowFrame=null isAppBubble=false}, pipChange = null, remoteTransition = null, displayChange = null, requestedLocation = null, userChange = null, windowingLayerChange = null, flags = 0, debugId = 15 }
03-24 21:18:15.124   761   782 V WindowManager:     startWCT=WindowContainerTransaction { changes= {} hops= [] errorCallbackToken=null taskFragmentOrganizer=null }
03-24 21:18:15.156   761   782 V WindowManager:     info={id=15 t=OPEN f=0x0 trk=0 r=[0@Point(0, 0)] c=[
03-24 21:18:15.156   761   782 V WindowManager:         {WCT{RemoteToken{aff461c Task{6f5b45b #9 type=standard A=10227:com.vdigital.volumestream}}} m=OPEN f=NONE leash=Surface(name=Task=9#166)/@0xfe562e6 sb=Rect(0, 0 - 1280, 2856) eb=Rect(0, 0 - 1280, 2856) epz=Point(1280, 2856) d=0 taskParent=-1 winMode=1 userId=0},
03-24 21:18:15.156   761   782 V WindowManager:         {WCT{RemoteToken{8c66660 Task{b35eb2b #1 type=home}}} m=TO_BACK f=SHOW_WALLPAPER leash=Surface(name=Task=1#44)/@0x88f4f11 sb=Rect(0, 0 - 1280, 2856) eb=Rect(0, 0 - 1280, 2856) epz=Point(1280, 2856) d=0 taskParent=-1 winMode=1 userId=0},
03-24 21:18:15.156   761   782 V WindowManager:         {m=TO_BACK f=IS_WALLPAPER leash=Surface(name=WallpaperWindowToken{b68506d}#60)/@0xbdf7338 sb=Rect(0, 0 - 1280, 2856) eb=Rect(0, 0 - 1280, 2856) epz=Point(1280, 2856) d=0}
03-24 21:18:15.156   761   782 V WindowManager:     ]}
03-24 21:18:15.210   761   782 W Looper  : Slow dispatch took 249ms android.fg app=system_server main=false group=FOREGROUND h=android.os.Handler c=com.android.server.wm.TransitionController$Logger@a949ab m=0
03-24 21:18:15.253  1258  3931 D PrefCtrlListHelper: Could not find Context-only controller for pref: com.android.settings.datetime.AutoTimePreferenceController
03-24 21:18:15.267   761  1726 W libbinder.Binder: Binder transaction to android.app.IActivityTaskManager code 55 took 7367ms. Data bytes: 92 Reply bytes: 3588 Flags: 16
03-24 21:18:15.295  1258  3931 D PrefCtrlListHelper: Could not find Context-only controller for pref: com.android.settings.datetime.DatePreferenceController
03-24 21:18:15.296  1258  3931 D PrefCtrlListHelper: Could not find Context-only controller for pref: com.android.settings.datetime.TimePreferenceController
03-24 21:18:15.296  1258  3931 D PrefCtrlListHelper: Could not find Context-only controller for pref: com.android.settings.datetime.AutoTimeZonePreferenceController
03-24 21:18:15.297  1258  3931 D PrefCtrlListHelper: Could not find Context-only controller for pref: com.android.settings.datetime.LocationProviderStatusPreferenceController
03-24 21:18:15.365  5065  5065 I Zygote  : Process 5065 created for com.vdigital.volumestream
03-24 21:18:15.372   761  1077 W libbinder.Binder: Binder transaction to android.view.IWindowSession code 9 took 6755ms. Data bytes: 268 Reply bytes: 0 Flags: 17
03-24 21:18:15.374  5065  5065 I al.volumestream: Late-enabling -Xcheck:jni
03-24 21:18:15.393  1258  3931 D PrefCtrlListHelper: Could not find Context-only controller for pref: com.android.settings.datetime.TimeZonePreferenceController
03-24 21:18:15.394  1258  3931 D PrefCtrlListHelper: Could not find Context-only controller for pref: com.android.settings.datetime.NotificationsPreferenceCategoryController
03-24 21:18:15.395  1258  3931 D PrefCtrlListHelper: Could not find Context-only controller for pref: com.android.settings.datetime.TimeZoneNotificationsPreferenceController
03-24 21:18:15.395  1258  3931 D PrefCtrlListHelper: Could not find Context-only controller for pref: com.android.settings.datetime.TimeFormatPreferenceController
03-24 21:18:15.395  1258  3931 D PrefCtrlListHelper: Could not find Context-only controller for pref: com.android.settings.datetime.TimeFeedbackPreferenceCategoryController
03-24 21:18:15.396  1258  3931 D PrefCtrlListHelper: Could not find Context-only controller for pref: com.android.settings.datetime.TimeFeedbackPreferenceController
03-24 21:18:15.410   761   904 I HalDevMgr: bestIfaceCreationProposal is null, requestIface=STA, existingIface=[name=wlan0 type=STA]
03-24 21:18:15.463   761   786 I Choreographer: Skipped 422 frames!  The application may be doing too much work on its main thread.
03-24 21:18:15.697  1017  1767 W libbinder.Binder: Binder transaction to android.app.ITaskStackListener code 1 took 8441ms. Data bytes: 80 Reply bytes: 0 Flags: 17
03-24 21:18:15.746   761  1719 W libbinder.Binder: Binder transaction to android.app.IActivityTaskManager code 27 took 6266ms. Data bytes: 96 Reply bytes: 3452 Flags: 16
03-24 21:18:15.879   761   783 W Looper  : Slow dispatch took 6931ms android.ui app=system_server main=false group=TOP_APP h=android.os.Handler c=android.database.ContentObserver$$ExternalSyntheticLambda1@3d22ba1 m=0
03-24 21:18:15.881   761   783 W Looper  : Slow delivery took 3485ms android.ui app=system_server main=false group=TOP_APP h=com.android.server.wm.DisplayPolicy$PolicyHandler c=com.android.server.wm.DisplayPolicy$2$$ExternalSyntheticLambda0@94dd1c6 m=0
03-24 21:18:15.898  1017  1029 V WindowManagerShell: onTransitionReady(transaction=3268470113917)
03-24 21:18:15.929  1017  1029 W libbinder.Binder: Binder transaction to android.window.ITransitionPlayer code 1 took 1065ms. Data bytes: 61092 Reply bytes: 0 Flags: 17
03-24 21:18:15.931  1017  1079 V WindowManagerShell: onTransitionReady (#15) android.os.BinderProxy@336d6bb: {id=15 t=OPEN f=0x0 trk=0 r=[0@Point(0, 0)] c=[
03-24 21:18:15.931  1017  1079 V WindowManagerShell:         {m=OPEN f=NONE leash=Surface(name=Task=9#166)/@0xe193977 sb=Rect(0, 0 - 1280, 2856) eb=Rect(0, 0 - 1280, 2856) epz=Point(1280, 2856) d=0 taskParent=-1 winMode=1 userId=0},
03-24 21:18:15.931  1017  1079 V WindowManagerShell:         {m=TO_BACK f=SHOW_WALLPAPER leash=Surface(name=Task=1#44)/@0x4143e4d sb=Rect(0, 0 - 1280, 2856) eb=Rect(0, 0 - 1280, 2856) epz=Point(1280, 2856) d=0 taskParent=-1 winMode=1 userId=0},
03-24 21:18:15.931  1017  1079 V WindowManagerShell:         {m=TO_BACK f=IS_WALLPAPER leash=Surface(name=WallpaperWindowToken{b68506d}#60)/@0x45df613 sb=Rect(0, 0 - 1280, 2856) eb=Rect(0, 0 - 1280, 2856) epz=Point(1280, 2856) d=0}
03-24 21:18:15.931  1017  1079 V WindowManagerShell:     ]}
03-24 21:18:16.004  1017  1152 W Looper  : Slow delivery took 1026ms SysUiBg app=com.android.systemui main=false group=FOREGROUND h=android.os.Handler c=android.telephony.TelephonyCallback$IPhoneStateListenerStub$$ExternalSyntheticLambda52@570174e m=0
03-24 21:18:16.005  1017  1152 W Looper  : Slow dispatch took 8066ms SysUiBg app=com.android.systemui main=false group=FOREGROUND h=android.os.Handler c=android.telephony.TelephonyCallback$IPhoneStateListenerStub$$ExternalSyntheticLambda52@570174e m=0
03-24 21:18:16.657  1017  1079 V WindowManagerShell: Playing animation for (#15) android.os.BinderProxy@336d6bb@0
03-24 21:18:16.667   761  1754 W libbinder.Binder: Binder transaction to android.app.INotificationManager code 136 took 10911ms. Data bytes: 84 Reply bytes: 2328 Flags: 16
03-24 21:18:16.720  1017  1079 V ShellRecents: RecentsTransitionHandler.startAnimation: no controller found
03-24 21:18:16.748  1017  1079 V ShellDesktopMode: DesktopMixedTransitionHandler: No pending desktop transition
03-24 21:18:16.754  1017  1079 V WindowManagerShell: Transition doesn't have explicit remote, search filters for match for {id=15 t=OPEN f=0x0 trk=0 r=[0@Point(0, 0)] c=[{m=OPEN f=NONE leash=Surface(name=Task=9#166)/@0xe193977 sb=Rect(0, 0 - 1280, 2856) eb=Rect(0, 0 - 1280, 2856) epz=Point(1280, 2856) d=0 taskParent=-1 winMode=1 userId=0},{m=TO_BACK f=SHOW_WALLPAPER leash=Surface(name=Task=1#44)/@0x4143e4d sb=Rect(0, 0 - 1280, 2856) eb=Rect(0, 0 - 1280, 2856) epz=Point(1280, 2856) d=0 taskParent=-1 winMode=1 userId=0},{m=TO_BACK f=IS_WALLPAPER leash=Surface(name=WallpaperWindowToken{b68506d}#60)/@0x45df613 sb=Rect(0, 0 - 1280, 2856) eb=Rect(0, 0 - 1280, 2856) epz=Point(1280, 2856) d=0}]}
03-24 21:18:16.780  2427  2435 W .android.dialer: Suspending all threads took: 48.105ms
03-24 21:18:16.829  1017  1079 V WindowManagerShell:  Checking filter Pair{{types=[] flags=0x0] notFlags=0x0 checks=[{atype=undefined independent=true modes=[CLOSE,TO_BACK] flags=IN_TASK_WITH_EMBEDDED_ACTIVITY mustBeTask=false order=ANY topActivity=null launchCookie=null taskFragmentToken=android.os.BinderProxy@2d426f windowingMode=undefined isCrossDisplayMove=false}]} RemoteTransition { remoteTransition = android.window.IRemoteTransition$Stub$Proxy@e5d4b7c, appThread = android.app.IApplicationThread$Stub$Proxy@8a11c05, debugName = overlayBackTransition }}
03-24 21:18:16.876  1017  1079 V WindowManagerShell:  Checking filter Pair{{types=[] flags=0x0] notFlags=0x0 checks=[{atype=dream independent=true modes=[OPEN,TO_FRONT] flags=NONE mustBeTask=false order=ANY topActivity=null launchCookie=null windowingMode=undefined isCrossDisplayMove=false},{atype=home independent=true modes=[CLOSE,TO_BACK] flags=NONE mustBeTask=false order=ANY topActivity=null launchCookie=null windowingMode=undefined isCrossDisplayMove=false}]} RemoteTransition { remoteTransition = android.window.IRemoteTransition$Stub$Proxy@400a45a, appThread = android.app.IApplicationThread$Stub$Proxy@df5968b, debugName = LauncherToDream }}
03-24 21:18:16.890  1017  1079 V WindowManagerShell:  Checking filter Pair{{types=[] flags=0x0] notFlags=0x100 checks=[{atype=home independent=true modes=[OPEN,TO_FRONT] flags=NONE mustBeTask=false order=TOP topActivity=ComponentInfo{com.google.android.apps.nexuslauncher/com.google.android.apps.nexuslauncher.NexusLauncherActivity} launchCookie=null windowingMode=undefined isCrossDisplayMove=false},{atype=standard independent=true modes=[CLOSE,TO_BACK] flags=NONE mustBeTask=false order=ANY topActivity=null launchCookie=null windowingMode=undefined isCrossDisplayMove=false},{NOT atype=undefined independent=true modes=[] flags=NONE mustBeTask=true order=ANY topActivity=null launchCookie=null customAnim=true windowingMode=undefined isCrossDisplayMove=false}]} RemoteTransition { remoteTransition = android.window.IRemoteTransition$Stub$Proxy@ff1a368, appThread = android.app.IApplicationThread$Stub$Proxy@41c7381, debugName = QuickstepLaunchHome }}
03-24 21:18:16.893  1017  1079 V WindowManagerShell:  Checking filter Pair{{types=[OPEN,TO_FRONT] flags=0x0] notFlags=0x0 checks=[{atype=standard independent=true modes=[OPEN,TO_FRONT] flags=NONE mustBeTask=true order=ANY topActivity=null launchCookie=null windowingMode=freeform isCrossDisplayMove=false}]} RemoteTransition { remoteTransition = android.window.IRemoteTransition$Stub$Proxy@2eb6763, appThread = null, debugName = DesktopWindowLimitUnminimize }}
03-24 21:18:16.908  1017  1079 V WindowManagerShell:  Delegate animation for (#15) to null
03-24 21:18:16.923  1017  1079 V WindowManagerShell: start default transition animation, info = {id=15 t=OPEN f=0x0 trk=0 r=[0@Point(0, 0)] c=[{m=OPEN f=NONE leash=Surface(name=Task=9#166)/@0xe193977 sb=Rect(0, 0 - 1280, 2856) eb=Rect(0, 0 - 1280, 2856) epz=Point(1280, 2856) d=0 taskParent=-1 winMode=1 userId=0},{m=TO_BACK f=SHOW_WALLPAPER leash=Surface(name=Task=1#44)/@0x4143e4d sb=Rect(0, 0 - 1280, 2856) eb=Rect(0, 0 - 1280, 2856) epz=Point(1280, 2856) d=0 taskParent=-1 winMode=1 userId=0},{m=TO_BACK f=IS_WALLPAPER leash=Surface(name=WallpaperWindowToken{b68506d}#60)/@0x45df613 sb=Rect(0, 0 - 1280, 2856) eb=Rect(0, 0 - 1280, 2856) epz=Point(1280, 2856) d=0}]}
03-24 21:18:17.048  1017  1079 V WindowManagerShell: loadAnimation: anim=android.view.animation.AnimationSet@1fc148b animAttr=0x13 type=OPEN isEntrance=false
03-24 21:18:17.113  2945  3185 E TraceManagerImpl: Trace BuglePhoneApplicationBase#attatchBaseContext timed out after 1164569 ms. Complete trace: # eiii@6054a2f8
03-24 21:18:17.113  2945  3185 E TraceManagerImpl: eiip: 
03-24 21:18:17.113  2945  3185 E TraceManagerImpl: 	at tk_trace.ExecutionState::runAfterCommit(Started After:22)
03-24 21:18:17.113  2945  3185 E TraceManagerImpl: 	at tk_trace.WorkQueueWorkerImpl#handleResultInner(Started After:22)
03-24 21:18:17.113  2945  3185 E TraceManagerImpl: 	at tk_trace.WorkQueueWorkerImpl.startWork(Started After:20)
03-24 21:18:17.113  2945  3185 E TraceManagerImpl: 	at tk_trace.WorkQueueBatchingImpl#schedulingDeferred(Started After:20)
03-24 21:18:17.113  2945  3185 E TraceManagerImpl: 	at tk_trace.WorkQueueBatchingImpl#queueWorkItems(Started After:19)
03-24 21:18:17.113  2945  3185 E TraceManagerImpl: 	at tk_trace.WorkQueueBatchingImpl#queueWorkItem(Started After:19)
03-24 21:18:17.113  2945  3185 E TraceManagerImpl: 	at tk_trace.PhenotypeHelper#onBuglePhenotypeChanged(Started After:19)
03-24 21:18:17.113  2945  3185 E TraceManagerImpl: 	at tk_trace.PhenotypeHelper#registerPhenotype(Started After:8)
03-24 21:18:17.113  2945  3185 E TraceManagerImpl: 	at tk_trace.PhoneAsyncAppCreateStartupTask(Started After:2)
03-24 21:18:17.113  2945  3185 E TraceManagerImpl: 	at tk_trace.StartupHandlerImpl#onApplicationCreatedInternal(Started After:1)
03-24 21:18:17.113  2945  3185 E TraceManagerImpl: 	at tk_trace.StartupHandlerImpl#onApplicationCreated(Started After:1)
03-24 21:18:17.113  2945  3185 E TraceManagerImpl: 	at tk_trace.Application.onCreate(Started After:0)
03-24 21:18:17.113  2945  3185 E TraceManagerImpl: 	at tk_trace.Application creation(Started After:0)
03-24 21:18:17.113  2945  3185 E TraceManagerImpl: 	at tk_trace.BuglePhoneApplicationBase#attatchBaseContext(Started After:0)
03-24 21:18:17.144  2945  3185 E TraceManagerImpl: Trace WorkQueueWorkerShim#startWork timed out after 1154987 ms. Complete trace: # eiii@e59c73c9
03-24 21:18:17.144  2945  3185 E TraceManagerImpl: eiip: 
03-24 21:18:17.144  2945  3185 E TraceManagerImpl: 	at tk_trace.DatabaseWrapperImpl.inTransactionDeferredRunnableList(Started After:0)
03-24 21:18:17.144  2945  3185 E TraceManagerImpl: 	at tk_trace.WorkQueueWorkerImpl.startWork(Started After:0)
03-24 21:18:17.144  2945  3185 E TraceManagerImpl: 	at tk_trace.WorkQueueWorkerShim#startWork(Started After:0)
03-24 21:18:17.237  1872  1880 I artd    : GetBestInfo: odex next to the dex file (/data/app/~~WEw-qEWCHlUZbloVSQpK4Q==/com.google.android.gms-zScGdJoN6j6usFjBF8E2Dg==/oat/x86_64/base.odex) is kOatUpToDate with filter 'speed-profile' executable 'false'
03-24 21:18:17.248  1017  1079 V WindowManagerShell: loadAnimation: anim=android.view.animation.AnimationSet@3be54bd animAttr=0x12 type=OPEN isEntrance=true
03-24 21:18:17.285  1017  1079 V WindowManagerShell:  animated by com.android.wm.shell.transition.DefaultTransitionHandler@56020ce
03-24 21:18:17.425  1872  1880 I artd    : GetBestInfo: odex next to the dex file (/data/app/~~WEw-qEWCHlUZbloVSQpK4Q==/com.google.android.gms-zScGdJoN6j6usFjBF8E2Dg==/oat/x86_64/split_AdsDynamite_installtime.odex) is kOatUpToDate with filter 'speed' executable 'false'
03-24 21:18:17.527  1872  1880 I artd    : GetBestInfo: odex next to the dex file (/data/app/~~WEw-qEWCHlUZbloVSQpK4Q==/com.google.android.gms-zScGdJoN6j6usFjBF8E2Dg==/oat/x86_64/split_CronetDynamite_installtime.odex) is kOatUpToDate with filter 'speed' executable 'false'
03-24 21:18:17.676  1872  1881 I artd    : GetBestInfo: odex next to the dex file (/data/app/~~WEw-qEWCHlUZbloVSQpK4Q==/com.google.android.gms-zScGdJoN6j6usFjBF8E2Dg==/oat/x86_64/split_DynamiteLoader_installtime.odex) is kOatUpToDate with filter 'speed' executable 'false'
03-24 21:18:17.712  2945  3052 E TraceManagerImpl: Trace GnpBroadcastReceiver timed out after 1162090 ms. Complete trace: # eiii@89887a89
03-24 21:18:17.712  2945  3052 E TraceManagerImpl: eiip: 
03-24 21:18:17.712  2945  3052 E TraceManagerImpl: 	at tk_trace.GnpBroadcastReceiver(Started After:0)
03-24 21:18:17.680  1017  1017 D SsCardRecyclerViewAdapter: Updating Smartspace targets to targets for Lockscreen
03-24 21:18:17.809  1017  1017 W SsPagerDots: Total number of pages invalid: 0. Assuming 1 page.
03-24 21:18:17.811  1258  3931 D PrefCtrlListHelper: Could not find Context-only controller for pref: com.android.settings.language.MoreLanguagesSettingsCategoryController
03-24 21:18:17.839  1872  1881 I artd    : GetBestInfo: odex next to the dex file (/data/app/~~WEw-qEWCHlUZbloVSQpK4Q==/com.google.android.gms-zScGdJoN6j6usFjBF8E2Dg==/oat/x86_64/split_DynamiteModulesA_installtime.odex) is kOatUpToDate with filter 'speed' executable 'false'
03-24 21:18:17.930  1258  3931 D PrefCtrlListHelper: Could not find Context-only controller for pref: com.android.settings.applications.appinfo.NewAppsLocalePreferenceController
03-24 21:18:18.119  1872  1881 I artd    : GetBestInfo: odex next to the dex file (/data/app/~~WEw-qEWCHlUZbloVSQpK4Q==/com.google.android.gms-zScGdJoN6j6usFjBF8E2Dg==/oat/x86_64/split_DynamiteModulesC_installtime.odex) is kOatUpToDate with filter 'speed' executable 'false'
03-24 21:18:18.392  1258  3931 D PrefCtrlListHelper: Could not find Context-only controller for pref: com.android.settings.localepicker.NewTermsOfAddressController
03-24 21:18:18.445  1872  1881 I artd    : GetBestInfo: odex next to the dex file (/data/app/~~WEw-qEWCHlUZbloVSQpK4Q==/com.google.android.gms-zScGdJoN6j6usFjBF8E2Dg==/oat/x86_64/split_GoogleCertificates_installtime.odex) is kOatUpToDate with filter 'speed' executable 'false'
03-24 21:18:18.505  1017  1079 V WindowManagerShell: Transition animation finished (aborted=false), notifying core (#15) android.os.BinderProxy@336d6bb@0
03-24 21:18:18.511  1258  3931 D PrefCtrlListHelper: Could not find Context-only controller for pref: com.android.settings.regionalpreferences.RegionalPreferencesCategoryController
03-24 21:18:18.512  1258  3931 D PrefCtrlListHelper: Could not find Context-only controller for pref: com.android.settings.regionalpreferences.RegionPreferenceController
03-24 21:18:18.513  1258  3931 D PrefCtrlListHelper: Could not find Context-only controller for pref: com.android.settings.regionalpreferences.NewTemperatureUnitController
03-24 21:18:18.513  1258  3931 D PrefCtrlListHelper: Could not find Context-only controller for pref: com.android.settings.regionalpreferences.MeasurementSystemController
03-24 21:18:18.513  1258  3931 D PrefCtrlListHelper: Could not find Context-only controller for pref: com.android.settings.regionalpreferences.NewFirstDayOfWeekController
03-24 21:18:18.514  1258  3931 D PrefCtrlListHelper: Could not find Context-only controller for pref: com.android.settings.regionalpreferences.NewNumberingSystemController
03-24 21:18:18.568  1872  1881 I artd    : GetBestInfo: odex next to the dex file (/data/app/~~WEw-qEWCHlUZbloVSQpK4Q==/com.google.android.gms-zScGdJoN6j6usFjBF8E2Dg==/oat/x86_64/split_MapsDynamite_installtime.odex) is kOatUpToDate with filter 'speed' executable 'false'
03-24 21:18:18.695  1258  3931 D PrefCtrlListHelper: Could not find Context-only controller for pref: com.android.settings.regionalpreferences.NewRegionalFooterPreferenceController
03-24 21:18:18.715  1872  1881 I artd    : GetBestInfo: odex next to the dex file (/data/app/~~WEw-qEWCHlUZbloVSQpK4Q==/com.google.android.gms-zScGdJoN6j6usFjBF8E2Dg==/oat/x86_64/split_MeasurementDynamite_installtime.odex) is kOatUpToDate with filter 'speed' executable 'false'
03-24 21:18:18.720  1258  3993 D PrefCtrlListHelper: Could not find Context-only controller for pref: com.android.settings.datetime.AutoTimePreferenceController
03-24 21:18:18.787  1258  3993 D PrefCtrlListHelper: Could not find Context-only controller for pref: com.android.settings.datetime.DatePreferenceController
03-24 21:18:18.840  1258  3993 D PrefCtrlListHelper: Could not find Context-only controller for pref: com.android.settings.datetime.TimePreferenceController
03-24 21:18:18.842  1258  3993 D PrefCtrlListHelper: Could not find Context-only controller for pref: com.android.settings.datetime.AutoTimeZonePreferenceController
03-24 21:18:19.208  1258  3993 D PrefCtrlListHelper: Could not find Context-only controller for pref: com.android.settings.datetime.LocationProviderStatusPreferenceController
03-24 21:18:19.217  1258  3993 D PrefCtrlListHelper: Could not find Context-only controller for pref: com.android.settings.datetime.TimeZonePreferenceController
03-24 21:18:19.218  1258  3993 D PrefCtrlListHelper: Could not find Context-only controller for pref: com.android.settings.datetime.NotificationsPreferenceCategoryController
03-24 21:18:19.220  1258  3993 D PrefCtrlListHelper: Could not find Context-only controller for pref: com.android.settings.datetime.TimeZoneNotificationsPreferenceController
03-24 21:18:19.221  1258  3993 D PrefCtrlListHelper: Could not find Context-only controller for pref: com.android.settings.datetime.TimeFormatPreferenceController
03-24 21:18:19.225  1258  3993 D PrefCtrlListHelper: Could not find Context-only controller for pref: com.android.settings.datetime.TimeFeedbackPreferenceCategoryController
03-24 21:18:19.226  1258  3993 D PrefCtrlListHelper: Could not find Context-only controller for pref: com.android.settings.datetime.TimeFeedbackPreferenceController
03-24 21:18:19.312  1872  1880 I artd    : GetBestInfo: odex next to the dex file (/data/app/~~WEw-qEWCHlUZbloVSQpK4Q==/com.google.android.gms-zScGdJoN6j6usFjBF8E2Dg==/oat/x86_64/split_all_locale_splits.odex) is kOatUpToDate with filter 'speed' executable 'false'
03-24 21:18:19.314   761   786 I Choreographer: Skipped 216 frames!  The application may be doing too much work on its main thread.
03-24 21:18:19.470   761   794 W ActivityManager: Slow operation: 16839ms so far, now at startProcess: done updating pids map
03-24 21:18:19.703  1258  3993 D PrefCtrlListHelper: Could not find Context-only controller for pref: com.android.settings.language.MoreLanguagesSettingsCategoryController
03-24 21:18:19.704  1258  3993 D PrefCtrlListHelper: Could not find Context-only controller for pref: com.android.settings.applications.appinfo.NewAppsLocalePreferenceController
03-24 21:18:19.704  1258  3993 D PrefCtrlListHelper: Could not find Context-only controller for pref: com.android.settings.localepicker.NewTermsOfAddressController
03-24 21:18:19.713  1258  3993 D PrefCtrlListHelper: Could not find Context-only controller for pref: com.android.settings.regionalpreferences.RegionalPreferencesCategoryController
03-24 21:18:19.714  1258  3993 D PrefCtrlListHelper: Could not find Context-only controller for pref: com.android.settings.regionalpreferences.RegionPreferenceController
03-24 21:18:19.781  1258  3993 D PrefCtrlListHelper: Could not find Context-only controller for pref: com.android.settings.regionalpreferences.NewTemperatureUnitController
03-24 21:18:19.783  1258  3993 D PrefCtrlListHelper: Could not find Context-only controller for pref: com.android.settings.regionalpreferences.MeasurementSystemController
03-24 21:18:19.790  1258  3993 D PrefCtrlListHelper: Could not find Context-only controller for pref: com.android.settings.regionalpreferences.NewFirstDayOfWeekController
03-24 21:18:19.808  1872  1880 I artd    : GetBestInfo: /data/user_de/0/com.google.android.gms/app_chimera/m/0000000a/dl-TfliteDynamiteDynamite.integ_252130102100800.apk has no usable artifacts
03-24 21:18:19.817  1258  3993 D PrefCtrlListHelper: Could not find Context-only controller for pref: com.android.settings.regionalpreferences.NewNumberingSystemController
03-24 21:18:19.861  1258  3931 D PrefCtrlListHelper: Could not find Context-only controller for pref: com.android.settings.location.RecentLocationAccessSeeAllPreferenceController
03-24 21:18:19.939  1258  3993 D PrefCtrlListHelper: Could not find Context-only controller for pref: com.android.settings.regionalpreferences.NewRegionalFooterPreferenceController
03-24 21:18:20.004  1872  1880 I artd    : GetBestInfo: /data/user_de/0/com.google.android.gms/app_chimera/m/00000001/CronetDynamite.apk has no usable artifacts
03-24 21:18:20.006  1258  3993 D PrefCtrlListHelper: Could not find Context-only controller for pref: com.android.settings.location.RecentLocationAccessSeeAllPreferenceController
03-24 21:18:20.030  1872  1880 I artd    : GetBestInfo: /data/user_de/0/com.google.android.gms/app_chimera/m/00000002/DynamiteLoader.apk has no usable artifacts
03-24 21:18:20.052  1872  1880 I artd    : GetBestInfo: /data/user_de/0/com.google.android.gms/app_chimera/m/00000005/GoogleCertificates.apk has no usable artifacts
03-24 21:18:20.094   761   904 I HalDevMgr: bestIfaceCreationProposal is null, requestIface=STA, existingIface=[name=wlan0 type=STA]
03-24 21:18:20.112  1872  1880 I artd    : GetBestInfo: /data/user_de/0/com.google.android.gms/app_chimera/m/0000000f/dl-MlkitOcrCommon.optional_261133100800.apk has no usable artifacts
03-24 21:18:20.217  1872  1880 I artd    : GetBestInfo: /data/user_de/0/com.google.android.gms/app_chimera/m/0000000d/dl-MlkitBarcodeUi.optional_261133100800.apk has no usable artifacts
03-24 21:18:20.364   761   783 W Looper  : Slow dispatch took 1136ms android.ui app=system_server main=false group=TOP_APP h=com.android.server.wm.DisplayPolicy$PolicyHandler c=com.android.server.wm.DisplayPolicy$$ExternalSyntheticLambda14@a2e6e4c m=0
03-24 21:18:20.386   761  1734 W libbinder.Binder: Binder transaction to com.android.internal.telephony.ITelephonyRegistry code 8 took 6225ms. Data bytes: 804 Reply bytes: 4 Flags: 18
03-24 21:18:20.449  2427  2435 W .android.dialer: Suspending all threads took: 6.637ms
03-24 21:18:20.734  1872  1880 I artd    : GetBestInfo: vdex next to the dex file (/data/user/0/com.google.android.gms/app_dg_cache/E054CA794C125F959C88D4849C82AB3F226237E6/oat/x86_64/the.vdex) is kOatUpToDate with filter 'verify' executable 'false'
03-24 21:18:20.913   761   786 I Choreographer: Skipped 94 frames!  The application may be doing too much work on its main thread.
03-24 21:18:21.113  1872  1880 I artd    : GetBestInfo: /data/user_de/0/com.google.android.gms/app_chimera/m/00000007/MeasurementDynamite.apk has no usable artifacts
03-24 21:18:21.113   761  1754 W libbinder.Binder: Binder transaction to android.gui.ITransactionComposerListener code 1 took 3717ms. Data bytes: 772 Reply bytes: 0 Flags: 17
03-24 21:18:21.172   761   782 V WindowManager: Finish Transition (#15): created at 03-24 21:18:01.613 collect-started=9.853ms request-sent=510.644ms started=868.189ms ready=-1261747.633ms sent=10860.724ms commit=4985.848ms finished=19417.159ms
03-24 21:18:21.173   761   782 W Looper  : Slow dispatch took 110ms android.fg app=system_server main=false group=FOREGROUND h=android.os.Handler c=com.android.server.wm.Transition$$ExternalSyntheticLambda5@6284e95 m=0
03-24 21:18:21.255  1872  1880 I artd    : GetBestInfo: /data/user_de/0/com.google.android.gms/app_chimera/m/0000000b/dl-VisionOcr.optional_261133100000.apk has no usable artifacts
03-24 21:18:21.497   761   777 W libbinder.Binder: Binder transaction to android.content.IContentProvider code 21 took 1370ms. Data bytes: 352 Reply bytes: 4856 Flags: 16
03-24 21:18:21.611  1872  1880 I artd    : GetBestInfo: /data/user_de/0/com.google.android.gms/app_chimera/m/0000000c/dl-Appsearch.optional_261133100800.apk has no usable artifacts
03-24 21:18:21.593   761  1066 W libbinder.Binder: Binder transaction to android.content.IContentProvider code 21 took 1405ms. Data bytes: 352 Reply bytes: 4856 Flags: 16
03-24 21:18:21.915   761  1286 W libbinder.Binder: Binder transaction to android.window.IWindowOrganizerController code 5 took 1717ms. Data bytes: 132 Reply bytes: 4 Flags: 16
03-24 21:18:21.920  1017  1079 V WindowManagerShell: Track 0 became idle
03-24 21:18:21.920  1017  1079 V WindowManagerShell: All active transition animations finished
03-24 21:18:22.213  1166  1659 W libbinder.Binder: Binder transaction to android.gui.IRegionSamplingListener code 1 took 1466ms. Data bytes: 92 Reply bytes: 0 Flags: 17
03-24 21:18:22.240   761  1746 W libbinder.Binder: Binder transaction to android.app.IActivityManager code 46 took 7160ms. Data bytes: 104 Reply bytes: 8 Flags: 16
03-24 21:18:22.578  1166  1166 D VRI[NexusLauncherActivity]: visibilityChanged oldVisibility=true newVisibility=false
03-24 21:18:22.728  5066  5066 W libbinder.BackendUnifiedServiceManager: Thread Pool max thread count is 0. Cannot cache binder as linkToDeath cannot be implemented. serviceName: package
03-24 21:18:22.827  1017  1334 D WallpaperService: onVisibilityChanged(false): com.android.systemui.wallpapers.ImageWallpaper$CanvasEngine@1c05077
03-24 21:18:22.893  1872  1881 I artd    : GetBestInfo: /data/user/0/com.google.android.gms/app_dg_cache/0B5F21648920603C6816E0B76773EED17E15FB77/the.apk has no usable artifacts
03-24 21:18:22.901  1872  1881 W libbinder.Binder: Binder transaction to com.android.server.art.IArtd code 3 took 1068ms. Data bytes: 992 Reply bytes: 76 Flags: 16
03-24 21:18:23.114  2427  2435 W .android.dialer: Suspending all threads took: 114.816ms
03-24 21:18:23.231   761  1719 W libbinder.Binder: Binder transaction to android.app.IActivityManager code 43 took 7209ms. Data bytes: 364 Reply bytes: 8 Flags: 18
03-24 21:18:23.367   761  1077 W libbinder.Binder: Binder transaction to android.app.IActivityManager code 23 took 7275ms. Data bytes: 104 Reply bytes: 4 Flags: 16
03-24 21:18:23.379  1258  3993 D PrefCtrlListHelper: Could not find Context-only controller for pref: com.android.settings.display.AutoBrightnessDetailPreferenceController
03-24 21:18:23.420  1017  1017 W SsPagerDots: Total number of pages invalid: 0. Assuming 1 page.
03-24 21:18:23.442  1258  3931 D PrefCtrlListHelper: Could not find Context-only controller for pref: com.android.settings.display.AutoBrightnessDetailPreferenceController
03-24 21:18:23.526   761   783 W Looper  : Slow dispatch took 1538ms android.ui app=system_server main=false group=TOP_APP h=com.android.server.wm.DisplayPolicy$PolicyHandler c=com.android.server.wm.DisplayPolicy$2$$ExternalSyntheticLambda3@aca3ae4 m=0
03-24 21:18:23.603  1017  1017 W SsPagerDots: Total number of pages invalid: 0. Assuming 1 page.
03-24 21:18:23.843  1017  1152 W Looper  : Slow dispatch took 7393ms SysUiBg app=com.android.systemui main=false group=FOREGROUND h=android.os.Handler c=com.google.android.systemui.smartspace.IcuDateTextView$$ExternalSyntheticLambda0@4807fb9 m=0
03-24 21:18:23.844  1258  3993 D PrefCtrlListHelper: Could not find Context-only controller for pref: com.android.settings.wifi.WepNetworksPreferenceController
03-24 21:18:23.866   761  1752 W libbinder.Binder: Binder transaction to android.content.pm.IPackageManager code 1598311760 took 23430ms. Data bytes: 80 Reply bytes: 4 Flags: 16
03-24 21:18:23.928  1258  3931 D PrefCtrlListHelper: Could not find Context-only controller for pref: com.android.settings.wifi.WepNetworksPreferenceController
03-24 21:18:23.932  1017  1017 W SsPagerDots: Total number of pages invalid: 0. Assuming 1 page.
03-24 21:18:23.932  1017  1017 W BcSmartspaceView: Current card is not present in the Adapter; cannot log.
03-24 21:18:24.182  1166  1166 D NexusLauncherModelDelegate: notifySmartspaceEvent: SmartspaceTargetEvent{mSmartspaceTarget=null, mSmartspaceActionId='null', mEventType=7}
03-24 21:18:24.750  1258  3931 D PrefCtrlListHelper: Could not find Context-only controller for pref: com.android.settings.wifi.CellularFallbackPreferenceController
03-24 21:18:24.840  1258  3993 D PrefCtrlListHelper: Could not find Context-only controller for pref: com.android.settings.wifi.CellularFallbackPreferenceController
03-24 21:18:24.847  1319  2295 W libbinder.Binder: Binder transaction to android.app.IApplicationThread code 3 took 1504ms. Data bytes: 7276 Reply bytes: 0 Flags: 17
03-24 21:18:24.882   761   904 I HalDevMgr: bestIfaceCreationProposal is null, requestIface=STA, existingIface=[name=wlan0 type=STA]
03-24 21:18:25.027  5065  5065 I al.volumestream: Using CollectorTypeCMC GC.
03-24 21:18:25.032  1258  3993 D PrefCtrlListHelper: Could not find Context-only controller for pref: com.android.settings.fuelgauge.BatteryHeaderPreferenceController
03-24 21:18:25.041  1258  3993 D PrefCtrlListHelper: Could not find Context-only controller for pref: com.android.settings.fuelgauge.BatteryHeaderTextPreferenceController
03-24 21:18:25.081  1258  3993 D PrefCtrlListHelper: Could not find Context-only controller for pref: com.android.settings.fuelgauge.batterytip.BatteryTipPreferenceController
03-24 21:18:25.254  5065  5065 W al.volumestream: Unexpected CPU variant for x86: x86_64.
03-24 21:18:25.254  5065  5065 W al.volumestream: Known variants: atom, sandybridge, silvermont, goldmont, goldmont-plus, goldmont-without-sha-xsaves, tremont, kabylake, alderlake, default
03-24 21:18:25.259   761  1746 W FastPrintWriter: Write failure
03-24 21:18:25.259   761  1746 W FastPrintWriter: java.io.IOException: write failed: EPIPE (Broken pipe)
03-24 21:18:25.259   761  1746 W FastPrintWriter: 	at libcore.io.IoBridge.write(IoBridge.java:651)
03-24 21:18:25.259   761  1746 W FastPrintWriter: 	at java.io.FileOutputStream.write(FileOutputStream.java:436)
03-24 21:18:25.259   761  1746 W FastPrintWriter: 	at com.android.internal.util.FastPrintWriter.flushBytesLocked(FastPrintWriter.java:355)
03-24 21:18:25.259   761  1746 W FastPrintWriter: 	at com.android.internal.util.FastPrintWriter.flushLocked(FastPrintWriter.java:378)
03-24 21:18:25.259   761  1746 W FastPrintWriter: 	at com.android.internal.util.FastPrintWriter.appendLocked(FastPrintWriter.java:323)
03-24 21:18:25.259   761  1746 W FastPrintWriter: 	at com.android.internal.util.FastPrintWriter.print(FastPrintWriter.java:500)
03-24 21:18:25.259   761  1746 W FastPrintWriter: 	at java.io.PrintWriter.println(PrintWriter.java:822)
03-24 21:18:25.259   761  1746 W FastPrintWriter: 	at android.util.PrintWriterPrinter.println(PrintWriterPrinter.java:39)
03-24 21:18:25.259   761  1746 W FastPrintWriter: 	at android.content.IntentFilter.dump(IntentFilter.java:2872)
03-24 21:18:25.259   761  1746 W FastPrintWriter: 	at com.android.server.IntentResolver.dumpMap(IntentResolver.java:251)
03-24 21:18:25.259   761  1746 W FastPrintWriter: 	at com.android.server.IntentResolver.dump(IntentResolver.java:301)
03-24 21:18:25.259   761  1746 W FastPrintWriter: 	at com.android.server.pm.resolution.ComponentResolverBase.dumpActivityResolvers(ComponentResolverBase.java:319)
03-24 21:18:25.259   761  1746 W FastPrintWriter: 	at com.android.server.pm.DumpHelper.doDump(DumpHelper.java:412)
03-24 21:18:25.259   761  1746 W FastPrintWriter: 	at com.android.server.pm.PackageManagerService$IPackageManagerImpl.dump(PackageManagerService.java:6759)
03-24 21:18:25.259   761  1746 W FastPrintWriter: 	at android.os.Binder.doDump(Binder.java:1104)
03-24 21:18:25.259   761  1746 W FastPrintWriter: 	at android.os.Binder.dump(Binder.java:1094)
03-24 21:18:25.259   761  1746 W FastPrintWriter: 	at android.os.Binder.onTransact(Binder.java:940)
03-24 21:18:25.259   761  1746 W FastPrintWriter: 	at android.content.pm.IPackageManager$Stub.onTransact(IPackageManager.java:4666)
03-24 21:18:25.259   761  1746 W FastPrintWriter: 	at com.android.server.pm.PackageManagerService$IPackageManagerImpl.onTransact(PackageManagerService.java:6705)
03-24 21:18:25.259   761  1746 W FastPrintWriter: 	at android.os.Binder.execTransactInternal(Binder.java:1478)
03-24 21:18:25.259   761  1746 W FastPrintWriter: 	at android.os.Binder.execTransact(Binder.java:1418)
03-24 21:18:25.259   761  1746 W FastPrintWriter: Caused by: android.system.ErrnoException: write failed: EPIPE (Broken pipe)
03-24 21:18:25.259   761  1746 W FastPrintWriter: 	at libcore.io.Linux.writeBytes(Native Method)
03-24 21:18:25.259   761  1746 W FastPrintWriter: 	at libcore.io.Linux.write(Linux.java:338)
03-24 21:18:25.259   761  1746 W FastPrintWriter: 	at libcore.io.ForwardingOs.write(ForwardingOs.java:954)
03-24 21:18:25.259   761  1746 W FastPrintWriter: 	at libcore.io.BlockGuardOs.write(BlockGuardOs.java:448)
03-24 21:18:25.259   761  1746 W FastPrintWriter: 	at libcore.io.IoBridge.write(IoBridge.java:646)
03-24 21:18:25.259   761  1746 W FastPrintWriter: 	... 20 more
03-24 21:18:25.361  1258  3993 D PrefCtrlListHelper: Could not find Context-only controller for pref: com.google.android.settings.fuelgauge.batterytip.CycleCountTipPreferenceController
03-24 21:18:25.418  1017  1152 W Looper  : Slow dispatch took 1408ms SysUiBg app=com.android.systemui main=false group=FOREGROUND h=android.os.Handler c=com.google.android.systemui.smartspace.WeatherSmartspaceView$$ExternalSyntheticLambda0@e77c35f m=0
03-24 21:18:25.509  1258  3993 D PrefCtrlListHelper: Could not find Context-only controller for pref: com.google.android.settings.fuelgauge.adaptivecharging.AdaptiveChargingPreferenceController
03-24 21:18:25.526  1258  3993 D PrefCtrlListHelper: Could not find Context-only controller for pref: com.google.android.settings.fuelgauge.reversecharging.ReverseChargingPreferenceController
03-24 21:18:25.575  1258  3993 D PrefCtrlListHelper: Could not find Context-only controller for pref: com.android.settings.display.BatteryPercentagePreferenceController
03-24 21:18:25.669  2427  5008 W Settings: Setting airplane_mode_on has moved from android.provider.Settings.System to android.provider.Settings.Global, returning read-only value.
03-24 21:18:25.686  1258  3993 D PrefCtrlListHelper: Could not find Context-only controller for pref: com.android.settings.applications.specialaccess.DataSaverController
03-24 21:18:25.759  1258  3993 D PrefCtrlListHelper: Could not find Context-only controller for pref: com.android.settings.applications.specialaccess.premiumsms.PremiumSmsScreenPreferenceController
03-24 21:18:25.789  1258  3993 D PrefCtrlListHelper: Could not find Context-only controller for pref: com.android.settings.dream.DreamMainSwitchPreferenceController
03-24 21:18:25.798  2427  5008 I DialerVoicemailStatusDataServiceImpl: com.android.dialer.voicemailstatus.dataservice.impl.VoicemailStatusDataServiceImpl.insertOrUpdateVoicemailStatus:261 merged status: # tbc@f832498a
03-24 21:18:25.837  1258  3993 D PrefCtrlListHelper: Could not find Context-only controller for pref: com.android.settings.dream.DreamComplicationPreferenceController
03-24 21:18:26.071   609   626 I adbd    : jdwp connection from 5065
03-24 21:18:26.090  1164  1299 D SatelliteController: iisInCarrierRoamingNbIotNtn: satellite is disabled
03-24 21:18:26.103   761   785 W ProcessStats: Tracking association SourceState{64a8492 com.google.android.apps.messaging/10154 ImpBg #4335} whose proc state 6 is better than process ProcessState{dc283bf com.google.android.gms/10155 pkg=com.google.android.gms} proc state 14 (1 skipped)
03-24 21:18:26.110   761   786 I Choreographer: Skipped 245 frames!  The application may be doing too much work on its main thread.
03-24 21:18:26.231  1872  1881 I artd    : GetBestInfo: odex next to the dex file (/data/app/~~WEw-qEWCHlUZbloVSQpK4Q==/com.google.android.gms-zScGdJoN6j6usFjBF8E2Dg==/oat/x86_64/base.odex) is kOatUpToDate with filter 'speed-profile' executable 'false'
03-24 21:18:26.598  1872  1881 I artd    : GetBestInfo: odex next to the dex file (/data/app/~~WEw-qEWCHlUZbloVSQpK4Q==/com.google.android.gms-zScGdJoN6j6usFjBF8E2Dg==/oat/x86_64/split_AdsDynamite_installtime.odex) is kOatUpToDate with filter 'speed' executable 'false'
03-24 21:18:26.799  1872  1881 I artd    : GetBestInfo: odex next to the dex file (/data/app/~~WEw-qEWCHlUZbloVSQpK4Q==/com.google.android.gms-zScGdJoN6j6usFjBF8E2Dg==/oat/x86_64/split_CronetDynamite_installtime.odex) is kOatUpToDate with filter 'speed' executable 'false'
03-24 21:18:26.825  2427  2516 I DialerInternalSemanticEventLoggerImpl: com.android.dialer.cui.impl.InternalSemanticEventLoggerImpl.handleError:298 CUI error: VVM_ACTIVATION_FAILED; uniqueCallId: null
03-24 21:18:26.853   761   783 W Looper  : Slow dispatch took 1054ms android.ui app=system_server main=false group=TOP_APP h=com.android.server.am.ActivityManagerService$UiHandler c=com.android.server.am.UidObserverController$$ExternalSyntheticLambda0@410c6c m=0
03-24 21:18:26.860   761   786 I Choreographer: Skipped 38 frames!  The application may be doing too much work on its main thread.
03-24 21:18:26.889  1872  1880 I artd    : GetBestInfo: odex next to the dex file (/data/app/~~WEw-qEWCHlUZbloVSQpK4Q==/com.google.android.gms-zScGdJoN6j6usFjBF8E2Dg==/oat/x86_64/split_DynamiteLoader_installtime.odex) is kOatUpToDate with filter 'speed' executable 'false'
03-24 21:18:26.927   761  1726 W libbinder.Binder: Binder transaction to android.app.IActivityManager code 43 took 7418ms. Data bytes: 392 Reply bytes: 8 Flags: 18
03-24 21:18:27.003  1872  1880 I artd    : GetBestInfo: odex next to the dex file (/data/app/~~WEw-qEWCHlUZbloVSQpK4Q==/com.google.android.gms-zScGdJoN6j6usFjBF8E2Dg==/oat/x86_64/split_DynamiteModulesA_installtime.odex) is kOatUpToDate with filter 'speed' executable 'false'
03-24 21:18:27.305  1872  1880 I artd    : GetBestInfo: odex next to the dex file (/data/app/~~WEw-qEWCHlUZbloVSQpK4Q==/com.google.android.gms-zScGdJoN6j6usFjBF8E2Dg==/oat/x86_64/split_DynamiteModulesC_installtime.odex) is kOatUpToDate with filter 'speed' executable 'false'
03-24 21:18:27.468  1872  1880 I artd    : GetBestInfo: odex next to the dex file (/data/app/~~WEw-qEWCHlUZbloVSQpK4Q==/com.google.android.gms-zScGdJoN6j6usFjBF8E2Dg==/oat/x86_64/split_GoogleCertificates_installtime.odex) is kOatUpToDate with filter 'speed' executable 'false'
03-24 21:18:27.605  1872  1880 I artd    : GetBestInfo: odex next to the dex file (/data/app/~~WEw-qEWCHlUZbloVSQpK4Q==/com.google.android.gms-zScGdJoN6j6usFjBF8E2Dg==/oat/x86_64/split_MapsDynamite_installtime.odex) is kOatUpToDate with filter 'speed' executable 'false'
03-24 21:18:27.665   761   782 W Looper  : Slow dispatch took 846ms android.fg app=system_server main=false group=FOREGROUND h=android.os.Handler c=com.android.server.location.injector.SystemAppForegroundHelper$$ExternalSyntheticLambda1@1775afb m=0
03-24 21:18:27.672   761   782 W Looper  : Slow delivery took 1525ms android.fg app=system_server main=false group=FOREGROUND h=android.os.Handler c=com.android.server.power.hint.HintManagerService$MyUidObserver$$ExternalSyntheticLambda0@6ac6718 m=0
03-24 21:18:27.709  1872  1880 I artd    : GetBestInfo: odex next to the dex file (/data/app/~~WEw-qEWCHlUZbloVSQpK4Q==/com.google.android.gms-zScGdJoN6j6usFjBF8E2Dg==/oat/x86_64/split_MeasurementDynamite_installtime.odex) is kOatUpToDate with filter 'speed' executable 'false'
03-24 21:18:27.756  2427  2516 I DialerAndroidAutoStatusLookupImpl: com.android.dialer.androidautostatuslookup.impl.AndroidAutoStatusLookupImpl.isAndroidAutoConnected:97 Android Auto connected in 0 mode [CONTEXT ratelimit_period="1 MINUTES" skipped=1 ]
03-24 21:18:27.761  1127  1368 W libbinder.Binder: Binder transaction to android.app.IUidObserver code 4 took 1605ms. Data bytes: 88 Reply bytes: 0 Flags: 17
03-24 21:18:27.772  2427  2516 I DialerLogcatLoggingBindings: com.android.dialer.logging.logcat.LogcatLoggingBindings.logImpression:54 Impression: VVM_CLIENT_ERROR_LOGGED
03-24 21:18:27.829  1872  1880 I artd    : GetBestInfo: odex next to the dex file (/data/app/~~WEw-qEWCHlUZbloVSQpK4Q==/com.google.android.gms-zScGdJoN6j6usFjBF8E2Dg==/oat/x86_64/split_all_locale_splits.odex) is kOatUpToDate with filter 'speed' executable 'false'
03-24 21:18:27.864   761   783 W Looper  : Drained
03-24 21:18:27.964  1872  1880 I artd    : GetBestInfo: /data/user_de/0/com.google.android.gms/app_chimera/m/0000000a/dl-TfliteDynamiteDynamite.integ_252130102100800.apk has no usable artifacts
03-24 21:18:28.008  1872  1880 I artd    : GetBestInfo: /data/user_de/0/com.google.android.gms/app_chimera/m/00000001/CronetDynamite.apk has no usable artifacts
03-24 21:18:28.010  1872  1880 I artd    : GetBestInfo: /data/user_de/0/com.google.android.gms/app_chimera/m/00000002/DynamiteLoader.apk has no usable artifacts
03-24 21:18:28.011  1872  1880 I artd    : GetBestInfo: /data/user_de/0/com.google.android.gms/app_chimera/m/00000005/GoogleCertificates.apk has no usable artifacts
03-24 21:18:28.126  1017  1017 W AlarmManager: Unrecognized alarm listener com.google.android.systemui.smartspace.KeyguardZenAlarmViewController$showNextAlarm$1@b44b1a3
03-24 21:18:28.129  1017  1017 W AlarmManager: Unrecognized alarm listener com.google.android.systemui.smartspace.KeyguardZenAlarmViewController$showNextAlarm$1@b44b1a3
03-24 21:18:28.136  1164  1299 D SatelliteController: getCarrierRoamingNtnConnectType: Falling back to global carrier config connect type: 0
03-24 21:18:28.210  1017  1017 W SsPagerDots: Total number of pages invalid: 0. Assuming 1 page.
03-24 21:18:28.212  1017  1017 W BcSmartspaceView: Current card is not present in the Adapter; cannot log.
03-24 21:18:28.216   761   783 W Looper  : Slow dispatch took 328ms android.ui app=system_server main=false group=TOP_APP h=com.android.server.am.ActivityManagerService$UiHandler c=com.android.server.am.UidObserverController$$ExternalSyntheticLambda0@410c6c m=0
03-24 21:18:28.241  1872  1880 I artd    : GetBestInfo: /data/user_de/0/com.google.android.gms/app_chimera/m/0000000f/dl-MlkitOcrCommon.optional_261133100800.apk has no usable artifacts
03-24 21:18:28.307  1872  1880 I artd    : GetBestInfo: /data/user_de/0/com.google.android.gms/app_chimera/m/0000000d/dl-MlkitBarcodeUi.optional_261133100800.apk has no usable artifacts
03-24 21:18:28.350   761   782 W Looper  : Slow dispatch took 336ms android.fg app=system_server main=false group=FOREGROUND h=android.os.Handler c=com.android.server.location.injector.SystemAppForegroundHelper$$ExternalSyntheticLambda1@3616571 m=0
03-24 21:18:28.377  2427  2493 E DialerVvmExecutorImpl: com.android.dialer.voicemail.service.impl.scheduler.VvmExecutorImpl.executeWorkOnCarrierService:420 Exception during vvm work for ComponentInfo{com.android.phone/com.android.services.telephony.TelephonyConnectionService}, 1, UserHandle{0} [CONTEXT enable_persistent_logger=true ]
03-24 21:18:28.377  2427  2493 E DialerVvmExecutorImpl: sfb: VVM failure reason: 2
03-24 21:18:28.377  2427  2493 E DialerVvmExecutorImpl: 	at smq.onAuthenticationFailure(PG:93)
03-24 21:18:28.377  2427  2493 E DialerVvmExecutorImpl: 	at android.telephony.TelephonyManager$19.lambda$onAuthenticationFailure$1(TelephonyManager.java:18078)
03-24 21:18:28.377  2427  2493 E DialerVvmExecutorImpl: 	at android.telephony.TelephonyManager$19$$ExternalSyntheticLambda1.run(D8$$SyntheticClass:0)
03-24 21:18:28.377  2427  2493 E DialerVvmExecutorImpl: 	at xlk.run(PG:7)
03-24 21:18:28.377  2427  2493 E DialerVvmExecutorImpl: 	at adoy.run(PG:44)
03-24 21:18:28.377  2427  2493 E DialerVvmExecutorImpl: 	at wvj.run(PG:254)
03-24 21:18:28.377  2427  2493 E DialerVvmExecutorImpl: 	at tif.run(PG:267)
03-24 21:18:28.377  2427  2493 E DialerVvmExecutorImpl: 	at java.lang.Thread.run(Thread.java:1563)
03-24 21:18:28.377  2427  2493 E DialerVvmExecutorImpl: 	at xmm.run(PG:61)
03-24 21:18:28.390  1872  1880 I artd    : GetBestInfo: vdex next to the dex file (/data/user/0/com.google.android.gms/app_dg_cache/E054CA794C125F959C88D4849C82AB3F226237E6/oat/x86_64/the.vdex) is kOatUpToDate with filter 'verify' executable 'false'
03-24 21:18:28.460  1872  1880 I artd    : GetBestInfo: /data/user_de/0/com.google.android.gms/app_chimera/m/00000007/MeasurementDynamite.apk has no usable artifacts
03-24 21:18:28.509  1872  1880 I artd    : GetBestInfo: /data/user_de/0/com.google.android.gms/app_chimera/m/0000000b/dl-VisionOcr.optional_261133100000.apk has no usable artifacts
03-24 21:18:28.511  2427  2516 W DialerVvmExecutorImpl: com.android.dialer.voicemail.service.impl.scheduler.VvmExecutorImpl.execute:315 Recoverable VVM error: [GeneralFailureReason: UNSPECIFIED, RestFailureReason: GBA_AUTHENTICATION_FAILURE_FEATURE_NOT_SUPPORTED, OmtpFailureReason: OMTP_UNSPECIFIED] for ComponentInfo{com.android.phone/com.android.services.telephony.TelephonyConnectionService}, 1, UserHandle{0}
03-24 21:18:28.511  2427  2516 W DialerVvmExecutorImpl: sfb: VVM failure reason: 2
03-24 21:18:28.511  2427  2516 W DialerVvmExecutorImpl: 	at smq.onAuthenticationFailure(PG:93)
03-24 21:18:28.511  2427  2516 W DialerVvmExecutorImpl: 	at android.telephony.TelephonyManager$19.lambda$onAuthenticationFailure$1(TelephonyManager.java:18078)
03-24 21:18:28.511  2427  2516 W DialerVvmExecutorImpl: 	at android.telephony.TelephonyManager$19$$ExternalSyntheticLambda1.run(D8$$SyntheticClass:0)
03-24 21:18:28.511  2427  2516 W DialerVvmExecutorImpl: 	at xlk.run(PG:7)
03-24 21:18:28.511  2427  2516 W DialerVvmExecutorImpl: 	at adoy.run(PG:44)
03-24 21:18:28.511  2427  2516 W DialerVvmExecutorImpl: 	at wvj.run(PG:254)
03-24 21:18:28.511  2427  2516 W DialerVvmExecutorImpl: 	at tif.run(PG:267)
03-24 21:18:28.511  2427  2516 W DialerVvmExecutorImpl: 	at java.lang.Thread.run(Thread.java:1563)
03-24 21:18:28.511  2427  2516 W DialerVvmExecutorImpl: 	at xmm.run(PG:61)
03-24 21:18:28.512  2427  2516 I DialerVoicemailStatusDataServiceImpl: com.android.dialer.voicemailstatus.dataservice.impl.VoicemailStatusDataServiceImpl.insertOrUpdateVoicemailStatus:247 enter
03-24 21:18:28.533   761   904 I HalDevMgr: bestIfaceCreationProposal is null, requestIface=STA, existingIface=[name=wlan0 type=STA]
03-24 21:18:28.578  1872  1880 I artd    : GetBestInfo: /data/user_de/0/com.google.android.gms/app_chimera/m/0000000c/dl-Appsearch.optional_261133100800.apk has no usable artifacts
03-24 21:18:28.634  1258  3993 D PrefCtrlListHelper: Could not find Context-only controller for pref: com.android.settings.location.RecentLocationAccessPreferenceController
03-24 21:18:28.657  1872  1880 I artd    : GetBestInfo: /data/user/0/com.google.android.gms/app_dg_cache/0B5F21648920603C6816E0B76773EED17E15FB77/the.apk has no usable artifacts
03-24 21:18:28.704  1258  3993 D PrefCtrlListHelper: Could not find Context-only controller for pref: com.android.settings.location.RecentLocationAccessSeeAllButtonPreferenceController
03-24 21:18:28.705  1258  3993 D PrefCtrlListHelper: Could not find Context-only controller for pref: com.android.settings.location.RecentLocationAccessSeeAllExpressiveButtonPreferenceController
03-24 21:18:28.705  1258  3993 D PrefCtrlListHelper: Could not find Context-only controller for pref: com.android.settings.location.LocationForWorkPreferenceController
03-24 21:18:28.836  5065  5065 D nativeloader: Load libframework-connectivity-tiramisu-jni.so using APEX ns com_android_tethering for caller /apex/com.android.tethering/javalib/framework-connectivity-t.jar: ok
03-24 21:18:28.837   761  1285 W libbinder.Binder: Binder transaction to com.android.internal.telephony.ITelephonyRegistry code 8 took 3476ms. Data bytes: 804 Reply bytes: 4 Flags: 18
03-24 21:18:28.905  2427  5008 I DialerVoicemailStatusDataServiceImpl: com.android.dialer.voicemailstatus.dataservice.impl.VoicemailStatusDataServiceImpl.logAndMergeErrors:380 Existing error is lower priority and thus overridden, Existing error: REST_FAILURE_REASON.GBA_AUTHENTICATION_FAILURE_FEATURE_NOT_SUPPORTED, New error: REST_FAILURE_REASON.GBA_AUTHENTICATION_FAILURE_FEATURE_NOT_SUPPORTED
03-24 21:18:29.042  1258  3993 D PrefCtrlListHelper: Could not find Context-only controller for pref: com.android.settings.location.LocationForPrivateProfilePreferenceController
03-24 21:18:29.049   761   778 W libbinder.Binder: Binder transaction to android.app.IActivityManager code 23 took 3345ms. Data bytes: 104 Reply bytes: 4 Flags: 16
03-24 21:18:29.330  1258  3993 D PrefCtrlListHelper: Could not find Context-only controller for pref: com.android.settings.location.AppLocationPermissionPreferenceController
03-24 21:18:29.345  1258  3993 D PrefCtrlListHelper: Could not find Context-only controller for pref: com.android.settings.location.LocationServicesPreferenceController
03-24 21:18:29.347  1258  3993 D PrefCtrlListHelper: Could not find Context-only controller for pref: com.android.settings.location.LocationSettingsFooterPreferenceController
03-24 21:18:29.439  1258  3993 D PrefCtrlListHelper: Could not find Context-only controller for pref: com.android.settings.deviceinfo.storage.StorageSelectionPreferenceController
03-24 21:18:29.741  1258  3993 D PrefCtrlListHelper: Could not find Context-only controller for pref: com.android.settings.deviceinfo.storage.StorageUsageProgressBarPreferenceController
03-24 21:18:29.747  1258  3993 D PrefCtrlListHelper: Could not find Context-only controller for pref: com.android.settings.deviceinfo.storage.AutomaticStorageManagementSwitchPreferenceController
03-24 21:18:29.750  1258  3993 D PrefCtrlListHelper: Could not find Context-only controller for pref: com.android.settings.deviceinfo.storage.ManageStoragePreferenceController
03-24 21:18:29.784  1258  3993 D PrefCtrlListHelper: Could not find Context-only controller for pref: com.android.settings.accessibility.VibrationMainSwitchPreferenceController
03-24 21:18:29.787  1258  3993 D PrefCtrlListHelper: Could not find Context-only controller for pref: com.android.settings.accessibility.RingVibrationIntensityPreferenceController
03-24 21:18:29.788  1017  1152 W Looper  : Slow dispatch took 3698ms SysUiBg app=com.android.systemui main=false group=FOREGROUND h=android.os.Handler c=com.google.android.systemui.smartspace.IcuDateTextView$$ExternalSyntheticLambda0@812e72d m=0
03-24 21:18:29.791   532   532 I Zygote  : Process 3883 exited due to signal 9 (Killed)
03-24 21:18:29.802  1258  3993 D PrefCtrlListHelper: Could not find Context-only controller for pref: com.android.settings.accessibility.VibrationRampingRingerTogglePreferenceController
03-24 21:18:29.812  1258  3993 D PrefCtrlListHelper: Could not find Context-only controller for pref: com.android.settings.accessibility.NotificationVibrationIntensityPreferenceController
03-24 21:18:29.823  1258  3993 D PrefCtrlListHelper: Could not find Context-only controller for pref: com.android.settings.accessibility.AlarmVibrationIntensityPreferenceController
03-24 21:18:29.849  1258  3993 D PrefCtrlListHelper: Could not find Context-only controller for pref: com.google.android.settings.accessibility.AdaptiveHapticsTogglePreferenceController
03-24 21:18:29.852  1258  3993 D PrefCtrlListHelper: Could not find Context-only controller for pref: com.google.android.settings.accessibility.AdaptiveVibrationPreferenceController
03-24 21:18:29.861  1258  3993 D PrefCtrlListHelper: Could not find Context-only controller for pref: com.android.settings.accessibility.HapticFeedbackIntensityPreferenceController
03-24 21:18:29.869  2427  2435 W .android.dialer: Suspending all threads took: 10.785ms
03-24 21:18:29.870  1258  3993 D PrefCtrlListHelper: Could not find Context-only controller for pref: com.android.settings.accessibility.MediaVibrationIntensityPreferenceController
03-24 21:18:29.872  1258  3993 D PrefCtrlListHelper: Could not find Context-only controller for pref: com.android.settings.accessibility.KeyboardVibrationTogglePreferenceController
03-24 21:18:29.942   761  1673 W libbinder.Binder: Binder transaction to android.content.pm.IPackageManager code 1598311760 took 17737ms. Data bytes: 80 Reply bytes: 4 Flags: 16
03-24 21:18:30.007  1017  1017 W SsPagerDots: Total number of pages invalid: 0. Assuming 1 page.
03-24 21:18:30.007  1017  1017 W BcSmartspaceView: Current card is not present in the Adapter; cannot log.
03-24 21:18:30.044   761  1727 E TaskPersister: File error accessing recents directory (directory doesn't exist?).
03-24 21:18:30.150   761   785 W ActivityTaskManager: Launch timeout has expired, giving up wake lock!
03-24 21:18:30.152   761  1285 W libbinder.Binder: Binder transaction to android.app.IActivityManager code 7 took 1246ms. Data bytes: 108 Reply bytes: 8 Flags: 16
03-24 21:18:30.160   761   761 W Looper  : Drained
03-24 21:18:30.168   761  1734 W libbinder.Binder: Binder transaction to android.app.IActivityManager code 69 took 2201ms. Data bytes: 116 Reply bytes: 0 Flags: 17
03-24 21:18:30.208   761   785 D WindowManager: Direct invocation of sendNewConfiguration: Display{#0 state=ON size=1280x2856 ROTATION_0}
03-24 21:18:30.209   597   843 W libbinder.Binder: Binder transaction to android.app.IUidObserver code 1 took 2093ms. Data bytes: 76 Reply bytes: 0 Flags: 17
03-24 21:18:30.235   761   777 W libbinder.Binder: Binder transaction to android.app.IActivityManager code 47 took 1226ms. Data bytes: 160 Reply bytes: 4 Flags: 16
03-24 21:18:30.301   761   785 W libbinder.IPCThreadState: Sending oneway calls to frozen process.
03-24 21:18:30.325  5081  5081 W libbinder.BackendUnifiedServiceManager: Thread Pool max thread count is 0. Cannot cache binder as linkToDeath cannot be implemented. serviceName: package
03-24 21:18:30.330  1017  1017 W AlarmManager: Unrecognized alarm listener com.google.android.systemui.smartspace.KeyguardZenAlarmViewController$showNextAlarm$1@b44b1a3
03-24 21:18:30.341  1017  1017 W SsPagerDots: Total number of pages invalid: 0. Assuming 1 page.
03-24 21:18:30.355  1017  1017 W BcSmartspaceView: Current card is not present in the Adapter; cannot log.
03-24 21:18:30.366  1440  1440 I PkDeviceHelper: PkDeviceHelper.refreshDevices():93 refreshing devices
03-24 21:18:30.396  1440  1440 I PkDeviceHelper: PkDeviceHelper.addDevice():133 device qwerty2 added
03-24 21:18:30.397  1017  1017 W SsPagerDots: Total number of pages invalid: 0. Assuming 1 page.
03-24 21:18:30.398  1440  1440 I PkDeviceHelper: PkDeviceHelper.addDevice():133 device AT Translated Set 2 keyboard added
03-24 21:18:30.417  1017  1017 W BcSmartspaceView: Current card is not present in the Adapter; cannot log.
03-24 21:18:30.449  1440  1440 W NotificationCenter: NotificationCenter$NotificationQueue.notifyPendingNotificationsOnExecutor():877 Heavy notify work detected on UI thread: [lom->jpv, lom->ngr] takes 98ms
03-24 21:18:30.426  1017  1079 V ShellDesktopMode: DesktopDisplayModeController: canDesktopFirstModeBeEnabledOnDefaultDisplay: isDefaultDisplayDesktopEligible=false
03-24 21:18:30.470  1164  2643 W libbinder.Binder: Binder transaction to com.android.internal.telephony.ICarrierConfigLoader code 7 took 5024ms. Data bytes: 280 Reply bytes: 284 Flags: 16
03-24 21:18:30.504   761   793 W ProcessCpuTracker: Failed to stat(/proc/5033): android.system.ErrnoException: stat failed: ENOENT (No such file or directory)
03-24 21:18:30.504   761   793 W ProcessCpuTracker: Skipping unknown process pid 5033
03-24 21:18:30.506   761   793 W ProcessCpuTracker: Failed to stat(/proc/5061): android.system.ErrnoException: stat failed: ENOENT (No such file or directory)
03-24 21:18:30.515   761   793 W ProcessCpuTracker: Skipping unknown process pid 5061
03-24 21:18:30.537  1258  3993 D PrefCtrlListHelper: Could not find Context-only controller for pref: com.android.settings.users.MultiUserTopIntroPreferenceController
03-24 21:18:30.593  1258  3993 D PrefCtrlListHelper: Could not find Context-only controller for pref: com.android.settings.users.TimeoutToDockUserPreferenceController
03-24 21:18:30.632  1258  3993 D PrefCtrlListHelper: Could not find Context-only controller for pref: com.android.settings.accessibility.SelectLongPressTimeoutPreferenceController
03-24 21:18:30.640  1258  3931 D PrefCtrlListHelper: Could not find Context-only controller for pref: com.android.settings.fuelgauge.BatteryHeaderPreferenceController
03-24 21:18:30.641  1258  3931 D PrefCtrlListHelper: Could not find Context-only controller for pref: com.android.settings.fuelgauge.BatteryHeaderTextPreferenceController
03-24 21:18:30.653  1258  3931 D PrefCtrlListHelper: Could not find Context-only controller for pref: com.android.settings.fuelgauge.batterytip.BatteryTipPreferenceController
03-24 21:18:30.653  1258  3931 D PrefCtrlListHelper: Could not find Context-only controller for pref: com.google.android.settings.fuelgauge.batterytip.CycleCountTipPreferenceController
03-24 21:18:30.675  1258  3931 D PrefCtrlListHelper: Could not find Context-only controller for pref: com.google.android.settings.fuelgauge.adaptivecharging.AdaptiveChargingPreferenceController
03-24 21:18:30.675  1258  3931 D PrefCtrlListHelper: Could not find Context-only controller for pref: com.google.android.settings.fuelgauge.reversecharging.ReverseChargingPreferenceController
03-24 21:18:30.677  1258  3931 D PrefCtrlListHelper: Could not find Context-only controller for pref: com.android.settings.display.BatteryPercentagePreferenceController
03-24 21:18:30.690  1258  3993 D PrefCtrlListHelper: Could not find Context-only controller for pref: com.android.settings.accessibility.AccessibilityTimeoutPreferenceController
03-24 21:18:30.720  1258  3993 D PrefCtrlListHelper: Could not find Context-only controller for pref: com.android.settings.gestures.DoubleTapPowerIllustrationPreferenceController
03-24 21:18:30.720  1258  3993 D PrefCtrlListHelper: Could not find Context-only controller for pref: com.android.settings.gestures.DoubleTapPowerMainSwitchPreferenceController
03-24 21:18:30.720  1258  3993 D PrefCtrlListHelper: Could not find Context-only controller for pref: com.android.settings.gestures.DoubleTapPowerForCameraPreferenceController
03-24 21:18:30.721  1258  3993 D PrefCtrlListHelper: Could not find Context-only controller for pref: com.android.settings.gestures.DoubleTapPowerForWalletPreferenceController
03-24 21:18:30.736  1258  3993 D PrefCtrlListHelper: Could not find Context-only controller for pref: com.android.settings.gestures.DoubleTapPowerLockscreenTipPreferenceController
03-24 21:18:30.736  1258  3993 D PrefCtrlListHelper: Could not find Context-only controller for pref: com.android.settings.gestures.DoubleTapPowerWalletFooterPreferenceController
03-24 21:18:30.738  1258  3931 D Utils   : device: emu64xa, isBarrelForciblyDisabled: false
03-24 21:18:30.759   761   785 W PermissionService: getPermissionFlags: Unknown user -1
03-24 21:18:30.759   761   785 W PermissionService: getPermissionFlags: Unknown user -1
03-24 21:18:30.765  1258  3993 D PrefCtrlListHelper: Could not find Context-only controller for pref: com.android.settings.accessibility.TextReadingFragmentForA11ySettingsController
03-24 21:18:30.771  1258  3993 D PrefCtrlListHelper: Could not find Context-only controller for pref: com.android.settings.accessibility.ReduceBrightColorsPreferenceController
03-24 21:18:30.772  1258  3931 D PrefCtrlListHelper: Could not find Context-only controller for pref: com.android.settings.applications.specialaccess.DataSaverController
03-24 21:18:30.773  1258  3993 D PrefCtrlListHelper: Could not find Context-only controller for pref: com.android.settings.accessibility.MagnificationPreferenceController
03-24 21:18:30.781  1258  3931 D PrefCtrlListHelper: Could not find Context-only controller for pref: com.android.settings.accessibility.CaptioningLocalePreferenceController
03-24 21:18:30.781  1258  3931 D PrefCtrlListHelper: Could not find Context-only controller for pref: com.android.settings.accessibility.CaptioningFooterPreferenceController
03-24 21:18:30.782  1258  3931 V SettingsSearchProvider: com.android.settings.accessibility.CaptioningMoreOptionsFragment$1@77cf107 tried to add an empty non-indexable key
03-24 21:18:30.786  1258  3993 D PrefCtrlListHelper: Could not find Context-only controller for pref: com.google.android.settings.accessibility.MagnifierPreferenceController
03-24 21:18:30.798  1258  3993 D PrefCtrlListHelper: Could not find Context-only controller for pref: com.google.android.settings.display.HighEmissionFrequencyController
03-24 21:18:30.817  1258  3931 D PrefCtrlListHelper: Could not find Context-only controller for pref: com.android.settings.development.snooplogger.SnoopLoggerFiltersPreferenceController
03-24 21:18:30.820  1258  3993 D PrefCtrlListHelper: Could not find Context-only controller for pref: com.google.android.settings.simplemode.SimpleModeCategoryController
03-24 21:18:30.837  1258  3931 V SettingsSearchProvider: com.android.settings.development.snooplogger.SnoopLoggerFiltersDashboard$1@387285d tried to add an empty non-indexable key
03-24 21:18:30.838  1258  3931 D PrefCtrlListHelper: Could not find Context-only controller for pref: com.android.settings.applications.specialaccess.premiumsms.PremiumSmsScreenPreferenceController
03-24 21:18:30.840  1258  3993 D PrefCtrlListHelper: Could not find Context-only controller for pref: com.google.android.settings.simplemode.SimpleModePreferenceController
03-24 21:18:30.840  1258  3993 D PrefCtrlListHelper: Could not find Context-only controller for pref: com.android.settings.accessibility.SystemControlsPreferenceController
03-24 21:18:30.841  1258  3931 D PrefCtrlListHelper: Could not find Context-only controller for pref: com.android.settings.dream.DreamMainSwitchPreferenceController
03-24 21:18:30.841  1258  3993 D PrefCtrlListHelper: Could not find Context-only controller for pref: com.android.settings.accessibility.VibrationPreferenceController
03-24 21:18:30.842  1258  3931 D PrefCtrlListHelper: Could not find Context-only controller for pref: com.android.settings.dream.DreamComplicationPreferenceController
03-24 21:18:30.847  1258  3931 D PrefCtrlListHelper: Could not find Context-only controller for pref: com.android.settings.location.RecentLocationAccessPreferenceController
03-24 21:18:30.850  1258  3931 D PrefCtrlListHelper: Could not find Context-only controller for pref: com.android.settings.location.RecentLocationAccessSeeAllButtonPreferenceController
03-24 21:18:30.851  1258  3931 D PrefCtrlListHelper: Could not find Context-only controller for pref: com.android.settings.location.RecentLocationAccessSeeAllExpressiveButtonPreferenceController
03-24 21:18:30.852  1258  3931 D PrefCtrlListHelper: Could not find Context-only controller for pref: com.android.settings.location.LocationForWorkPreferenceController
03-24 21:18:30.852  1258  3931 D PrefCtrlListHelper: Could not find Context-only controller for pref: com.android.settings.location.LocationForPrivateProfilePreferenceController
03-24 21:18:30.853  1258  3931 D PrefCtrlListHelper: Could not find Context-only controller for pref: com.android.settings.location.AppLocationPermissionPreferenceController
03-24 21:18:30.853  1258  3931 D PrefCtrlListHelper: Could not find Context-only controller for pref: com.android.settings.location.LocationServicesPreferenceController
03-24 21:18:30.853  1258  3931 D PrefCtrlListHelper: Could not find Context-only controller for pref: com.android.settings.location.LocationSettingsFooterPreferenceController
03-24 21:18:30.854  1258  3993 D PrefCtrlListHelper: Could not find Context-only controller for pref: com.android.settings.inputmethod.PointerTouchpadPreferenceController
03-24 21:18:30.855  1258  3993 D PrefCtrlListHelper: Could not find Context-only controller for pref: com.android.settings.inputmethod.PhysicalKeyboardA11yPreferenceController
03-24 21:18:30.860  1258  3931 D PrefCtrlListHelper: Could not find Context-only controller for pref: com.android.settings.inputmethod.TouchpadTapToClickPreferenceController
03-24 21:18:30.861  1258  3931 D PrefCtrlListHelper: Could not find Context-only controller for pref: com.android.settings.inputmethod.TouchpadReverseScrollingPreferenceController
03-24 21:18:30.863  1258  3931 D PrefCtrlListHelper: Could not find Context-only controller for pref: com.android.settings.inputmethod.TouchpadRightClickZonePreferenceController
03-24 21:18:30.865  1258  3931 D PrefCtrlListHelper: Could not find Context-only controller for pref: com.android.settings.inputmethod.TouchpadTapDraggingPreferenceController
03-24 21:18:30.865  1258  3993 D PrefCtrlListHelper: Could not find Context-only controller for pref: com.android.settings.accessibility.LiveCaptionPreferenceController
03-24 21:18:30.879  1258  3931 D PrefCtrlListHelper: Could not find Context-only controller for pref: com.android.settings.inputmethod.TouchpadThreeFingerTapPreferenceController
03-24 21:18:30.880  1258  3931 D PrefCtrlListHelper: Could not find Context-only controller for pref: com.android.settings.inputmethod.TouchpadPointerSpeedPreferenceController
03-24 21:18:30.880  1258  3931 D PrefCtrlListHelper: Could not find Context-only controller for pref: com.android.settings.inputmethod.MouseReverseVerticalScrollingPreferenceController
03-24 21:18:30.881  1258  3931 D PrefCtrlListHelper: Could not find Context-only controller for pref: com.android.settings.inputmethod.MouseSwapPrimaryButtonPreferenceController
03-24 21:18:30.881  1258  3931 D PrefCtrlListHelper: Could not find Context-only controller for pref: com.android.settings.inputmethod.MouseScrollingAccelerationPreferenceController
03-24 21:18:30.882  1258  3931 D PrefCtrlListHelper: Could not find Context-only controller for pref: com.android.settings.inputmethod.MouseScrollingSpeedPreferenceController
03-24 21:18:30.883  1258  3931 D PrefCtrlListHelper: Could not find Context-only controller for pref: com.android.settings.inputmethod.TouchpadGesturesTutorialButtonPreferenceController
03-24 21:18:30.886  1258  3931 D PrefCtrlListHelper: Could not find Context-only controller for pref: com.android.settings.inputmethod.TouchpadGesturesDisabledFooterPreferenceController
03-24 21:18:30.890  1258  3931 V SettingsSearchProvider: com.android.settings.inputmethod.TouchpadAndMouseSettings$1@6672d2a tried to add an empty non-indexable key
03-24 21:18:30.907  1258  3931 D PrefCtrlListHelper: Could not find Context-only controller for pref: com.android.settings.deviceinfo.storage.StorageSelectionPreferenceController
03-24 21:18:30.907  1258  3931 D PrefCtrlListHelper: Could not find Context-only controller for pref: com.android.settings.deviceinfo.storage.StorageUsageProgressBarPreferenceController
03-24 21:18:30.908  1258  3931 D PrefCtrlListHelper: Could not find Context-only controller for pref: com.android.settings.deviceinfo.storage.AutomaticStorageManagementSwitchPreferenceController
03-24 21:18:30.908  1258  3993 D PrefCtrlListHelper: Could not find Context-only controller for pref: com.android.settings.accessibility.CaptioningPreferenceController
03-24 21:18:30.908  1258  3931 D PrefCtrlListHelper: Could not find Context-only controller for pref: com.android.settings.deviceinfo.storage.ManageStoragePreferenceController
03-24 21:18:30.908  1258  3993 D PrefCtrlListHelper: Could not find Context-only controller for pref: com.android.settings.accessibility.RTTSettingPreferenceController
03-24 21:18:30.919  1258  3993 D RTTSettingsCtr: init controller
03-24 21:18:30.920  1258  3993 D PrefCtrlListHelper: Could not find Context-only controller for pref: com.android.settings.accessibility.AudioDescriptionPreferenceController
03-24 21:18:30.929  1258  3993 D PrefCtrlListHelper: Could not find Context-only controller for pref: com.android.settings.accessibility.FlashNotificationsPreferenceController
03-24 21:18:30.929  1258  3993 D PrefCtrlListHelper: Could not find Context-only controller for pref: com.android.settings.accessibility.AccessibilityHearingAidPreferenceController
03-24 21:18:30.935  1319  4494 W GCM     : Invalid id-token:
03-24 21:18:30.936  1258  3931 D PrefCtrlListHelper: Could not find Context-only controller for pref: com.google.android.settings.fuelgauge.adaptivecharging.AdaptiveChargingMainSwitchPreferenceController
03-24 21:18:30.936  1258  3931 D PrefCtrlListHelper: Could not find Context-only controller for pref: com.google.android.settings.fuelgauge.adaptivecharging.AdaptiveChargingFooterPreferenceController
03-24 21:18:30.940  1258  3993 D PrefCtrlListHelper: Could not find Context-only controller for pref: com.android.settings.language.TtsPreferenceController
03-24 21:18:30.941  1258  3993 D PrefCtrlListHelper: Could not find Context-only controller for pref: com.android.settings.accessibility.DisabilitySupportButtonPreferenceController
03-24 21:18:30.985   761   761 W Looper  : Slow dispatch took 189ms main app=system_server main=true group=FOREGROUND h=com.android.server.notification.NotificationManagerService$WorkerHandler c=com.android.server.notification.NotificationManagerService$EnqueueNotificationRunnable@7bc943a m=0
03-24 21:18:31.087  1258  3931 D PrefCtrlListHelper: Could not find Context-only controller for pref: com.android.settings.accessibility.VibrationMainSwitchPreferenceController
03-24 21:18:31.088  1258  3931 D PrefCtrlListHelper: Could not find Context-only controller for pref: com.android.settings.accessibility.RingVibrationIntensityPreferenceController
03-24 21:18:31.089  1258  3931 D PrefCtrlListHelper: Could not find Context-only controller for pref: com.android.settings.accessibility.VibrationRampingRingerTogglePreferenceController
03-24 21:18:31.090  1258  3931 D PrefCtrlListHelper: Could not find Context-only controller for pref: com.android.settings.accessibility.NotificationVibrationIntensityPreferenceController
03-24 21:18:31.090  1258  3931 D PrefCtrlListHelper: Could not find Context-only controller for pref: com.android.settings.accessibility.AlarmVibrationIntensityPreferenceController
03-24 21:18:31.101  1258  3931 D PrefCtrlListHelper: Could not find Context-only controller for pref: com.google.android.settings.accessibility.AdaptiveHapticsTogglePreferenceController
03-24 21:18:31.103  1258  3931 D PrefCtrlListHelper: Could not find Context-only controller for pref: com.google.android.settings.accessibility.AdaptiveVibrationPreferenceController
03-24 21:18:31.104  1258  3931 D PrefCtrlListHelper: Could not find Context-only controller for pref: com.android.settings.accessibility.HapticFeedbackIntensityPreferenceController
03-24 21:18:31.104  1258  3931 D PrefCtrlListHelper: Could not find Context-only controller for pref: com.android.settings.accessibility.MediaVibrationIntensityPreferenceController
03-24 21:18:31.105  1258  3931 D PrefCtrlListHelper: Could not find Context-only controller for pref: com.android.settings.accessibility.KeyboardVibrationTogglePreferenceController
03-24 21:18:31.357  1258  3931 D PrefCtrlListHelper: Could not find Context-only controller for pref: com.android.settings.backup.BackupDataPreferenceController
03-24 21:18:31.367  1258  3931 D PrefCtrlListHelper: Could not find Context-only controller for pref: com.android.settings.backup.ConfigureAccountPreferenceController
03-24 21:18:31.368  1258  3931 D PrefCtrlListHelper: Could not find Context-only controller for pref: com.android.settings.backup.DataManagementPreferenceController
03-24 21:18:31.368  1258  3931 D PrefCtrlListHelper: Could not find Context-only controller for pref: com.android.settings.backup.AutoRestorePreferenceController
03-24 21:18:31.368  1258  3931 D PrefCtrlListHelper: Could not find Context-only controller for pref: com.android.settings.backup.BackupInactivePreferenceController
03-24 21:18:31.369  1258  3931 V SettingsSearchProvider: com.android.settings.backup.PrivacySettings$1@2ce47fc tried to add an empty non-indexable key
03-24 21:18:31.404  1258  3931 D PrefCtrlListHelper: Could not find Context-only controller for pref: com.android.settings.development.linuxterminal.EnableLinuxTerminalPreferenceController
03-24 21:18:31.406  1258  3931 W PrefCtrlListHelper: Cannot instantiate controller from reflection: com.android.settings.development.linuxterminal.EnableLinuxTerminalPreferenceController
03-24 21:18:31.407  1258  3931 V SettingsSearchProvider: com.android.settings.development.linuxterminal.LinuxTerminalDashboardFragment$1@5c61d0b tried to add an empty non-indexable key
03-24 21:18:31.589   761  1726 W ActivityManager: Slow operation: 692ms so far, now at attachApplicationLocked: before bindApplication
03-24 21:18:31.628   761  1726 W ActivityManager: Slow operation: 740ms so far, now at attachApplicationLocked: immediately before bindApplication
03-24 21:18:31.616  1589  1876 I AiAiEcho: Predicting[0]:  [CONTEXT sampling_count=5 ]
03-24 21:18:31.651  1589  1876 I AiAiEcho: EchoTargets: 
03-24 21:18:31.651  1589  1876 I AiAiEcho: Filtered by AiAi flag check: 
03-24 21:18:31.651  1589  1876 I AiAiEcho: [CONTEXT ratelimit_period="10 SECONDS" ]
03-24 21:18:31.654  1258  3931 D PrefCtrlListHelper: Could not find Context-only controller for pref: com.android.settings.users.MultiUserTopIntroPreferenceController
03-24 21:18:31.721  1258  3931 D PrefCtrlListHelper: Could not find Context-only controller for pref: com.android.settings.users.TimeoutToDockUserPreferenceController
03-24 21:18:31.733   761  1726 W ActivityManager: Slow operation: 845ms so far, now at attachApplicationLocked: immediately after bindApplication
03-24 21:18:31.734   761  1726 W ActivityManager: Slow operation: 846ms so far, now at attachApplicationLocked: after updateLruProcessLocked
03-24 21:18:31.753  1258  3931 D PrefCtrlListHelper: Could not find Context-only controller for pref: com.android.settings.accessibility.SelectLongPressTimeoutPreferenceController
03-24 21:18:31.753  1258  3931 D PrefCtrlListHelper: Could not find Context-only controller for pref: com.android.settings.accessibility.AccessibilityTimeoutPreferenceController
03-24 21:18:31.794   761   782 W Looper  : Drained
03-24 21:18:31.814  1258  3931 D PrefCtrlListHelper: Could not find Context-only controller for pref: com.android.settings.gestures.DoubleTapPowerIllustrationPreferenceController
03-24 21:18:31.815  1258  3931 D PrefCtrlListHelper: Could not find Context-only controller for pref: com.android.settings.gestures.DoubleTapPowerMainSwitchPreferenceController
03-24 21:18:31.816   761  1726 W ActivityManager: Slow operation: 928ms so far, now at attachApplicationLocked: after updateOomAdjLocked
03-24 21:18:31.819  1258  3931 D PrefCtrlListHelper: Could not find Context-only controller for pref: com.android.settings.gestures.DoubleTapPowerForCameraPreferenceController
03-24 21:18:31.820  1258  3931 D PrefCtrlListHelper: Could not find Context-only controller for pref: com.android.settings.gestures.DoubleTapPowerForWalletPreferenceController
03-24 21:18:31.820  1258  3931 D PrefCtrlListHelper: Could not find Context-only controller for pref: com.android.settings.gestures.DoubleTapPowerLockscreenTipPreferenceController
03-24 21:18:31.821  1258  3931 D PrefCtrlListHelper: Could not find Context-only controller for pref: com.android.settings.gestures.DoubleTapPowerWalletFooterPreferenceController
03-24 21:18:31.840   761   967 D BackgroundInstallControlService: Package event received: 0
03-24 21:18:31.841  1258  3931 D PrefCtrlListHelper: Could not find Context-only controller for pref: com.android.settings.accessibility.TextReadingFragmentForA11ySettingsController
03-24 21:18:31.841  1258  3931 D PrefCtrlListHelper: Could not find Context-only controller for pref: com.android.settings.accessibility.ReduceBrightColorsPreferenceController
03-24 21:18:31.842  1258  3931 D PrefCtrlListHelper: Could not find Context-only controller for pref: com.android.settings.accessibility.MagnificationPreferenceController
03-24 21:18:31.844  1258  3931 D PrefCtrlListHelper: Could not find Context-only controller for pref: com.google.android.settings.accessibility.MagnifierPreferenceController
03-24 21:18:31.846  1258  3931 D PrefCtrlListHelper: Could not find Context-only controller for pref: com.google.android.settings.display.HighEmissionFrequencyController
03-24 21:18:31.851  1258  3931 D PrefCtrlListHelper: Could not find Context-only controller for pref: com.google.android.settings.simplemode.SimpleModeCategoryController
03-24 21:18:31.853  1258  3931 D PrefCtrlListHelper: Could not find Context-only controller for pref: com.google.android.settings.simplemode.SimpleModePreferenceController
03-24 21:18:31.859  1258  3931 D PrefCtrlListHelper: Could not find Context-only controller for pref: com.android.settings.accessibility.SystemControlsPreferenceController
03-24 21:18:31.860   761  1734 D AccessibilityManagerService: .getAccessibilityShortcutTargets {shortcutType=16, userId=0}
03-24 21:18:31.860  1258  3931 D PrefCtrlListHelper: Could not find Context-only controller for pref: com.android.settings.accessibility.VibrationPreferenceController
03-24 21:18:31.861  1258  3931 D PrefCtrlListHelper: Could not find Context-only controller for pref: com.android.settings.inputmethod.PointerTouchpadPreferenceController
03-24 21:18:31.861  1258  3931 D PrefCtrlListHelper: Could not find Context-only controller for pref: com.android.settings.inputmethod.PhysicalKeyboardA11yPreferenceController
03-24 21:18:31.861  1258  3931 D PrefCtrlListHelper: Could not find Context-only controller for pref: com.android.settings.accessibility.LiveCaptionPreferenceController
03-24 21:18:31.862   761  1726 D AccessibilityManagerService: .getAccessibilityShortcutTargets {shortcutType=1, userId=0}
03-24 21:18:31.865  1258  3931 D PrefCtrlListHelper: Could not find Context-only controller for pref: com.android.settings.accessibility.CaptioningPreferenceController
03-24 21:18:31.865  1258  3931 D PrefCtrlListHelper: Could not find Context-only controller for pref: com.android.settings.accessibility.RTTSettingPreferenceController
03-24 21:18:31.866  1258  3931 D RTTSettingsCtr: init controller
03-24 21:18:31.868  1258  3931 D PrefCtrlListHelper: Could not find Context-only controller for pref: com.android.settings.accessibility.AudioDescriptionPreferenceController
03-24 21:18:31.869  1258  3931 D PrefCtrlListHelper: Could not find Context-only controller for pref: com.android.settings.accessibility.FlashNotificationsPreferenceController
03-24 21:18:31.869  1258  3931 D PrefCtrlListHelper: Could not find Context-only controller for pref: com.android.settings.accessibility.AccessibilityHearingAidPreferenceController
03-24 21:18:31.870  1258  3931 D PrefCtrlListHelper: Could not find Context-only controller for pref: com.android.settings.language.TtsPreferenceController
03-24 21:18:31.877  1258  3931 D PrefCtrlListHelper: Could not find Context-only controller for pref: com.android.settings.accessibility.DisabilitySupportButtonPreferenceController
03-24 21:18:31.888  2427  2516 I DialerLoggingConsentCheckerImpl: com.google.android.dialershared.logging.consent.impl.LoggingConsentCheckerImpl.getConsent:72 timer stop with success, timer present: false
03-24 21:18:31.893   761  1726 V AccessibilityUserState: updateShortcutTargets: type:accessibility_button_targets, current:{}, new:[]
03-24 21:18:31.900   761  1726 D AccessibilityManagerService: .getAccessibilityShortcutTargets {shortcutType=32, userId=0}
03-24 21:18:31.901   761  1734 D AccessibilityManagerService: .getAccessibilityShortcutTargets {shortcutType=2, userId=0}
03-24 21:18:31.902   761  1797 D AccessibilityManagerService: .getAccessibilityShortcutTargets {shortcutType=8, userId=0}
03-24 21:18:31.904   761  1673 D AccessibilityManagerService: .getAccessibilityShortcutTargets {shortcutType=4, userId=0}
03-24 21:18:31.970  1319  1342 W libbinder.Binder: Binder transaction to com.google.android.gms.usagereporting.internal.IUsageReportingService code 2 took 4098ms. Data bytes: 184 Reply bytes: 4 Flags: 16
03-24 21:18:32.028   761   761 W Looper  : Slow dispatch took 783ms main app=system_server main=true group=FOREGROUND h=com.android.server.notification.NotificationManagerService$WorkerHandler c=com.android.server.notification.NotificationManagerService$PostNotificationRunnable@11ce84b m=0
03-24 21:18:32.033   761   904 I HalDevMgr: bestIfaceCreationProposal is null, requestIface=STA, existingIface=[name=wlan0 type=STA]
03-24 21:18:32.068  1872  1881 I artd    : GetBestInfo: odex next to the dex file (/data/app/~~WEw-qEWCHlUZbloVSQpK4Q==/com.google.android.gms-zScGdJoN6j6usFjBF8E2Dg==/oat/x86_64/base.odex) is kOatUpToDate with filter 'speed-profile' executable 'false'
03-24 21:18:32.104  1589  1876 I AiAiEcho: #remoteViewsTwiddler: feature disabled.
03-24 21:18:32.127  1589  1876 I AiAiEcho: Predicting[0]:  [CONTEXT sampling_count=5 ]
03-24 21:18:32.127  1589  1876 I AiAiEcho: EchoTargets: 
03-24 21:18:32.127  1589  1876 I AiAiEcho: Filtered by AiAi flag check: 
03-24 21:18:32.127  1589  1876 I AiAiEcho: [CONTEXT ratelimit_period="10 SECONDS" ]
03-24 21:18:32.130  1589  1876 I AiAiEcho: #remoteViewsTwiddler: feature disabled.
03-24 21:18:32.145  1872  1881 I artd    : GetBestInfo: odex next to the dex file (/data/app/~~WEw-qEWCHlUZbloVSQpK4Q==/com.google.android.gms-zScGdJoN6j6usFjBF8E2Dg==/oat/x86_64/split_AdsDynamite_installtime.odex) is kOatUpToDate with filter 'speed' executable 'false'
03-24 21:18:32.174  1589  1876 I AiAiEcho: #postPredictionTargets: Sending updates to UISurface lockscreen with targets# 0 (types=[])
03-24 21:18:32.186  1872  1880 I artd    : GetBestInfo: odex next to the dex file (/data/app/~~WEw-qEWCHlUZbloVSQpK4Q==/com.google.android.gms-zScGdJoN6j6usFjBF8E2Dg==/oat/x86_64/split_CronetDynamite_installtime.odex) is kOatUpToDate with filter 'speed' executable 'false'
03-24 21:18:32.219  1589  1876 I AiAiEcho: #postPredictionTargets: Sending updates to UISurface home with targets# 0 (types=[])
03-24 21:18:32.221  1872  1880 I artd    : GetBestInfo: odex next to the dex file (/data/app/~~WEw-qEWCHlUZbloVSQpK4Q==/com.google.android.gms-zScGdJoN6j6usFjBF8E2Dg==/oat/x86_64/split_DynamiteLoader_installtime.odex) is kOatUpToDate with filter 'speed' executable 'false'
03-24 21:18:32.261  1319  2295 W libbinder.Binder: Binder transaction to com.google.android.gms.common.internal.IGmsServiceBroker code 46 took 4483ms. Data bytes: 412 Reply bytes: 4 Flags: 18
03-24 21:18:32.262  1872  1880 I artd    : GetBestInfo: odex next to the dex file (/data/app/~~WEw-qEWCHlUZbloVSQpK4Q==/com.google.android.gms-zScGdJoN6j6usFjBF8E2Dg==/oat/x86_64/split_DynamiteModulesA_installtime.odex) is kOatUpToDate with filter 'speed' executable 'false'
03-24 21:18:32.276  5065  5065 D CompatChangeReporter: Compat change id reported: 242716250; UID 10227; state: ENABLED
03-24 21:18:32.303  1872  1880 I artd    : GetBestInfo: odex next to the dex file (/data/app/~~WEw-qEWCHlUZbloVSQpK4Q==/com.google.android.gms-zScGdJoN6j6usFjBF8E2Dg==/oat/x86_64/split_DynamiteModulesC_installtime.odex) is kOatUpToDate with filter 'speed' executable 'false'
03-24 21:18:32.351  1872  1881 I artd    : GetBestInfo: odex next to the dex file (/data/app/~~WEw-qEWCHlUZbloVSQpK4Q==/com.google.android.gms-zScGdJoN6j6usFjBF8E2Dg==/oat/x86_64/split_GoogleCertificates_installtime.odex) is kOatUpToDate with filter 'speed' executable 'false'
03-24 21:18:32.396  1258  3931 D RTTSettingsCtr: isRttSettingSupported [start]
03-24 21:18:32.425  1872  1881 I artd    : GetBestInfo: odex next to the dex file (/data/app/~~WEw-qEWCHlUZbloVSQpK4Q==/com.google.android.gms-zScGdJoN6j6usFjBF8E2Dg==/oat/x86_64/split_MapsDynamite_installtime.odex) is kOatUpToDate with filter 'speed' executable 'false'
03-24 21:18:32.474  1872  1881 I artd    : GetBestInfo: odex next to the dex file (/data/app/~~WEw-qEWCHlUZbloVSQpK4Q==/com.google.android.gms-zScGdJoN6j6usFjBF8E2Dg==/oat/x86_64/split_MeasurementDynamite_installtime.odex) is kOatUpToDate with filter 'speed' executable 'false'
03-24 21:18:32.495   761   761 W Looper  : Slow dispatch took 466ms main app=system_server main=true group=FOREGROUND h=android.app.ActivityThread$H c=android.app.LoadedApk$ReceiverDispatcher$Args$$ExternalSyntheticLambda0@6a19e6c m=0
03-24 21:18:32.507  1872  1881 I artd    : GetBestInfo: odex next to the dex file (/data/app/~~WEw-qEWCHlUZbloVSQpK4Q==/com.google.android.gms-zScGdJoN6j6usFjBF8E2Dg==/oat/x86_64/split_all_locale_splits.odex) is kOatUpToDate with filter 'speed' executable 'false'
03-24 21:18:32.528  1872  1881 I artd    : GetBestInfo: /data/user_de/0/com.google.android.gms/app_chimera/m/0000000a/dl-TfliteDynamiteDynamite.integ_252130102100800.apk has no usable artifacts
03-24 21:18:32.532  1872  1881 I artd    : GetBestInfo: /data/user_de/0/com.google.android.gms/app_chimera/m/00000001/CronetDynamite.apk has no usable artifacts
03-24 21:18:32.534  1872  1881 I artd    : GetBestInfo: /data/user_de/0/com.google.android.gms/app_chimera/m/00000002/DynamiteLoader.apk has no usable artifacts
03-24 21:18:32.537  1872  1881 I artd    : GetBestInfo: /data/user_de/0/com.google.android.gms/app_chimera/m/00000005/GoogleCertificates.apk has no usable artifacts
03-24 21:18:32.555   761   761 W Looper  : Slow delivery took 485ms main app=system_server main=true group=FOREGROUND h=com.android.server.notification.NotificationManagerService$WorkerHandler c=com.android.server.notification.NotificationManagerService$$ExternalSyntheticLambda20@49d8c35 m=0
03-24 21:18:32.567  1872  1881 I artd    : GetBestInfo: /data/user_de/0/com.google.android.gms/app_chimera/m/0000000f/dl-MlkitOcrCommon.optional_261133100800.apk has no usable artifacts
03-24 21:18:32.590  1166  1166 D SsBaseTemplateCard: Passed-in item info is null
03-24 21:18:32.595  1166  1166 D SsBaseTemplateCard: Passed-in item info is null
03-24 21:18:32.595  1166  1166 D SsBaseTemplateCard: Passed-in item info is null
03-24 21:18:32.596  1166  1166 D SsBaseTemplateCard: Passed-in item info is null
03-24 21:18:32.596  1166  1166 I SsBaseTemplateCard: Secondary card pane is null
03-24 21:18:32.605  1872  1881 I artd    : GetBestInfo: /data/user_de/0/com.google.android.gms/app_chimera/m/0000000d/dl-MlkitBarcodeUi.optional_261133100800.apk has no usable artifacts
03-24 21:18:32.644  1872  1881 I artd    : GetBestInfo: vdex next to the dex file (/data/user/0/com.google.android.gms/app_dg_cache/E054CA794C125F959C88D4849C82AB3F226237E6/oat/x86_64/the.vdex) is kOatUpToDate with filter 'verify' executable 'false'
03-24 21:18:32.650   761   761 W Looper  : Drained
03-24 21:18:32.670  1872  1881 I artd    : GetBestInfo: /data/user_de/0/com.google.android.gms/app_chimera/m/00000007/MeasurementDynamite.apk has no usable artifacts
03-24 21:18:32.705  1872  1881 I artd    : GetBestInfo: /data/user_de/0/com.google.android.gms/app_chimera/m/0000000b/dl-VisionOcr.optional_261133100000.apk has no usable artifacts
03-24 21:18:32.727  1589  2285 W AiAiEcho: LyftNotificationParser Ridesharing ETA not enabled
03-24 21:18:32.728  1589  2285 I AiAiEcho: SmartspaceNotificationPredictor no parser can handle this notification or notification is invalid
03-24 21:18:32.766  1872  1881 I artd    : GetBestInfo: /data/user_de/0/com.google.android.gms/app_chimera/m/0000000c/dl-Appsearch.optional_261133100800.apk has no usable artifacts
03-24 21:18:33.248  1872  1881 I artd    : GetBestInfo: /data/user/0/com.google.android.gms/app_dg_cache/0B5F21648920603C6816E0B76773EED17E15FB77/the.apk has no usable artifacts
03-24 21:18:33.272  1164  2643 W libbinder.Binder: Binder transaction to com.android.internal.telephony.ITelephony code 97 took 1300ms. Data bytes: 104 Reply bytes: 8 Flags: 16
03-24 21:18:33.288  1017  1152 W Looper  : Slow dispatch took 1598ms SysUiBg app=com.android.systemui main=false group=FOREGROUND h=android.os.Handler c=android.telephony.TelephonyCallback$IPhoneStateListenerStub$$ExternalSyntheticLambda52@fc6b46b m=0
03-24 21:18:33.361  1319  1781 I SQLiteConnection: Long db operation: /data/user/0/com.google.android.gms/databases/phenotype.db
03-24 21:18:33.378  1319  1781 W Looper  : Slow dispatch took 10373ms android.bg app=com.google.android.gms.persistent main=false group=FOREGROUND h=android.database.sqlite.SQLiteConnectionPool$IdleConnectionHandler c=null m=16
03-24 21:18:33.411  1164  1509 W libbinder.Binder: Binder transaction to com.android.internal.telephony.ITelephony code 141 took 3163ms. Data bytes: 172 Reply bytes: 1376 Flags: 16
03-24 21:18:33.476   761   793 D ActivityManager: sync unfroze 3618 com.google.android.configupdater for 3
03-24 21:18:33.518  1017  1017 I Choreographer: Skipped 1911 frames!  The application may be doing too much work on its main thread.
03-24 21:18:33.754   761   761 W Looper  : Slow dispatch took 1016ms main app=system_server main=true group=FOREGROUND h=android.app.job.JobServiceEngine$JobHandler c=null m=2
03-24 21:18:33.768   761   761 W Looper  : Slow delivery took 1016ms main app=system_server main=true group=FOREGROUND h=com.android.server.power.Notifier$NotifierHandler c=com.android.server.power.Notifier$$ExternalSyntheticLambda2@df0d9a1 m=0
03-24 21:18:33.885   761  1746 W libbinder.Binder: Binder transaction to android.content.pm.IPackageManager code 1598311760 took 11091ms. Data bytes: 80 Reply bytes: 4 Flags: 16
03-24 21:18:33.947   761   783 W Looper  : Slow dispatch took 102ms android.ui app=system_server main=false group=TOP_APP h=com.android.server.am.ActivityManagerService$UiHandler c=com.android.server.am.UidObserverController$$ExternalSyntheticLambda0@410c6c m=0
03-24 21:18:33.955   761   761 W Looper  : Slow dispatch took 187ms main app=system_server main=true group=FOREGROUND h=android.app.ActivityThread$H c=null m=122
03-24 21:18:34.028   761  1734 D AccessibilityManagerService: .getAccessibilityShortcutTargets {shortcutType=16, userId=0}
03-24 21:18:34.053  1872  1881 I artd    : GetBestInfo: odex next to the dex file (/data/app/~~WEw-qEWCHlUZbloVSQpK4Q==/com.google.android.gms-zScGdJoN6j6usFjBF8E2Dg==/oat/x86_64/base.odex) is kOatUpToDate with filter 'speed-profile' executable 'false'
03-24 21:18:34.053   761  1734 D AccessibilityManagerService: .getAccessibilityShortcutTargets {shortcutType=1, userId=0}
03-24 21:18:34.053   761  1734 V AccessibilityUserState: updateShortcutTargets: type:accessibility_button_targets, current:{}, new:[]
03-24 21:18:34.054   761  1746 D AccessibilityManagerService: .getAccessibilityShortcutTargets {shortcutType=32, userId=0}
03-24 21:18:34.072   761  1746 D AccessibilityManagerService: .getAccessibilityShortcutTargets {shortcutType=2, userId=0}
03-24 21:18:34.085   761  1746 D AccessibilityManagerService: .getAccessibilityShortcutTargets {shortcutType=8, userId=0}
03-24 21:18:34.113  1164  1510 W libbinder.Binder: Binder transaction to com.android.internal.telephony.ISub code 5 took 1548ms. Data bytes: 144 Reply bytes: 2368 Flags: 16
03-24 21:18:34.128  1164  1299 D SatelliteController: iisInCarrierRoamingNbIotNtn: satellite is disabled
03-24 21:18:34.133   761  1746 D AccessibilityManagerService: .getAccessibilityShortcutTargets {shortcutType=4, userId=0}
03-24 21:18:34.139  1872  1880 I artd    : GetBestInfo: odex next to the dex file (/data/app/~~WEw-qEWCHlUZbloVSQpK4Q==/com.google.android.gms-zScGdJoN6j6usFjBF8E2Dg==/oat/x86_64/split_AdsDynamite_installtime.odex) is kOatUpToDate with filter 'speed' executable 'false'
03-24 21:18:34.145  1164  1299 D SatelliteController: getCarrierRoamingNtnConnectType: Falling back to global carrier config connect type: 0
03-24 21:18:34.203  1258  3931 D TelecomUtil: Failed to find SubscriptionInfo for phoneAccountHandle
03-24 21:18:34.206  1872  1881 I artd    : GetBestInfo: odex next to the dex file (/data/app/~~WEw-qEWCHlUZbloVSQpK4Q==/com.google.android.gms-zScGdJoN6j6usFjBF8E2Dg==/oat/x86_64/split_CronetDynamite_installtime.odex) is kOatUpToDate with filter 'speed' executable 'false'
03-24 21:18:34.219  1258  3931 D RTTSettingsCtr: subscription id for the device: -1
03-24 21:18:34.233  1258  3993 D BatterySettingsFeatureProviderGoogleImpl: isBatteryInfoEnabled = false
03-24 21:18:34.281  1872  1880 I artd    : GetBestInfo: odex next to the dex file (/data/app/~~WEw-qEWCHlUZbloVSQpK4Q==/com.google.android.gms-zScGdJoN6j6usFjBF8E2Dg==/oat/x86_64/split_DynamiteLoader_installtime.odex) is kOatUpToDate with filter 'speed' executable 'false'
03-24 21:18:34.318  1872  1881 I artd    : GetBestInfo: odex next to the dex file (/data/app/~~WEw-qEWCHlUZbloVSQpK4Q==/com.google.android.gms-zScGdJoN6j6usFjBF8E2Dg==/oat/x86_64/split_DynamiteModulesA_installtime.odex) is kOatUpToDate with filter 'speed' executable 'false'
03-24 21:18:34.326  1258  3993 D PrefCtrlListHelper: Could not find Context-only controller for pref: com.android.settings.gestures.ButtonNavigationSettingsAssistController
03-24 21:18:34.333  1258  3993 D PrefCtrlListHelper: Could not find Context-only controller for pref: com.android.settings.gestures.ButtonNavigationSettingsAssistController
03-24 21:18:34.341  1872  1880 I artd    : GetBestInfo: odex next to the dex file (/data/app/~~WEw-qEWCHlUZbloVSQpK4Q==/com.google.android.gms-zScGdJoN6j6usFjBF8E2Dg==/oat/x86_64/split_DynamiteModulesC_installtime.odex) is kOatUpToDate with filter 'speed' executable 'false'
03-24 21:18:34.345  1258  3993 I ShadePanelsPreferenceController: Scene container is disabled
03-24 21:18:34.375  1872  1881 I artd    : GetBestInfo: odex next to the dex file (/data/app/~~WEw-qEWCHlUZbloVSQpK4Q==/com.google.android.gms-zScGdJoN6j6usFjBF8E2Dg==/oat/x86_64/split_GoogleCertificates_installtime.odex) is kOatUpToDate with filter 'speed' executable 'false'
03-24 21:18:34.406  1872  1881 I artd    : GetBestInfo: odex next to the dex file (/data/app/~~WEw-qEWCHlUZbloVSQpK4Q==/com.google.android.gms-zScGdJoN6j6usFjBF8E2Dg==/oat/x86_64/split_MapsDynamite_installtime.odex) is kOatUpToDate with filter 'speed' executable 'false'
03-24 21:18:34.428  1872  1880 I artd    : GetBestInfo: odex next to the dex file (/data/app/~~WEw-qEWCHlUZbloVSQpK4Q==/com.google.android.gms-zScGdJoN6j6usFjBF8E2Dg==/oat/x86_64/split_MeasurementDynamite_installtime.odex) is kOatUpToDate with filter 'speed' executable 'false'
03-24 21:18:34.455   761   777 I Telecom : PhoneAccountRegistrar: getSimCallManager: SimCallManager for subId 1 queried, returning: null: TSI.gPA(cas)@AK8
03-24 21:18:34.455  1872  1881 I artd    : GetBestInfo: odex next to the dex file (/data/app/~~WEw-qEWCHlUZbloVSQpK4Q==/com.google.android.gms-zScGdJoN6j6usFjBF8E2Dg==/oat/x86_64/split_all_locale_splits.odex) is kOatUpToDate with filter 'speed' executable 'false'
03-24 21:18:34.465  1258  3993 D PrefCtrlListHelper: Could not find Context-only controller for pref: com.android.settings.applications.specialaccess.interactacrossprofiles.InteractAcrossProfilesController
03-24 21:18:34.466  1258  3993 W PrefCtrlListHelper: Controller requires key but it's not defined in xml: com.android.settings.applications.specialaccess.interactacrossprofiles.InteractAcrossProfilesController
03-24 21:18:34.470  1872  1880 I artd    : GetBestInfo: /data/user_de/0/com.google.android.gms/app_chimera/m/0000000a/dl-TfliteDynamiteDynamite.integ_252130102100800.apk has no usable artifacts
03-24 21:18:34.484  1872  1880 I artd    : GetBestInfo: /data/user_de/0/com.google.android.gms/app_chimera/m/00000001/CronetDynamite.apk has no usable artifacts
03-24 21:18:34.487  1872  1880 I artd    : GetBestInfo: /data/user_de/0/com.google.android.gms/app_chimera/m/00000002/DynamiteLoader.apk has no usable artifacts
03-24 21:18:34.488  1872  1880 I artd    : GetBestInfo: /data/user_de/0/com.google.android.gms/app_chimera/m/00000005/GoogleCertificates.apk has no usable artifacts
03-24 21:18:34.497  1258  3993 D PrefCtrlListHelper: Could not find Context-only controller for pref: com.android.settings.regionalpreferences.MeasurementSystemItemCategoryController
03-24 21:18:34.536  2427  2435 W .android.dialer: Suspending all threads took: 6.549ms
03-24 21:18:34.538  1872  1880 I artd    : GetBestInfo: /data/user_de/0/com.google.android.gms/app_chimera/m/0000000f/dl-MlkitOcrCommon.optional_261133100800.apk has no usable artifacts
03-24 21:18:34.547  1258  3931 D RTTSettingsCtr: rtt calling supported by telecom:: false
03-24 21:18:34.548  1258  3931 D RTTSettingsCtr: isRttSettingSupported [Not support]
03-24 21:18:34.600  1872  1881 I artd    : GetBestInfo: /data/user_de/0/com.google.android.gms/app_chimera/m/0000000d/dl-MlkitBarcodeUi.optional_261133100800.apk has no usable artifacts
03-24 21:18:34.625  1319  4494 W GCM     : Invalid id-token:
03-24 21:18:34.646  1872  1881 I artd    : GetBestInfo: vdex next to the dex file (/data/user/0/com.google.android.gms/app_dg_cache/E054CA794C125F959C88D4849C82AB3F226237E6/oat/x86_64/the.vdex) is kOatUpToDate with filter 'verify' executable 'false'
03-24 21:18:34.668  1258  3993 D PrefControllerMixin: shouldHidePreference():true
03-24 21:18:34.695  1872  1881 I artd    : GetBestInfo: /data/user_de/0/com.google.android.gms/app_chimera/m/00000007/MeasurementDynamite.apk has no usable artifacts
03-24 21:18:34.732  1872  1880 I artd    : GetBestInfo: /data/user_de/0/com.google.android.gms/app_chimera/m/0000000b/dl-VisionOcr.optional_261133100000.apk has no usable artifacts
03-24 21:18:34.783  1872  1880 I artd    : GetBestInfo: /data/user_de/0/com.google.android.gms/app_chimera/m/0000000c/dl-Appsearch.optional_261133100800.apk has no usable artifacts
03-24 21:18:35.230  1872  1880 I artd    : GetBestInfo: /data/user/0/com.google.android.gms/app_dg_cache/0B5F21648920603C6816E0B76773EED17E15FB77/the.apk has no usable artifacts
03-24 21:18:35.400  1017  1767 I HWUI    : Davey! duration=33154ms; Flags=0, FrameTimelineVsyncId=30058, IntendedVsync=1261783246490, Vsync=1293633245216, InputEventId=0, HandleInputStart=1293655609076, AnimationStart=1293655619917, PerformTraversalsStart=1293655620243, DrawStart=1293937916182, FrameDeadline=1262466579796, FrameStartTime=1293648529706, FrameInterval=16666666, WorkloadTarget=16666666, SyncQueued=1294286401159, SyncStart=1294374990659, IssueDrawCommandsStart=1294509602463, SwapBuffers=1294868445484, FrameCompleted=1295026168466, DequeueBufferDuration=139261, QueueBufferDuration=19870219, GpuCompleted=1294994523052, SwapBuffersCompleted=1295026168466, DisplayPresentTime=0, CommandSubmissionCompleted=1294868445484, 
03-24 21:18:35.402  3618  3618 D ConfigUpdater: PhenotypeBroadcastReceiver : com.google.android.configupdater.DELAYED_FLAG_COMMIT
03-24 21:18:35.472   761   904 I HalDevMgr: bestIfaceCreationProposal is null, requestIface=STA, existingIface=[name=wlan0 type=STA]
03-24 21:18:35.545  1258  3993 D WifiTetherMaximizeCompatibilityPref: mShouldHidePreference:true
03-24 21:18:35.548   761  1285 W FastPrintWriter: Write failure
03-24 21:18:35.548   761  1285 W FastPrintWriter: java.io.IOException: write failed: EPIPE (Broken pipe)
03-24 21:18:35.548   761  1285 W FastPrintWriter: 	at libcore.io.IoBridge.write(IoBridge.java:651)
03-24 21:18:35.548   761  1285 W FastPrintWriter: 	at java.io.FileOutputStream.write(FileOutputStream.java:436)
03-24 21:18:35.548   761  1285 W FastPrintWriter: 	at com.android.internal.util.FastPrintWriter.flushBytesLocked(FastPrintWriter.java:355)
03-24 21:18:35.548   761  1285 W FastPrintWriter: 	at com.android.internal.util.FastPrintWriter.flushLocked(FastPrintWriter.java:378)
03-24 21:18:35.548   761  1285 W FastPrintWriter: 	at com.android.internal.util.FastPrintWriter.appendLocked(FastPrintWriter.java:343)
03-24 21:18:35.548   761  1285 W FastPrintWriter: 	at com.android.internal.util.FastPrintWriter.write(FastPrintWriter.java:601)
03-24 21:18:35.548   761  1285 W FastPrintWriter: 	at java.io.PrintWriter.write(PrintWriter.java:507)
03-24 21:18:35.548   761  1285 W FastPrintWriter: 	at android.util.IndentingPrintWriter.write(IndentingPrintWriter.java:238)
03-24 21:18:35.548   761  1285 W FastPrintWriter: 	at java.io.PrintWriter.write(PrintWriter.java:507)
03-24 21:18:35.548   761  1285 W FastPrintWriter: 	at com.android.server.art.IndentingPrintWriter.write(IndentingPrintWriter.java:114)
03-24 21:18:35.548   761  1285 W FastPrintWriter: 	at com.android.server.art.IndentingPrintWriter.write(IndentingPrintWriter.java:89)
03-24 21:18:35.548   761  1285 W FastPrintWriter: 	at java.io.PrintWriter.write(PrintWriter.java:559)
03-24 21:18:35.548   761  1285 W FastPrintWriter: 	at java.io.PrintWriter.append(PrintWriter.java:1089)
03-24 21:18:35.548   761  1285 W FastPrintWriter: 	at java.io.PrintWriter.append(PrintWriter.java:61)
03-24 21:18:35.548   761  1285 W FastPrintWriter: 	at java.util.Formatter$FormatSpecifier.appendJustified(Formatter.java:3253)
03-24 21:18:35.548   761  1285 W FastPrintWriter: 	at java.util.Formatter$FormatSpecifier.print(Formatter.java:3243)
03-24 21:18:35.548   761  1285 W FastPrintWriter: 	at java.util.Formatter$FormatSpecifier.printString(Formatter.java:3216)
03-24 21:18:35.548   761  1285 W FastPrintWriter: 	at java.util.Formatter$FormatSpecifier.print(Formatter.java:3093)
03-24 21:18:35.548   761  1285 W FastPrintWriter: 	at java.util.Formatter.format(Formatter.java:2704)
03-24 21:18:35.548   761  1285 W FastPrintWriter: 	at java.io.PrintWriter.format(PrintWriter.java:992)
03-24 21:18:35.548   761  1285 W FastPrintWriter: 	at java.io.PrintWriter.printf(PrintWriter.java:889)
03-24 21:18:35.548   761  1285 W FastPrintWriter: 	at com.android.server.art.DumpHelper.dumpSecondaryDex(DumpHelper.java:183)
03-24 21:18:35.548   761  1285 W FastPrintWriter: 	at com.android.server.art.DumpHelper.dumpPackage(DumpHelper.java:134)
03-24 21:18:35.548   761  1285 W FastPrintWriter: 	at com.android.server.art.ArtManagerLocal.dumpPackage(ArtManagerLocal.java:1142)
03-24 21:18:35.548   761  1285 W FastPrintWriter: 	at com.android.server.pm.DexOptHelper.dumpDexoptState(DexOptHelper.java:176)
03-24 21:18:35.548   761  1285 W FastPrintWriter: 	at com.android.server.pm.ComputerEngine.dump(ComputerEngine.java:3122)
03-24 21:18:35.548   761  1285 W FastPrintWriter: 	at com.android.server.pm.DumpHelper.doDump(DumpHelper.java:527)
03-24 21:18:35.548   761  1285 W FastPrintWriter: 	at com.android.server.pm.PackageManagerService$IPackageManagerImpl.dump(PackageManagerService.java:6759)
03-24 21:18:35.548   761  1285 W FastPrintWriter: 	at android.os.Binder.doDump(Binder.java:1104)
03-24 21:18:35.548   761  1285 W FastPrintWriter: 	at android.os.Binder.dump(Binder.java:1094)
03-24 21:18:35.548   761  1285 W FastPrintWriter: 	at android.os.Binder.onTransact(Binder.java:940)
03-24 21:18:35.548   761  1285 W FastPrintWriter: 	at android.content.pm.IPackageManager$Stub.onTransact(IPackageManager.java:4666)
03-24 21:18:35.548   761  1285 W FastPrintWriter: 	at com.android.server.pm.PackageManagerService$IPackageManagerImpl.onTransact(PackageManagerService.java:6705)
03-24 21:18:35.548   761  1285 W FastPrintWriter: 	at android.os.Binder.execTransactInternal(Binder.java:1478)
03-24 21:18:35.548   761  1285 W FastPrintWriter: 	at android.os.Binder.execTransact(Binder.java:1418)
03-24 21:18:35.548   761  1285 W FastPrintWriter: Caused by: android.system.ErrnoException: write failed: EPIPE (Broken pipe)
03-24 21:18:35.548   761  1285 W FastPrintWriter: 	at libcore.io.Linux.writeBytes(Native Method)
03-24 21:18:35.548   761  1285 W FastPrintWriter: 	at libcore.io.Linux.write(Linux.java:338)
03-24 21:18:35.548   761  1285 W FastPrintWriter: 	at libcore.io.ForwardingOs.write(ForwardingOs.java:954)
03-24 21:18:35.548   761  1285 W FastPrintWriter: 	at libcore.io.BlockGuardOs.write(BlockGuardOs.java:448)
03-24 21:18:35.548   761  1285 W FastPrintWriter: 	at libcore.io.IoBridge.write(IoBridge.java:646)
03-24 21:18:35.548   761  1285 W FastPrintWriter: 	... 34 more
03-24 21:18:35.608   761  1285 W libbinder.Binder: Binder transaction to android.content.pm.IPackageManager code 1598311760 took 5276ms. Data bytes: 80 Reply bytes: 4 Flags: 16
03-24 21:18:35.835  1258  3993 D PrefCtrlListHelper: Could not find Context-only controller for pref: com.android.settings.network.BluetoothWiFiResetPreferenceController
03-24 21:18:35.872  1258  3993 D PrefCtrlListHelper: Could not find Context-only controller for pref: com.android.settings.network.EraseEuiccDataController
03-24 21:18:35.879  1258  3993 D PrefCtrlListHelper: Could not find Context-only controller for pref: com.android.settings.privatespace.delete.ResetOptionsDeletePrivateSpaceController
03-24 21:18:35.880  1258  3993 D PrefCtrlListHelper: Could not find Context-only controller for pref: com.android.settings.system.FactoryResetPreferenceController
03-24 21:18:35.880  1258  3993 D PrefCtrlListHelper: Could not find Context-only controller for pref: com.android.settings.system.FactoryResetDemoUserPreferenceController
03-24 21:18:35.900  2427  2435 W .android.dialer: Suspending all threads took: 15.555ms
03-24 21:18:36.006  1258  3993 D PrefCtrlListHelper: Could not find Context-only controller for pref: com.android.settings.network.telephony.MobileNetworkSwitchController
03-24 21:18:36.047  1258  3993 D PrefCtrlListHelper: Could not find Context-only controller for pref: com.android.settings.network.telephony.DisabledSubscriptionController
03-24 21:18:36.268  1258  3993 D PrefCtrlListHelper: Could not find Context-only controller for pref: com.android.settings.network.telephony.CallsDefaultSubscriptionController
03-24 21:18:36.293  1258  3993 D PrefCtrlListHelper: Could not find Context-only controller for pref: com.android.settings.network.telephony.SmsDefaultSubscriptionController
03-24 21:18:36.303  1258  3993 D PrefCtrlListHelper: Could not find Context-only controller for pref: com.android.settings.network.telephony.MobileNetworkSpnPreferenceController
03-24 21:18:36.323   761   761 W Looper  : Drained
03-24 21:18:36.329  1258  3993 D PrefCtrlListHelper: Could not find Context-only controller for pref: com.android.settings.network.telephony.MobileNetworkPhoneNumberPreferenceController
03-24 21:18:36.341  1258  3993 D PrefCtrlListHelper: Could not find Context-only controller for pref: com.android.settings.network.telephony.DataServiceSetupPreferenceController
03-24 21:18:36.389  1258  3993 D PrefCtrlListHelper: Could not find Context-only controller for pref: com.android.settings.network.telephony.MobileDataPreferenceController
03-24 21:18:36.392  1258  3993 D PrefCtrlListHelper: Could not find Context-only controller for pref: com.android.settings.network.telephony.AutoDataSwitchPreferenceController
03-24 21:18:36.408  1258  3993 D PrefCtrlListHelper: Could not find Context-only controller for pref: com.android.settings.network.telephony.RoamingPreferenceController
03-24 21:18:36.429  1258  3993 D PrefCtrlListHelper: Could not find Context-only controller for pref: com.android.settings.network.telephony.DataUsagePreferenceController
03-24 21:18:36.435  1258  3993 D PrefCtrlListHelper: Could not find Context-only controller for pref: com.android.settings.datausage.BillingCyclePreferenceController
03-24 21:18:36.437  1258  3993 D PrefCtrlListHelper: Could not find Context-only controller for pref: com.android.settings.network.CarrierWifiTogglePreferenceController
03-24 21:18:36.451  1258  3993 D PrefCtrlListHelper: Could not find Context-only controller for pref: com.android.settings.network.telephony.MmsMessagePreferenceController
03-24 21:18:36.459  1258  3993 D PrefCtrlListHelper: Could not find Context-only controller for pref: com.android.settings.network.telephony.Enhanced4gLtePreferenceController
03-24 21:18:36.460  1258  3993 D PrefCtrlListHelper: Could not find Context-only controller for pref: com.android.settings.network.telephony.Enhanced4gCallingPreferenceController
03-24 21:18:36.460  1258  3993 D PrefCtrlListHelper: Could not find Context-only controller for pref: com.android.settings.network.telephony.Enhanced4gAdvancedCallingPreferenceController
03-24 21:18:36.461  1258  3993 D PrefCtrlListHelper: Could not find Context-only controller for pref: com.android.settings.network.telephony.ContactDiscoveryPreferenceController
03-24 21:18:36.468  1258  3993 D PrefCtrlListHelper: Could not find Context-only controller for pref: com.android.settings.network.telephony.PreferredNetworkModePreferenceController
03-24 21:18:36.474  1258  3993 D PrefCtrlListHelper: Could not find Context-only controller for pref: com.android.settings.network.telephony.EnabledNetworkModePreferenceController
03-24 21:18:36.475  1258  3993 D PrefCtrlListHelper: Could not find Context-only controller for pref: com.android.settings.network.telephony.CarrierSettingsVersionPreferenceController
03-24 21:18:36.480  1258  3993 D PrefCtrlListHelper: Could not find Context-only controller for pref: com.google.android.settings.network.telephony.SpeedBoostPreferenceController
03-24 21:18:36.481  1258  3993 D PrefCtrlListHelper: Could not find Context-only controller for pref: com.google.android.settings.network.telephony.XfinitySpeedBoostPreferenceController
03-24 21:18:36.485  1258  3993 D PrefCtrlListHelper: Could not find Context-only controller for pref: com.android.settings.network.telephony.MobileNetworkImeiPreferenceController
03-24 21:18:36.503  1258  3993 D PrefCtrlListHelper: Could not find Context-only controller for pref: com.android.settings.network.telephony.satellite.SatelliteSettingsPreferenceCategoryController
03-24 21:18:36.518  1258  3993 D PrefCtrlListHelper: Could not find Context-only controller for pref: com.android.settings.network.telephony.satellite.SatelliteSettingPreferenceController
03-24 21:18:36.703  1854  1943 E constellation: [api_get_iid_token_operation] Failed to generate IIDToken
03-24 21:18:36.703  1854  1943 E constellation: java.io.IOException: AUTHENTICATION_FAILED
03-24 21:18:36.703  1854  1943 E constellation: 	at cimk.f(:com.google.android.gms@261133038@26.11.33 (260800-887465546):31)
03-24 21:18:36.703  1854  1943 E constellation: 	at cilt.e(:com.google.android.gms@261133038@26.11.33 (260800-887465546):68)
03-24 21:18:36.703  1854  1943 E constellation: 	at cilt.d(:com.google.android.gms@261133038@26.11.33 (260800-887465546):77)
03-24 21:18:36.703  1854  1943 E constellation: 	at cilt.c(:com.google.android.gms@261133038@26.11.33 (260800-887465546):2)
03-24 21:18:36.703  1854  1943 E constellation: 	at bjop.a(:com.google.android.gms@261133038@26.11.33 (260800-887465546):19)
03-24 21:18:36.703  1854  1943 E constellation: 	at bivo.f(:com.google.android.gms@261133038@26.11.33 (260800-887465546):40)
03-24 21:18:36.703  1854  1943 E constellation: 	at cvgk.fD(:com.google.android.gms@261133038@26.11.33 (260800-887465546):1)
03-24 21:18:36.703  1854  1943 E constellation: 	at cvgw.run(:com.google.android.gms@261133038@26.11.33 (260800-887465546):118)
03-24 21:18:36.703  1854  1943 E constellation: 	at gxmc.run(:com.google.android.gms@261133038@26.11.33 (260800-887465546):19)
03-24 21:18:36.703  1854  1943 E constellation: 	at bikh.c(:com.google.android.gms@261133038@26.11.33 (260800-887465546):50)
03-24 21:18:36.703  1854  1943 E constellation: 	at bikh.run(:com.google.android.gms@261133038@26.11.33 (260800-887465546):73)
03-24 21:18:36.703  1854  1943 E constellation: 	at java.util.concurrent.ThreadPoolExecutor.runWorker(ThreadPoolExecutor.java:1154)
03-24 21:18:36.703  1854  1943 E constellation: 	at java.util.concurrent.ThreadPoolExecutor$Worker.run(ThreadPoolExecutor.java:652)
03-24 21:18:36.703  1854  1943 E constellation: 	at bipy.run(:com.google.android.gms@261133038@26.11.33 (260800-887465546):8)
03-24 21:18:36.703  1854  1943 E constellation: 	at java.lang.Thread.run(Thread.java:1563)
03-24 21:18:36.829  1258  3993 D PrefCtrlListHelper: Could not find Context-only controller for pref: com.google.android.settings.network.telephony.satellite.SatelliteSettingSosPreferenceController
03-24 21:18:36.845  1258  3993 D PrefCtrlListHelper: Could not find Context-only controller for pref: com.android.settings.network.telephony.CallingPreferenceCategoryController
03-24 21:18:36.855  1258  3993 D PrefCtrlListHelper: Could not find Context-only controller for pref: com.android.settings.network.telephony.WifiCallingPreferenceController
03-24 21:18:36.871  1258  3993 D PrefCtrlListHelper: Could not find Context-only controller for pref: com.android.settings.network.telephony.VideoCallingPreferenceController
03-24 21:18:36.887  1258  3993 D PrefCtrlListHelper: Could not find Context-only controller for pref: com.android.settings.network.telephony.cdma.CdmaSystemSelectPreferenceController
03-24 21:18:36.893  1258  3993 D PrefCtrlListHelper: Could not find Context-only controller for pref: com.android.settings.network.telephony.cdma.CdmaSubscriptionPreferenceController
03-24 21:18:36.893  1258  3993 D PrefCtrlListHelper: Could not find Context-only controller for pref: com.android.settings.network.telephony.NetworkPreferenceCategoryController
03-24 21:18:36.895  1258  3993 D PrefCtrlListHelper: Could not find Context-only controller for pref: com.android.settings.network.telephony.gsm.AutoSelectPreferenceController
03-24 21:18:36.918  1258  3993 D PrefCtrlListHelper: Could not find Context-only controller for pref: com.android.settings.network.telephony.gsm.OpenNetworkSelectPagePreferenceController
03-24 21:18:36.923  1258  3993 D PrefCtrlListHelper: Could not find Context-only controller for pref: com.android.settings.network.telephony.ApnPreferenceController
03-24 21:18:36.924  1258  3993 D PrefCtrlListHelper: Could not find Context-only controller for pref: com.android.settings.network.telephony.CarrierPreferenceController
03-24 21:18:36.931  1258  3993 D PrefCtrlListHelper: Could not find Context-only controller for pref: com.android.settings.network.telephony.Enable2gPreferenceController
03-24 21:18:36.944  1258  3993 D PrefCtrlListHelper: Could not find Context-only controller for pref: com.android.settings.network.telephony.NullAlgorithmsPreferenceController
03-24 21:18:36.944  1258  3993 D PrefCtrlListHelper: Could not find Context-only controller for pref: com.android.settings.network.telephony.NrAdvancedCallingPreferenceController
03-24 21:18:36.945  1258  3993 D PrefCtrlListHelper: Could not find Context-only controller for pref: com.android.settings.network.telephony.ConvertToEsimPreferenceController
03-24 21:18:36.946  1258  3993 D PrefCtrlListHelper: Could not find Context-only controller for pref: com.android.settings.network.telephony.TransferEsimPreferenceController
03-24 21:18:36.947  1258  3993 D PrefCtrlListHelper: Could not find Context-only controller for pref: com.android.settings.network.telephony.DeleteSimProfilePreferenceController
03-24 21:18:36.948  1258  3993 D PrefCtrlListHelper: Could not find Context-only controller for pref: com.android.settings.network.telephony.DisableSimFooterPreferenceController
03-24 21:18:36.948  1258  3993 D PrefCtrlListHelper: Could not find Context-only controller for pref: com.android.settings.network.telephony.NrDisabledInDsdsFooterPreferenceController
03-24 21:18:37.098  1258  3993 D PrefCtrlListHelper: Could not find Context-only controller for pref: com.google.android.settings.gestures.columbus.ColumbusPreferenceController
03-24 21:18:37.098  1258  3993 D PrefCtrlListHelper: Could not find Context-only controller for pref: com.android.settings.gestures.SwipeToNotificationPreferenceController
03-24 21:18:37.102  1258  3993 D PrefCtrlListHelper: Could not find Context-only controller for pref: com.android.settings.gestures.DoubleTapPowerPreferenceController
03-24 21:18:37.217  1258  3993 D PrefCtrlListHelper: Could not find Context-only controller for pref: com.android.settings.gestures.DoubleTwistPreferenceController
03-24 21:18:37.218  1258  3993 D PrefCtrlListHelper: Could not find Context-only controller for pref: com.android.settings.gestures.TapScreenGesturePreferenceController
03-24 21:18:37.264  1258  3993 D PrefCtrlListHelper: Could not find Context-only controller for pref: com.google.android.settings.gestures.DoubleTapScreenToSleepPreferenceController
03-24 21:18:37.264  1258  3993 D PrefCtrlListHelper: Could not find Context-only controller for pref: com.android.settings.gestures.DoubleTapScreenPreferenceController
03-24 21:18:37.264  1258  3993 D PrefCtrlListHelper: Could not find Context-only controller for pref: com.android.settings.gestures.PickupGesturePreferenceController
03-24 21:18:37.266  1258  3993 D PrefCtrlListHelper: Could not find Context-only controller for pref: com.android.settings.gestures.OneHandedEnablePreferenceController
03-24 21:18:37.266  1258  3993 D PrefCtrlListHelper: Could not find Context-only controller for pref: com.android.settings.gestures.PowerMenuPreferenceController
03-24 21:18:37.267  1258  3993 D PrefCtrlListHelper: Could not find Context-only controller for pref: com.android.settings.gestures.PreventRingingParentPreferenceController
03-24 21:18:37.452  1017  1152 W Looper  : Drained
03-24 21:18:37.466  1258  3993 D PrefCtrlListHelper: Could not find Context-only controller for pref: com.android.settings.fuelgauge.batteryusage.BatteryChartPreferenceController
03-24 21:18:37.477  1258  3993 W PrefCtrlListHelper: Cannot instantiate controller from reflection: com.android.settings.fuelgauge.batteryusage.BatteryChartPreferenceController
03-24 21:18:37.528  1258  3993 D PrefCtrlListHelper: Could not find Context-only controller for pref: com.android.settings.fuelgauge.batteryusage.BatteryUsageBreakdownController
03-24 21:18:37.528  1258  3993 W PrefCtrlListHelper: Cannot instantiate controller from reflection: com.android.settings.fuelgauge.batteryusage.BatteryUsageBreakdownController
03-24 21:18:37.529  1258  3993 W PrefCtrlListHelper: battery_tips_card already has a controller
03-24 21:18:37.529  1258  3993 W PrefCtrlListHelper: screen_on_time_category already has a controller
03-24 21:18:37.540  1258  3993 D PrefCtrlListHelper: Could not find Context-only controller for pref: com.android.settings.gestures.LongPressPowerIllustrationPreferenceController
03-24 21:18:37.564  1258  3993 D PrefCtrlListHelper: Could not find Context-only controller for pref: com.android.settings.gestures.LongPressPowerForPowerMenuPreferenceController
03-24 21:18:37.565  1258  3993 D PrefCtrlListHelper: Could not find Context-only controller for pref: com.android.settings.gestures.LongPressPowerForAssistantPreferenceController
03-24 21:18:37.565  1258  3993 D PrefCtrlListHelper: Could not find Context-only controller for pref: com.android.settings.gestures.LongPressPowerSensitivityPreferenceController
03-24 21:18:37.566  1258  3993 D PrefCtrlListHelper: Could not find Context-only controller for pref: com.android.settings.gestures.LongPressPowerFooterPreferenceController
03-24 21:18:37.713  1121  1248 W AlarmManager: Unrecognized alarm listener com.android.networkstack.android.net.ip.IpClientLinkObserver$Dhcp6PdPreferredPrefixAlarmListener@b1e0d56
03-24 21:18:37.715   601  1095 I libbinder.BpBinder: onLastStrongRef automatically unlinking death recipients for descriptor: '(not cached)'
03-24 21:18:37.763  2945  5022 W BugleRcsEngine: GMSCoreIIDToken not found in Constellation Client. [1dd7c587-2966-475c-b7a2-86ac85fec7a8] [CONTEXT log_prefix="(PEv2-SM-Bugle-259393816)" thread_id=147 ]
03-24 21:18:38.369   761   783 W Looper  : Slow dispatch took 450ms android.ui app=system_server main=false group=TOP_APP h=com.android.server.am.ActivityManagerService$UiHandler c=com.android.server.am.UidObserverController$$ExternalSyntheticLambda0@410c6c m=0
03-24 21:18:38.543  1258  3993 D PrefCtrlListHelper: Could not find Context-only controller for pref: com.android.settings.connecteddevice.threadnetwork.ThreadNetworkToggleController
03-24 21:18:38.563   761   782 W Looper  : Slow dispatch took 279ms android.fg app=system_server main=false group=FOREGROUND h=android.os.Handler c=com.android.server.power.hint.HintManagerService$MyUidObserver$$ExternalSyntheticLambda0@a182b14 m=0
03-24 21:18:38.621  1258  3993 D PrefCtrlListHelper: Could not find Context-only controller for pref: com.android.settings.connecteddevice.threadnetwork.ThreadNetworkFooterController
03-24 21:18:38.623  1258  3993 D PrefCtrlListHelper: Could not find Context-only controller for pref: com.android.settings.applications.specialaccess.pictureinpicture.PictureInPictureScreenPreferenceController
03-24 21:18:38.702   761   904 I HalDevMgr: bestIfaceCreationProposal is null, requestIface=STA, existingIface=[name=wlan0 type=STA]
03-24 21:18:38.759  2427  2435 W .android.dialer: Suspending all threads took: 23.766ms
03-24 21:18:38.784  1121  1248 D ApfFilter: (wlan0): Adding RA fe80::2 -> ff02::1 1800s fec0::/64 86400s/14400s 
03-24 21:18:38.808  1127  1368 W libbinder.Binder: Binder transaction to android.bluetooth.IBluetooth code 24 took 3894ms. Data bytes: 184 Reply bytes: 60 Flags: 16
03-24 21:18:39.020  1258  3993 D PrefCtrlListHelper: Could not find Context-only controller for pref: com.android.settings.inputmethod.KeyboardAccessibilityMouseKeysController
03-24 21:18:39.172  1258  3993 W PrefCtrlListHelper: Cannot instantiate controller from reflection: com.android.settings.inputmethod.KeyboardAccessibilityMouseKeysController
03-24 21:18:39.365  1258  3993 D PrefCtrlListHelper: Could not find Context-only controller for pref: com.android.settings.inputmethod.KeyboardAccessibilityMouseKeysShortcutController
03-24 21:18:39.465  1258  3993 D PrefCtrlListHelper: Could not find Context-only controller for pref: com.android.settings.inputmethod.MouseKeysAccelerationController
03-24 21:18:39.467  1258  3993 D PrefCtrlListHelper: Could not find Context-only controller for pref: com.android.settings.inputmethod.MouseKeysMaxSpeedController
03-24 21:18:39.468  1258  3993 D PrefCtrlListHelper: Could not find Context-only controller for pref: com.android.settings.inputmethod.MouseKeysPrimaryKeysController
03-24 21:18:39.469  1258  3993 W PrefCtrlListHelper: Cannot instantiate controller from reflection: com.android.settings.inputmethod.MouseKeysPrimaryKeysController
03-24 21:18:39.527  1258  3993 D PrefCtrlListHelper: Could not find Context-only controller for pref: com.android.settings.inputmethod.MouseKeysResetController
03-24 21:18:39.630  1258  3993 D PrefCtrlListHelper: Could not find Context-only controller for pref: com.android.settings.applications.specialaccess.interactacrossprofiles.InteractAcrossProfilesController
03-24 21:18:39.647  1258  3993 D PrefCtrlListHelper: Could not find Context-only controller for pref: com.android.settings.enterprise.ManageDeviceAdminPreferenceController
03-24 21:18:39.668  1258  3993 D PrefCtrlListHelper: Could not find Context-only controller for pref: com.google.android.settings.applications.specialaccess.DebuggingDataPreferenceController
03-24 21:18:39.669  1258  3993 D PrefCtrlListHelper: Could not find Context-only controller for pref: com.android.settings.applications.specialaccess.SystemAlertWindowPreferenceController
03-24 21:18:39.670  1258  3993 D PrefCtrlListHelper: Could not find Context-only controller for pref: com.android.settings.applications.specialaccess.zenaccess.ZenAccessController
03-24 21:18:39.698  1258  3993 D PrefCtrlListHelper: Could not find Context-only controller for pref: com.android.settings.applications.specialaccess.notificationaccess.NotificationAccessController
03-24 21:18:39.748  1258  3993 D PrefCtrlListHelper: Could not find Context-only controller for pref: com.android.settings.applications.specialaccess.MediaRoutingControlPreferenceController
03-24 21:18:39.791  1258  3993 D PrefCtrlListHelper: Could not find Context-only controller for pref: com.android.settings.spa.app.specialaccess.UseFullScreenIntentPreferenceController
03-24 21:18:39.792  1258  3993 D PrefCtrlListHelper: Could not find Context-only controller for pref: com.android.settings.spa.app.specialaccess.WriteSystemPreferencesPreferenceController
03-24 21:18:39.821  1258  3993 D PrefCtrlListHelper: Could not find Context-only controller for pref: com.android.settings.applications.specialaccess.pictureinpicture.PictureInPictureController
03-24 21:18:39.821  1258  3993 D PrefCtrlListHelper: Could not find Context-only controller for pref: com.android.settings.applications.specialaccess.premiumsms.PremiumSmsController
03-24 21:18:39.821  1258  3993 D PrefCtrlListHelper: Could not find Context-only controller for pref: com.android.settings.applications.specialaccess.DataSaverController
03-24 21:18:39.821  1258  3993 D PrefCtrlListHelper: Could not find Context-only controller for pref: com.android.settings.applications.specialaccess.vrlistener.EnabledVrListenersController
03-24 21:18:39.822  1258  3993 D PrefCtrlListHelper: Could not find Context-only controller for pref: com.android.settings.applications.specialaccess.MoreSpecialAccessPreferenceController
03-24 21:18:39.883   761  1734 W ProcessStats: Tracking association SourceState{64a8492 com.google.android.apps.messaging/10154 ImpBg #4351} whose proc state 6 is better than process ProcessState{dc283bf com.google.android.gms/10155 pkg=com.google.android.gms} proc state 14 (24 skipped)
03-24 21:18:40.202  1319  2295 W libbinder.Binder: Binder transaction to com.google.android.gms.phenotype.internal.IPhenotypeService code 11 took 1029ms. Data bytes: 468 Reply bytes: 4 Flags: 18
03-24 21:18:40.234   761   783 W Looper  : Slow dispatch took 327ms android.ui app=system_server main=false group=TOP_APP h=com.android.server.am.ActivityManagerService$UiHandler c=com.android.server.am.UidObserverController$$ExternalSyntheticLambda0@410c6c m=0
03-24 21:18:40.441  1258  3993 D PrefCtrlListHelper: Could not find Context-only controller for pref: com.android.settings.nfc.NfcTagAppsPreferenceController
03-24 21:18:40.469  1017  1017 W SsPagerDots: Total number of pages invalid: 0. Assuming 1 page.
03-24 21:18:40.496  2427  2435 W .android.dialer: Suspending all threads took: 36.442ms
03-24 21:18:40.527  1017  1017 D NavigationModeController: getCurrentUserContext: contextUser=0 currentUser=0
03-24 21:18:40.745  1017  1152 W Looper  : Slow delivery took 1463ms SysUiBg app=com.android.systemui main=false group=TOP_APP h=android.os.Handler c=com.android.systemui.navigationbar.gestural.EdgeBackGestureHandler$$ExternalSyntheticLambda4@afc442b m=0
03-24 21:18:40.772  1017  1017 I Choreographer: Skipped 110 frames!  The application may be doing too much work on its main thread.
03-24 21:18:41.107  1258  3931 D PrefCtrlListHelper: Could not find Context-only controller for pref: com.android.settings.notification.AdjustmentExcludedAppsPreferenceController
03-24 21:18:41.107  1258  3931 D PrefCtrlListHelper: Could not find Context-only controller for pref: com.android.settings.notification.SummarizationManageAppsPreferenceController
03-24 21:18:41.171  1258  3931 V SettingsSearchProvider: com.android.settings.notification.SummarizationPreferenceFragment$1@31d57de tried to add an empty non-indexable key
03-24 21:18:41.176  1258  3931 D BatterySettingsFeatureProviderGoogleImpl: isBatteryInfoEnabled = false
03-24 21:18:41.222  1258  1258 D SlotSimStatus: Number of active SIM: 1
03-24 21:18:41.341   761   914 D InetDiagMessage: Destroyed 0 sockets, proto=IPPROTO_TCP, family=AF_INET, states=14
03-24 21:18:41.359  1258  3931 D PrefCtrlListHelper: Could not find Context-only controller for pref: com.android.settings.deviceinfo.batteryinfo.BatteryManufactureDatePreferenceController
03-24 21:18:41.360  1258  3931 D PrefCtrlListHelper: Could not find Context-only controller for pref: com.android.settings.deviceinfo.batteryinfo.BatteryFirstUseDatePreferenceController
03-24 21:18:41.360  1258  3931 D PrefCtrlListHelper: Could not find Context-only controller for pref: com.android.settings.deviceinfo.batteryinfo.BatteryCycleCountPreferenceController
03-24 21:18:41.360  1258  3931 V SettingsSearchProvider: com.android.settings.deviceinfo.batteryinfo.BatteryInfoFragment$1@3fe3642 tried to add an empty non-indexable key
03-24 21:18:41.403   761   914 D InetDiagMessage: Destroyed 0 sockets, proto=IPPROTO_TCP, family=AF_INET6, states=14
03-24 21:18:41.408   761   914 D InetDiagMessage: Destroyed live tcp sockets for uids={10143} in 112ms
03-24 21:18:41.423   761   914 D InetDiagMessage: Destroyed 0 sockets, proto=IPPROTO_TCP, family=AF_INET, states=14
03-24 21:18:41.428  1258  3931 D PrefCtrlListHelper: Could not find Context-only controller for pref: com.android.settings.gestures.ButtonNavigationSettingsAssistController
03-24 21:18:41.429  1258  3931 D PrefCtrlListHelper: Could not find Context-only controller for pref: com.android.settings.gestures.ButtonNavigationSettingsAssistController
03-24 21:18:41.429  1258  3931 I ShadePanelsPreferenceController: Scene container is disabled
03-24 21:18:41.435   761   914 D InetDiagMessage: Destroyed 0 sockets, proto=IPPROTO_TCP, family=AF_INET6, states=14
03-24 21:18:41.435   761   914 D InetDiagMessage: Destroyed live tcp sockets for uids={20143} in 23ms
03-24 21:18:41.472  5090  5090 W libbinder.BackendUnifiedServiceManager: Thread Pool max thread count is 0. Cannot cache binder as linkToDeath cannot be implemented. serviceName: package
03-24 21:18:41.556  1258  3993 D PrefCtrlListHelper: Could not find Context-only controller for pref: com.android.settings.deviceinfo.DeviceNamePreferenceController
03-24 21:18:41.599  1017  1767 I HWUI    : Davey! duration=2400ms; Flags=0, FrameTimelineVsyncId=30530, IntendedVsync=1299049911666, Vsync=1300883244926, InputEventId=0, HandleInputStart=1300911971494, AnimationStart=1300911973107, PerformTraversalsStart=1300911973349, DrawStart=1300922793132, FrameDeadline=1299066578332, FrameStartTime=1300895392885, FrameInterval=16666666, WorkloadTarget=16666666, SyncQueued=1300960356235, SyncStart=1300961553184, IssueDrawCommandsStart=1300980424256, SwapBuffers=1301333601444, FrameCompleted=1301451919388, DequeueBufferDuration=23789, QueueBufferDuration=41471699, GpuCompleted=1301451339066, SwapBuffersCompleted=1301451919388, DisplayPresentTime=0, CommandSubmissionCompleted=1301333601444, 
03-24 21:18:41.610  1258  3993 D PrefCtrlListHelper: Could not find Context-only controller for pref: com.android.settings.deviceinfo.BrandedAccountPreferenceController
03-24 21:18:41.635  2427  2435 W .android.dialer: Suspending all threads took: 101.059ms
03-24 21:18:41.687  1258  3993 D PrefCtrlListHelper: Could not find Context-only controller for pref: com.android.settings.deviceinfo.PhoneNumberPreferenceController
03-24 21:18:41.688  1589  1876 I AiAiEcho: Predicting[0]:  [CONTEXT sampling_count=5 ]
03-24 21:18:41.690  1589  1876 I AiAiEcho: EchoTargets: 
03-24 21:18:41.690  1589  1876 I AiAiEcho: Filtered by AiAi flag check: 
03-24 21:18:41.690  1589  1876 I AiAiEcho: [CONTEXT ratelimit_period="10 SECONDS" ]
03-24 21:18:41.697  1258  3931 V SettingsSearchProvider: com.android.settings.system.ShadePanelsFragment$Companion$SEARCH_INDEX_DATA_PROVIDER$1@7d2fc89 tried to add an empty non-indexable key
03-24 21:18:41.713  1589  1876 I AiAiEcho: #remoteViewsTwiddler: feature disabled.
03-24 21:18:41.715  1589  1876 I AiAiEcho: Predicting[0]:  [CONTEXT sampling_count=5 ]
03-24 21:18:41.715  1589  1876 I AiAiEcho: EchoTargets: 
03-24 21:18:41.715  1589  1876 I AiAiEcho: Filtered by AiAi flag check: 
03-24 21:18:41.715  1589  1876 I AiAiEcho: [CONTEXT ratelimit_period="10 SECONDS" ]
03-24 21:18:41.727  1589  1876 I AiAiEcho: #remoteViewsTwiddler: feature disabled.
03-24 21:18:41.731  1258  3993 D PrefCtrlListHelper: Could not find Context-only controller for pref: com.google.android.settings.warranty.WarrantyPreferenceController
03-24 21:18:41.744  1258  3993 D PrefCtrlListHelper: Could not find Context-only controller for pref: com.android.settings.deviceinfo.simstatus.SimStatusPreferenceController
03-24 21:18:41.745  1258  3993 D PrefCtrlListHelper: Could not find Context-only controller for pref: com.android.settings.deviceinfo.HardwareInfoPreferenceController
03-24 21:18:41.745  1258  3993 D PrefCtrlListHelper: Could not find Context-only controller for pref: com.android.settings.deviceinfo.simstatus.SimEidPreferenceController
03-24 21:18:41.745  1258  3993 D PrefCtrlListHelper: Could not find Context-only controller for pref: com.android.settings.deviceinfo.imei.ImeiInfoPreferenceController
03-24 21:18:41.760  1589  1876 I AiAiEcho: #postPredictionTargets: Sending updates to UISurface lockscreen with targets# 0 (types=[])
03-24 21:18:41.772  1589  1876 I AiAiEcho: #postPredictionTargets: Sending updates to UISurface home with targets# 0 (types=[])
03-24 21:18:41.800  1258  3993 D PrefCtrlListHelper: Could not find Context-only controller for pref: com.android.settings.deviceinfo.firmwareversion.FirmwareVersionPreferenceController
03-24 21:18:41.802  1258  3993 D PrefCtrlListHelper: Could not find Context-only controller for pref: com.android.settings.deviceinfo.batteryinfo.BatteryInfoPreferenceController
03-24 21:18:41.811  1258  3931 D PrefCtrlListHelper: Could not find Context-only controller for pref: com.android.settings.inputmethod.ActionCornerCustomizationController
03-24 21:18:41.811  1258  3931 D PrefCtrlListHelper: Could not find Context-only controller for pref: com.android.settings.inputmethod.ActionCornerCustomizationController
03-24 21:18:41.811  1258  3993 D PrefCtrlListHelper: Could not find Context-only controller for pref: com.android.settings.deviceinfo.BuildNumberPreferenceController
03-24 21:18:41.812  1258  3993 W PrefCtrlListHelper: eid_info already has a controller
03-24 21:18:41.828  1258  3931 D PrefCtrlListHelper: Could not find Context-only controller for pref: com.android.settings.inputmethod.ActionCornerCustomizationController
03-24 21:18:41.828  1258  3931 D PrefCtrlListHelper: Could not find Context-only controller for pref: com.android.settings.inputmethod.ActionCornerCustomizationController
03-24 21:18:41.836  1258  3931 V SettingsSearchProvider: com.android.settings.inputmethod.ActionCornerFragment$1@60214af tried to add an empty non-indexable key
03-24 21:18:41.853  1166  1166 D SsBaseTemplateCard: Passed-in item info is null
03-24 21:18:41.855  1166  1166 D SsBaseTemplateCard: Passed-in item info is null
03-24 21:18:41.858  1166  1166 D SsBaseTemplateCard: Passed-in item info is null
03-24 21:18:41.859  1166  1166 D SsBaseTemplateCard: Passed-in item info is null
03-24 21:18:41.859  1166  1166 I SsBaseTemplateCard: Secondary card pane is null
03-24 21:18:41.890  1319  4629 I SQLiteConnection: Long db operation: /data/user/0/com.google.android.gms/databases/phenotype.db
03-24 21:18:41.923   761   904 I HalDevMgr: bestIfaceCreationProposal is null, requestIface=STA, existingIface=[name=wlan0 type=STA]
03-24 21:18:42.521  1258  3993 D PrefCtrlListHelper: Could not find Context-only controller for pref: com.android.settings.datausage.UnrestrictedDataAccessPreferenceController
03-24 21:18:42.673  1258  3993 D PrefCtrlListHelper: Could not find Context-only controller for pref: com.android.settings.applications.specialaccess.deviceadmin.DeviceAdminListPreferenceController
03-24 21:18:42.764   761   773 W system_server: Suspending all threads took: 137.132ms
03-24 21:18:43.141   761   761 W Looper  : Slow delivery took 486ms main app=system_server main=true group=FOREGROUND h=com.android.server.notification.NotificationManagerService$WorkerHandler c=com.android.server.notification.NotificationManagerService$NotificationListeners$1$$ExternalSyntheticLambda0@aa30975 m=0
03-24 21:18:43.161  1017  1152 W Looper  : Slow dispatch took 1562ms SysUiBg app=com.android.systemui main=false group=TOP_APP h=com.android.systemui.qs.tileimpl.QSTileImpl$H c=null m=5
03-24 21:18:43.197  1258  3993 D FaceSettings: FaceManager is null
03-24 21:18:43.216  1258  3993 D PrefCtrlListHelper: Could not find Context-only controller for pref: com.android.settings.applications.specialaccess.vrlistener.VrListenerScreenPreferenceController
03-24 21:18:43.267  1258  3993 D PrefCtrlListHelper: Could not find Context-only controller for pref: com.android.settings.security.CredentialManagementAppHeaderController
03-24 21:18:43.286  1258  3993 D PrefCtrlListHelper: Could not find Context-only controller for pref: com.android.settings.security.CredentialManagementAppButtonsController
03-24 21:18:43.310  1258  3993 D PrefCtrlListHelper: Could not find Context-only controller for pref: com.android.settings.security.CredentialManagementAppPolicyController
03-24 21:18:43.351  1017  1017 W SsPagerDots: Total number of pages invalid: 0. Assuming 1 page.
03-24 21:18:43.385  1017  1024 I ndroid.systemui: Background young concurrent mark compact GC freed 8740KB AllocSpace bytes, 2(40KB) LOS objects, 38% free, 31MB/51MB, paused 42.995ms,1.491s total 114.949s
03-24 21:18:43.611   761   761 W Looper  : Drained
03-24 21:18:43.618  1589  1876 I AiAiEcho: Predicting[0]:  [CONTEXT sampling_count=5 ]
03-24 21:18:43.618  1589  1876 I AiAiEcho: EchoTargets: 
03-24 21:18:43.618  1589  1876 I AiAiEcho: Filtered by AiAi flag check: 
03-24 21:18:43.618  1589  1876 I AiAiEcho: [CONTEXT ratelimit_period="10 SECONDS" ]
03-24 21:18:43.624  1589  1876 I AiAiEcho: #remoteViewsTwiddler: feature disabled.
03-24 21:18:43.630  1589  1876 I AiAiEcho: Predicting[0]:  [CONTEXT sampling_count=5 ]
03-24 21:18:43.631  1589  1876 I AiAiEcho: EchoTargets: 
03-24 21:18:43.631  1589  1876 I AiAiEcho: Filtered by AiAi flag check: 
03-24 21:18:43.631  1589  1876 I AiAiEcho: [CONTEXT ratelimit_period="10 SECONDS" ]
03-24 21:18:43.632  1589  1876 I AiAiEcho: #remoteViewsTwiddler: feature disabled.
03-24 21:18:43.640  1017  1047 I ndroid.systemui: WaitForGcToComplete blocked ProfileSaver on Background for 78.799s
03-24 21:18:43.647  1589  1876 I AiAiEcho: #postPredictionTargets: Sending updates to UISurface lockscreen with targets# 0 (types=[])
03-24 21:18:43.648  1258  3993 D PrefCtrlListHelper: Could not find Context-only controller for pref: com.android.settings.accessibility.HearingDeviceIntroPreferenceController
03-24 21:18:43.656  1258  3993 D PrefCtrlListHelper: Could not find Context-only controller for pref: com.android.settings.accessibility.AvailableHearingDevicePreferenceController
03-24 21:18:43.664  1258  3993 D PrefCtrlListHelper: Could not find Context-only controller for pref: com.android.settings.connecteddevice.AddDevicePreferenceController
03-24 21:18:43.664  1589  1876 I AiAiEcho: #postPredictionTargets: Sending updates to UISurface home with targets# 0 (types=[])
03-24 21:18:43.671  1258  3993 D PrefCtrlListHelper: Could not find Context-only controller for pref: com.android.settings.accessibility.SavedHearingDevicePreferenceController
03-24 21:18:43.671  1258  3993 D PrefCtrlListHelper: Could not find Context-only controller for pref: com.android.settings.accessibility.HearingAidAudioRoutingPreferenceController
03-24 21:18:43.676  1258  3993 D PrefCtrlListHelper: Could not find Context-only controller for pref: com.android.settings.accessibility.ToggleShortcutPreferenceController
03-24 21:18:43.676  2427  2435 W .android.dialer: Suspending all threads took: 9.889ms
03-24 21:18:43.680  1258  3993 D PrefCtrlListHelper: Could not find Context-only controller for pref: com.android.settings.accessibility.HearingAidCompatibilityPreferenceController
03-24 21:18:43.681  1258  3993 D PrefCtrlListHelper: Could not find Context-only controller for pref: com.android.settings.accessibility.HearingDeviceFooterPreferenceController
03-24 21:18:43.681  1258  3993 D PrefCtrlListHelper: Could not find Context-only controller for pref: com.android.settings.accessibility.HearingDevicesFeedbackButtonPreferenceController
03-24 21:18:43.684  1589  1876 I AiAiEcho: Predicting[0]:  [CONTEXT sampling_count=5 ]
03-24 21:18:43.684  1589  1876 I AiAiEcho: EchoTargets: 
03-24 21:18:43.684  1589  1876 I AiAiEcho: Filtered by AiAi flag check: 
03-24 21:18:43.684  1589  1876 I AiAiEcho: [CONTEXT ratelimit_period="10 SECONDS" ]
03-24 21:18:43.685  1589  1876 I AiAiEcho: #remoteViewsTwiddler: feature disabled.
03-24 21:18:43.686  1589  1876 I AiAiEcho: Predicting[0]:  [CONTEXT sampling_count=5 ]
03-24 21:18:43.698  1589  1876 I AiAiEcho: EchoTargets: 
03-24 21:18:43.698  1589  1876 I AiAiEcho: Filtered by AiAi flag check: 
03-24 21:18:43.698  1589  1876 I AiAiEcho: [CONTEXT ratelimit_period="10 SECONDS" ]
03-24 21:18:43.713  1166  1166 D SsBaseTemplateCard: Passed-in item info is null
03-24 21:18:43.714  1166  1166 D SsBaseTemplateCard: Passed-in item info is null
03-24 21:18:43.714  1166  1166 D SsBaseTemplateCard: Passed-in item info is null
03-24 21:18:43.714  1258  3993 D PrefCtrlListHelper: Could not find Context-only controller for pref: com.android.settings.gestures.TapScreenGesturePreferenceController
03-24 21:18:43.714  1166  1166 D SsBaseTemplateCard: Passed-in item info is null
03-24 21:18:43.714  1166  1166 I SsBaseTemplateCard: Secondary card pane is null
03-24 21:18:43.715  1589  1876 I AiAiEcho: #remoteViewsTwiddler: feature disabled.
03-24 21:18:43.717  1589  1876 I AiAiEcho: #postPredictionTargets: Sending updates to UISurface lockscreen with targets# 0 (types=[])
03-24 21:18:43.724  1589  1876 I AiAiEcho: #postPredictionTargets: Sending updates to UISurface home with targets# 0 (types=[])
03-24 21:18:43.752  1017  1152 W Looper  : Drained
03-24 21:18:43.773  1017  1017 W SsPagerDots: Total number of pages invalid: 0. Assuming 1 page.
03-24 21:18:43.774  1017  1017 W SsPagerDots: Total number of pages invalid: 0. Assuming 1 page.
03-24 21:18:43.776  1166  1166 D SsBaseTemplateCard: Passed-in item info is null
03-24 21:18:43.776  1166  1166 D SsBaseTemplateCard: Passed-in item info is null
03-24 21:18:43.776  1166  1166 D SsBaseTemplateCard: Passed-in item info is null
03-24 21:18:43.776  1166  1166 D SsBaseTemplateCard: Passed-in item info is null
03-24 21:18:43.776  1166  1166 I SsBaseTemplateCard: Secondary card pane is null
03-24 21:18:43.850  1258  3993 D PrefCtrlListHelper: Could not find Context-only controller for pref: com.android.settings.applications.specialaccess.interactacrossprofiles.InteractAcrossProfilesController
03-24 21:18:43.926  1258  3993 D PrefCtrlListHelper: Could not find Context-only controller for pref: com.android.settings.privacy.AccessibilityUsagePreferenceController
03-24 21:18:43.949  1258  3993 D PrefCtrlListHelper: Could not find Context-only controller for pref: com.android.settings.notification.LockScreenNotificationsPreferencePageController
03-24 21:18:43.956  1258  3993 D PrefCtrlListHelper: Could not find Context-only controller for pref: com.android.settings.sound.MediaControlsLockScreenPreferenceController
03-24 21:18:43.957  1258  3993 D PrefCtrlListHelper: Could not find Context-only controller for pref: com.android.settings.privacy.CameraExtensionsFallbackPreferenceController
03-24 21:18:43.966  1258  3993 D PrefCtrlListHelper: Could not find Context-only controller for pref: com.android.settings.privacy.EnableContentCapturePreferenceController
03-24 21:18:43.968  1258  3993 D PrefCtrlListHelper: Could not find Context-only controller for pref: com.android.settings.privacy.EnableContentCaptureWithServiceSettingsPreferenceController
03-24 21:18:43.969  1258  3993 D PrefCtrlListHelper: Could not find Context-only controller for pref: com.android.settings.network.CellularSecurityPreferenceController
03-24 21:18:43.986  1258  3993 D PrefCtrlListHelper: Could not find Context-only controller for pref: com.android.settings.security.ContentProtectionPreferenceController
03-24 21:18:43.996  1258  3993 D PrefCtrlListHelper: Could not find Context-only controller for pref: com.android.settings.enterprise.ManageDeviceAdminPreferenceController
03-24 21:18:44.002  1258  3993 D PrefCtrlListHelper: Could not find Context-only controller for pref: com.android.settings.enterprise.EnterprisePrivacyPreferenceController
03-24 21:18:44.003  1258  3993 D PrefCtrlListHelper: Could not find Context-only controller for pref: com.android.settings.enterprise.FinancedPrivacyPreferenceController
03-24 21:18:44.008  1258  3993 D PrefCtrlListHelper: Could not find Context-only controller for pref: com.android.settings.devicelock.DeviceLockPreferenceController
03-24 21:18:44.022  1258  3993 D PrefCtrlListHelper: Could not find Context-only controller for pref: com.android.settings.security.SimLockPreferenceController
03-24 21:18:44.025  1258  3993 D PrefCtrlListHelper: Could not find Context-only controller for pref: com.android.settings.security.EncryptionStatusPreferenceController
03-24 21:18:44.030  1258  3993 D PrefCtrlListHelper: Could not find Context-only controller for pref: com.android.settings.security.trustagent.ManageTrustAgentsPreferenceController
03-24 21:18:44.030  1258  3993 D PrefCtrlListHelper: Could not find Context-only controller for pref: com.android.settings.security.ScreenPinningPreferenceController
03-24 21:18:44.030  1258  3993 D PrefCtrlListHelper: Could not find Context-only controller for pref: com.android.settings.security.MemtagPagePreferenceController
03-24 21:18:44.078  1164  1299 D SatelliteController: iisInCarrierRoamingNbIotNtn: satellite is disabled
03-24 21:18:44.186  1164  1299 D SatelliteController: getCarrierRoamingNtnConnectType: Falling back to global carrier config connect type: 0
03-24 21:18:44.311  1258  3931 V OnDeviceRecognitionPreferenceController: Recognition service in the same package as the default on-device recognizer with settings activity: com.google.android.as/com.google.android.apps.miphone.aiai.speech.languagepacks.settings.ui.SettingsActivity.
03-24 21:18:44.311  1258  3931 V OnDeviceRecognitionPreferenceController: Recognition service not in the same package as the default on-device recognizer: com.google.android.tts/com.google.android.apps.speech.tts.googletts.service.GoogleTTSRecognitionService.
03-24 21:18:44.354  1258  3931 D PrefCtrlListHelper: Could not find Context-only controller for pref: com.android.settings.language.PhoneLanguagePreferenceController
03-24 21:18:44.368   761  1734 W FastPrintWriter: Write failure
03-24 21:18:44.368   761  1734 W FastPrintWriter: java.io.IOException: write failed: EPIPE (Broken pipe)
03-24 21:18:44.368   761  1734 W FastPrintWriter: 	at libcore.io.IoBridge.write(IoBridge.java:651)
03-24 21:18:44.368   761  1734 W FastPrintWriter: 	at java.io.FileOutputStream.write(FileOutputStream.java:436)
03-24 21:18:44.368   761  1734 W FastPrintWriter: 	at com.android.internal.util.FastPrintWriter.flushBytesLocked(FastPrintWriter.java:355)
03-24 21:18:44.368   761  1734 W FastPrintWriter: 	at com.android.internal.util.FastPrintWriter.flushLocked(FastPrintWriter.java:378)
03-24 21:18:44.368   761  1734 W FastPrintWriter: 	at com.android.internal.util.FastPrintWriter.appendLocked(FastPrintWriter.java:323)
03-24 21:18:44.368   761  1734 W FastPrintWriter: 	at com.android.internal.util.FastPrintWriter.print(FastPrintWriter.java:500)
03-24 21:18:44.368   761  1734 W FastPrintWriter: 	at com.android.server.pm.permission.LegacyPermission.dump(LegacyPermission.java:216)
03-24 21:18:44.368   761  1734 W FastPrintWriter: 	at com.android.server.pm.permission.LegacyPermissionSettings.dumpPermissions(LegacyPermissionSettings.java:157)
03-24 21:18:44.368   761  1734 W FastPrintWriter: 	at com.android.server.pm.Settings.dumpPermissions(Settings.java:5831)
03-24 21:18:44.368   761  1734 W FastPrintWriter: 	at com.android.server.pm.ComputerEngine$Settings.dumpPermissions(ComputerEngine.java:346)
03-24 21:18:44.368   761  1734 W FastPrintWriter: 	at com.android.server.pm.ComputerEngine.dumpPermissions(ComputerEngine.java:5851)
03-24 21:18:44.368   761  1734 W FastPrintWriter: 	at com.android.server.pm.DumpHelper.doDump(DumpHelper.java:444)
03-24 21:18:44.368   761  1734 W FastPrintWriter: 	at com.android.server.pm.PackageManagerService$IPackageManagerImpl.dump(PackageManagerService.java:6759)
03-24 21:18:44.368   761  1734 W FastPrintWriter: 	at android.os.Binder.doDump(Binder.java:1104)
03-24 21:18:44.368   761  1734 W FastPrintWriter: 	at android.os.Binder.dump(Binder.java:1094)
03-24 21:18:44.368   761  1734 W FastPrintWriter: 	at android.os.Binder.onTransact(Binder.java:940)
03-24 21:18:44.368   761  1734 W FastPrintWriter: 	at android.content.pm.IPackageManager$Stub.onTransact(IPackageManager.java:4666)
03-24 21:18:44.368   761  1734 W FastPrintWriter: 	at com.android.server.pm.PackageManagerService$IPackageManagerImpl.onTransact(PackageManagerService.java:6705)
03-24 21:18:44.368   761  1734 W FastPrintWriter: 	at android.os.Binder.execTransactInternal(Binder.java:1478)
03-24 21:18:44.368   761  1734 W FastPrintWriter: 	at android.os.Binder.execTransact(Binder.java:1418)
03-24 21:18:44.368   761  1734 W FastPrintWriter: Caused by: android.system.ErrnoException: write failed: EPIPE (Broken pipe)
03-24 21:18:44.368   761  1734 W FastPrintWriter: 	at libcore.io.Linux.writeBytes(Native Method)
03-24 21:18:44.368   761  1734 W FastPrintWriter: 	at libcore.io.Linux.write(Linux.java:338)
03-24 21:18:44.368   761  1734 W FastPrintWriter: 	at libcore.io.ForwardingOs.write(ForwardingOs.java:954)
03-24 21:18:44.368   761  1734 W FastPrintWriter: 	at libcore.io.BlockGuardOs.write(BlockGuardOs.java:448)
03-24 21:18:44.368   761  1734 W FastPrintWriter: 	at libcore.io.IoBridge.write(IoBridge.java:646)
03-24 21:18:44.368   761  1734 W FastPrintWriter: 	... 19 more
03-24 21:18:44.512  1319  4344 W GCM     : Invalid id-token:
03-24 21:18:44.525  1258  3931 D PrefCtrlListHelper: Could not find Context-only controller for pref: com.android.settings.applications.appinfo.AppsLocalePreferenceController
03-24 21:18:44.526  1258  3931 D PrefCtrlListHelper: Could not find Context-only controller for pref: com.android.settings.regionalpreferences.RegionalPreferencesController
03-24 21:18:44.526  1258  3931 D PrefCtrlListHelper: Could not find Context-only controller for pref: com.android.settings.language.OnDeviceRecognitionPreferenceController
03-24 21:18:44.526  1258  3931 W PrefCtrlListHelper: on_device_recognition_settings already has a controller
03-24 21:18:44.536  1258  3931 D PrefCtrlListHelper: Could not find Context-only controller for pref: com.android.settings.inputmethod.PointerStrokePreferenceController
03-24 21:18:44.537  1258  3931 D PrefCtrlListHelper: Could not find Context-only controller for pref: com.android.settings.inputmethod.PointerStrokePreferenceController
03-24 21:18:44.537  1258  3931 D PrefCtrlListHelper: Could not find Context-only controller for pref: com.android.settings.inputmethod.PointerStrokePreferenceController
03-24 21:18:44.569  1258  3931 D PrefCtrlListHelper: Could not find Context-only controller for pref: com.android.settings.accessibility.HearingDeviceRingtoneRoutingPreferenceController
03-24 21:18:44.590  1319  4344 W GCM     : Invalid id-token:
03-24 21:18:44.620  1258  3931 D PrefCtrlListHelper: Could not find Context-only controller for pref: com.android.settings.accessibility.HearingDeviceCallRoutingPreferenceController
03-24 21:18:44.620  1258  3931 D PrefCtrlListHelper: Could not find Context-only controller for pref: com.android.settings.accessibility.HearingDeviceNotificationRoutingPreferenceController
03-24 21:18:44.680  1258  3931 D PrefCtrlListHelper: Could not find Context-only controller for pref: com.android.settings.bluetooth.BluetoothDetailsAudioRoutingFooterPreferenceController
03-24 21:18:44.706  1854  5093 E constellation: [event_manager] Couldn't get GCM token: 
03-24 21:18:44.706  1854  5093 E constellation: java.io.IOException: AUTHENTICATION_FAILED
03-24 21:18:44.706  1854  5093 E constellation: 	at cimk.f(:com.google.android.gms@261133038@26.11.33 (260800-887465546):31)
03-24 21:18:44.706  1854  5093 E constellation: 	at cilt.e(:com.google.android.gms@261133038@26.11.33 (260800-887465546):68)
03-24 21:18:44.706  1854  5093 E constellation: 	at cilt.d(:com.google.android.gms@261133038@26.11.33 (260800-887465546):77)
03-24 21:18:44.706  1854  5093 E constellation: 	at cilt.c(:com.google.android.gms@261133038@26.11.33 (260800-887465546):2)
03-24 21:18:44.706  1854  5093 E constellation: 	at com.google.android.gms.constellation.EventManager.b(:com.google.android.gms@261133038@26.11.33 (260800-887465546):15)
03-24 21:18:44.706  1854  5093 E constellation: 	at com.google.android.gms.constellation.EventManager.c(:com.google.android.gms@261133038@26.11.33 (260800-887465546):59)
03-24 21:18:44.706  1854  5093 E constellation: 	at com.google.android.gms.constellation.EventManager.onHandleIntent(:com.google.android.gms@261133038@26.11.33 (260800-887465546):244)
03-24 21:18:44.706  1854  5093 E constellation: 	at com.google.android.chimera.IntentOperation.onHandleIntent(:com.google.android.gms@261133038@26.11.33 (260800-887465546):1)
03-24 21:18:44.706  1854  5093 E constellation: 	at bcff.onHandleIntent(:com.google.android.gms@261133038@26.11.33 (260800-887465546):84)
03-24 21:18:44.706  1854  5093 E constellation: 	at aaur.run(:com.google.android.gms@261133038@26.11.33 (260800-887465546):64)
03-24 21:18:44.706  1854  5093 E constellation: 	at aauq.run(:com.google.android.gms@261133038@26.11.33 (260800-887465546):132)
03-24 21:18:44.706  1854  5093 E constellation: 	at gxmc.run(:com.google.android.gms@261133038@26.11.33 (260800-887465546):19)
03-24 21:18:44.706  1854  5093 E constellation: 	at java.util.concurrent.ThreadPoolExecutor.runWorker(ThreadPoolExecutor.java:1154)
03-24 21:18:44.706  1854  5093 E constellation: 	at java.util.concurrent.ThreadPoolExecutor$Worker.run(ThreadPoolExecutor.java:652)
03-24 21:18:44.706  1854  5093 E constellation: 	at java.lang.Thread.run(Thread.java:1563)
03-24 21:18:44.725  1258  3931 V SettingsSearchProvider: com.android.settings.accessibility.AccessibilityAudioRoutingFragment$1@c969616 tried to add an empty non-indexable key
03-24 21:18:44.725  1258  3931 D PrefCtrlListHelper: Could not find Context-only controller for pref: com.android.settings.applications.specialaccess.interactacrossprofiles.InteractAcrossProfilesController
03-24 21:18:44.725  1258  3931 W PrefCtrlListHelper: Controller requires key but it's not defined in xml: com.android.settings.applications.specialaccess.interactacrossprofiles.InteractAcrossProfilesController
03-24 21:18:44.761  1258  3931 D PrefCtrlListHelper: Could not find Context-only controller for pref: com.android.settings.regionalpreferences.MeasurementSystemItemCategoryController
03-24 21:18:44.888  1854  1854 D BoundBrokerSvc: onBind: Intent { act=com.google.android.gms.common.BIND_SHARED_PREFS xflg=0x4 pkg=com.google.android.gms }
03-24 21:18:44.888  1854  1854 D BoundBrokerSvc: Loading bound service for intent: Intent { act=com.google.android.gms.common.BIND_SHARED_PREFS xflg=0x4 pkg=com.google.android.gms }
03-24 21:18:44.893  1872  1880 I artd    : GetBestInfo: odex next to the dex file (/data/app/~~WEw-qEWCHlUZbloVSQpK4Q==/com.google.android.gms-zScGdJoN6j6usFjBF8E2Dg==/oat/x86_64/base.odex) is kOatUpToDate with filter 'speed-profile' executable 'false'
03-24 21:18:44.979  1872  1880 I artd    : GetBestInfo: odex next to the dex file (/data/app/~~WEw-qEWCHlUZbloVSQpK4Q==/com.google.android.gms-zScGdJoN6j6usFjBF8E2Dg==/oat/x86_64/split_AdsDynamite_installtime.odex) is kOatUpToDate with filter 'speed' executable 'false'
03-24 21:18:45.069  1258  3931 D PrefControllerMixin: shouldHidePreference():true
03-24 21:18:45.095   761   904 I HalDevMgr: bestIfaceCreationProposal is null, requestIface=STA, existingIface=[name=wlan0 type=STA]
03-24 21:18:45.124  1258  3931 D WifiTetherMaximizeCompatibilityPref: mShouldHidePreference:true
03-24 21:18:45.170  1872  1881 I artd    : GetBestInfo: odex next to the dex file (/data/app/~~WEw-qEWCHlUZbloVSQpK4Q==/com.google.android.gms-zScGdJoN6j6usFjBF8E2Dg==/oat/x86_64/split_CronetDynamite_installtime.odex) is kOatUpToDate with filter 'speed' executable 'false'
03-24 21:18:45.368  1872  1881 I artd    : GetBestInfo: odex next to the dex file (/data/app/~~WEw-qEWCHlUZbloVSQpK4Q==/com.google.android.gms-zScGdJoN6j6usFjBF8E2Dg==/oat/x86_64/split_DynamiteLoader_installtime.odex) is kOatUpToDate with filter 'speed' executable 'false'
03-24 21:18:45.424  1872  1880 I artd    : GetBestInfo: odex next to the dex file (/data/app/~~WEw-qEWCHlUZbloVSQpK4Q==/com.google.android.gms-zScGdJoN6j6usFjBF8E2Dg==/oat/x86_64/split_DynamiteModulesA_installtime.odex) is kOatUpToDate with filter 'speed' executable 'false'
03-24 21:18:45.597  1872  1880 I artd    : GetBestInfo: odex next to the dex file (/data/app/~~WEw-qEWCHlUZbloVSQpK4Q==/com.google.android.gms-zScGdJoN6j6usFjBF8E2Dg==/oat/x86_64/split_DynamiteModulesC_installtime.odex) is kOatUpToDate with filter 'speed' executable 'false'
03-24 21:18:45.599  1319  1319 D BoundBrokerSvc: onRebind: Intent { act=com.google.android.gms.auth.aang.events.services.START dat=chimera-action:/... xflg=0x4 cmp=com.google.android.gms/.chimera.PersistentApiService }
03-24 21:18:45.766  1872  1880 I artd    : GetBestInfo: odex next to the dex file (/data/app/~~WEw-qEWCHlUZbloVSQpK4Q==/com.google.android.gms-zScGdJoN6j6usFjBF8E2Dg==/oat/x86_64/split_GoogleCertificates_installtime.odex) is kOatUpToDate with filter 'speed' executable 'false'
03-24 21:18:45.894  1872  1880 I artd    : GetBestInfo: odex next to the dex file (/data/app/~~WEw-qEWCHlUZbloVSQpK4Q==/com.google.android.gms-zScGdJoN6j6usFjBF8E2Dg==/oat/x86_64/split_MapsDynamite_installtime.odex) is kOatUpToDate with filter 'speed' executable 'false'
03-24 21:18:45.930  1258  3931 D PrefCtrlListHelper: Could not find Context-only controller for pref: com.android.settings.network.BluetoothWiFiResetPreferenceController
03-24 21:18:45.932  1872  1880 I artd    : GetBestInfo: odex next to the dex file (/data/app/~~WEw-qEWCHlUZbloVSQpK4Q==/com.google.android.gms-zScGdJoN6j6usFjBF8E2Dg==/oat/x86_64/split_MeasurementDynamite_installtime.odex) is kOatUpToDate with filter 'speed' executable 'false'
03-24 21:18:45.973  1872  1880 I artd    : GetBestInfo: odex next to the dex file (/data/app/~~WEw-qEWCHlUZbloVSQpK4Q==/com.google.android.gms-zScGdJoN6j6usFjBF8E2Dg==/oat/x86_64/split_all_locale_splits.odex) is kOatUpToDate with filter 'speed' executable 'false'
03-24 21:18:46.415   761   863 D ActivityManager: freezing 3618 com.google.android.configupdater
03-24 21:18:46.421  1872  1880 I artd    : GetBestInfo: /data/user_de/0/com.google.android.gms/app_chimera/m/0000000a/dl-TfliteDynamiteDynamite.integ_252130102100800.apk has no usable artifacts
03-24 21:18:46.442  1872  1880 I artd    : GetBestInfo: /data/user_de/0/com.google.android.gms/app_chimera/m/00000001/CronetDynamite.apk has no usable artifacts
03-24 21:18:46.445  1258  3931 D PrefCtrlListHelper: Could not find Context-only controller for pref: com.android.settings.network.EraseEuiccDataController
03-24 21:18:46.460  1872  1880 I artd    : GetBestInfo: /data/user_de/0/com.google.android.gms/app_chimera/m/00000002/DynamiteLoader.apk has no usable artifacts
03-24 21:18:46.473  1872  1880 I artd    : GetBestInfo: /data/user_de/0/com.google.android.gms/app_chimera/m/00000005/GoogleCertificates.apk has no usable artifacts
03-24 21:18:46.502  1872  1880 I artd    : GetBestInfo: /data/user_de/0/com.google.android.gms/app_chimera/m/0000000f/dl-MlkitOcrCommon.optional_261133100800.apk has no usable artifacts
03-24 21:18:46.542  1872  1880 I artd    : GetBestInfo: /data/user_de/0/com.google.android.gms/app_chimera/m/0000000d/dl-MlkitBarcodeUi.optional_261133100800.apk has no usable artifacts
03-24 21:18:46.565   761   914 D InetDiagMessage: Destroyed 0 sockets, proto=IPPROTO_TCP, family=AF_INET, states=14
03-24 21:18:46.570   761   914 D InetDiagMessage: Destroyed 0 sockets, proto=IPPROTO_TCP, family=AF_INET6, states=14
03-24 21:18:46.584   761   914 D InetDiagMessage: Destroyed live tcp sockets for uids={10143} in 46ms
03-24 21:18:46.628  1872  1880 I artd    : GetBestInfo: vdex next to the dex file (/data/user/0/com.google.android.gms/app_dg_cache/E054CA794C125F959C88D4849C82AB3F226237E6/oat/x86_64/the.vdex) is kOatUpToDate with filter 'verify' executable 'false'
03-24 21:18:46.677  1872  1881 I artd    : GetBestInfo: /data/user_de/0/com.google.android.gms/app_chimera/m/00000007/MeasurementDynamite.apk has no usable artifacts
03-24 21:18:46.692  1872  1880 I artd    : GetBestInfo: /data/user_de/0/com.google.android.gms/app_chimera/m/0000000b/dl-VisionOcr.optional_261133100000.apk has no usable artifacts
03-24 21:18:46.701  1258  3931 D PrefCtrlListHelper: Could not find Context-only controller for pref: com.android.settings.privatespace.delete.ResetOptionsDeletePrivateSpaceController
03-24 21:18:46.730  1872  1881 I artd    : GetBestInfo: /data/user_de/0/com.google.android.gms/app_chimera/m/0000000c/dl-Appsearch.optional_261133100800.apk has no usable artifacts
03-24 21:18:46.742   761   793 I ActivityManager: Extending process start timeout by 5600ms for ProcessRecord{39e8036 5065:com.vdigital.volumestream/u0a227}
03-24 21:18:46.745  1258  3931 D PrefCtrlListHelper: Could not find Context-only controller for pref: com.android.settings.system.FactoryResetPreferenceController
03-24 21:18:46.755  1258  3931 D PrefCtrlListHelper: Could not find Context-only controller for pref: com.android.settings.system.FactoryResetDemoUserPreferenceController
03-24 21:18:46.799  1319  4629 W libbinder.IPCThreadState: Sending oneway calls to frozen process.
03-24 21:18:46.870  1872  1880 I artd    : GetBestInfo: /data/user/0/com.google.android.gms/app_dg_cache/0B5F21648920603C6816E0B76773EED17E15FB77/the.apk has no usable artifacts
03-24 21:18:46.929   761  1734 W libbinder.Binder: Binder transaction to android.content.pm.IPackageManager code 1598311760 took 5433ms. Data bytes: 80 Reply bytes: 4 Flags: 16
03-24 21:18:47.113  1319  4425 I SQLiteConnection: Long db operation: /data/user/0/com.google.android.gms/databases/phenotype.db
03-24 21:18:47.360  1258  3931 D PrefCtrlListHelper: Could not find Context-only controller for pref: com.android.settings.network.telephony.MobileNetworkSwitchController
03-24 21:18:47.385  1258  3931 D PrefCtrlListHelper: Could not find Context-only controller for pref: com.android.settings.network.telephony.DisabledSubscriptionController
03-24 21:18:47.400  1258  3931 D PrefCtrlListHelper: Could not find Context-only controller for pref: com.android.settings.network.telephony.CallsDefaultSubscriptionController
03-24 21:18:47.405  1017  1152 W Looper  : Slow dispatch took 3400ms SysUiBg app=com.android.systemui main=false group=TOP_APP h=com.android.systemui.qs.tileimpl.QSTileImpl$H c=null m=5
03-24 21:18:47.409  1258  3931 D PrefCtrlListHelper: Could not find Context-only controller for pref: com.android.settings.network.telephony.SmsDefaultSubscriptionController
03-24 21:18:47.410  1258  3931 D PrefCtrlListHelper: Could not find Context-only controller for pref: com.android.settings.network.telephony.MobileNetworkSpnPreferenceController
03-24 21:18:47.441  1258  3931 D PrefCtrlListHelper: Could not find Context-only controller for pref: com.android.settings.network.telephony.MobileNetworkPhoneNumberPreferenceController
03-24 21:18:47.441  1017  1395 W Looper  : Slow dispatch took 3993ms NotifInflation app=com.android.systemui main=false group=TOP_APP h=android.os.Handler c=android.os.AsyncTask$4@c001594[Completed normally] m=0
03-24 21:18:47.472  1258  3931 D PrefCtrlListHelper: Could not find Context-only controller for pref: com.android.settings.network.telephony.DataServiceSetupPreferenceController
03-24 21:18:47.484  1258  3931 D PrefCtrlListHelper: Could not find Context-only controller for pref: com.android.settings.network.telephony.MobileDataPreferenceController
03-24 21:18:47.484  1258  3931 D PrefCtrlListHelper: Could not find Context-only controller for pref: com.android.settings.network.telephony.AutoDataSwitchPreferenceController
03-24 21:18:47.485  1258  3931 D PrefCtrlListHelper: Could not find Context-only controller for pref: com.android.settings.network.telephony.RoamingPreferenceController
03-24 21:18:47.486  1258  3931 D PrefCtrlListHelper: Could not find Context-only controller for pref: com.android.settings.network.telephony.DataUsagePreferenceController
03-24 21:18:47.486  1258  3931 D PrefCtrlListHelper: Could not find Context-only controller for pref: com.android.settings.datausage.BillingCyclePreferenceController
03-24 21:18:47.487  1258  3931 D PrefCtrlListHelper: Could not find Context-only controller for pref: com.android.settings.network.CarrierWifiTogglePreferenceController
03-24 21:18:47.487  1258  3931 D PrefCtrlListHelper: Could not find Context-only controller for pref: com.android.settings.network.telephony.MmsMessagePreferenceController
03-24 21:18:47.504  1258  3931 D PrefCtrlListHelper: Could not find Context-only controller for pref: com.android.settings.network.telephony.Enhanced4gLtePreferenceController
03-24 21:18:47.513  1258  3931 D PrefCtrlListHelper: Could not find Context-only controller for pref: com.android.settings.network.telephony.Enhanced4gCallingPreferenceController
03-24 21:18:47.519  1258  3931 D PrefCtrlListHelper: Could not find Context-only controller for pref: com.android.settings.network.telephony.Enhanced4gAdvancedCallingPreferenceController
03-24 21:18:47.568  1258  3931 D PrefCtrlListHelper: Could not find Context-only controller for pref: com.android.settings.network.telephony.ContactDiscoveryPreferenceController
03-24 21:18:47.572  1258  3931 D PrefCtrlListHelper: Could not find Context-only controller for pref: com.android.settings.network.telephony.PreferredNetworkModePreferenceController
03-24 21:18:47.573  1258  3931 D PrefCtrlListHelper: Could not find Context-only controller for pref: com.android.settings.network.telephony.EnabledNetworkModePreferenceController
03-24 21:18:47.573  1258  3931 D PrefCtrlListHelper: Could not find Context-only controller for pref: com.android.settings.network.telephony.CarrierSettingsVersionPreferenceController
03-24 21:18:47.574  1258  3931 D PrefCtrlListHelper: Could not find Context-only controller for pref: com.google.android.settings.network.telephony.SpeedBoostPreferenceController
03-24 21:18:47.575  1258  3931 D PrefCtrlListHelper: Could not find Context-only controller for pref: com.google.android.settings.network.telephony.XfinitySpeedBoostPreferenceController
03-24 21:18:47.575  1258  3931 D PrefCtrlListHelper: Could not find Context-only controller for pref: com.android.settings.network.telephony.MobileNetworkImeiPreferenceController
03-24 21:18:47.576  1258  3931 D PrefCtrlListHelper: Could not find Context-only controller for pref: com.android.settings.network.telephony.satellite.SatelliteSettingsPreferenceCategoryController
03-24 21:18:47.576  1258  3931 D PrefCtrlListHelper: Could not find Context-only controller for pref: com.android.settings.network.telephony.satellite.SatelliteSettingPreferenceController
03-24 21:18:47.609  1854  5093 W constellation: [gaia_util] No accounts found on device
03-24 21:18:47.799   761  1734 W AppOps  : Noting op not finished: uid 10155 pkg com.google.android.gms code 113 startTime of in progress event=1774378749957
03-24 21:18:47.813  1258  3931 D PrefCtrlListHelper: Could not find Context-only controller for pref: com.google.android.settings.network.telephony.satellite.SatelliteSettingSosPreferenceController
03-24 21:18:47.814  1258  3931 D PrefCtrlListHelper: Could not find Context-only controller for pref: com.android.settings.network.telephony.CallingPreferenceCategoryController
03-24 21:18:47.815  1258  3931 D PrefCtrlListHelper: Could not find Context-only controller for pref: com.android.settings.network.telephony.WifiCallingPreferenceController
03-24 21:18:47.815  1258  3931 D PrefCtrlListHelper: Could not find Context-only controller for pref: com.android.settings.network.telephony.VideoCallingPreferenceController
03-24 21:18:47.816  1258  3931 D PrefCtrlListHelper: Could not find Context-only controller for pref: com.android.settings.network.telephony.cdma.CdmaSystemSelectPreferenceController
03-24 21:18:47.816  1258  3931 D PrefCtrlListHelper: Could not find Context-only controller for pref: com.android.settings.network.telephony.cdma.CdmaSubscriptionPreferenceController
03-24 21:18:47.816  1258  3931 D PrefCtrlListHelper: Could not find Context-only controller for pref: com.android.settings.network.telephony.NetworkPreferenceCategoryController
03-24 21:18:47.817  1258  3931 D PrefCtrlListHelper: Could not find Context-only controller for pref: com.android.settings.network.telephony.gsm.AutoSelectPreferenceController
03-24 21:18:47.818  1258  3931 D PrefCtrlListHelper: Could not find Context-only controller for pref: com.android.settings.network.telephony.gsm.OpenNetworkSelectPagePreferenceController
03-24 21:18:47.818  1258  3931 D PrefCtrlListHelper: Could not find Context-only controller for pref: com.android.settings.network.telephony.ApnPreferenceController
03-24 21:18:47.818  1258  3931 D PrefCtrlListHelper: Could not find Context-only controller for pref: com.android.settings.network.telephony.CarrierPreferenceController
03-24 21:18:47.818  1258  3931 D PrefCtrlListHelper: Could not find Context-only controller for pref: com.android.settings.network.telephony.Enable2gPreferenceController
03-24 21:18:47.819  1258  3931 D PrefCtrlListHelper: Could not find Context-only controller for pref: com.android.settings.network.telephony.NullAlgorithmsPreferenceController
03-24 21:18:47.819  1258  3931 D PrefCtrlListHelper: Could not find Context-only controller for pref: com.android.settings.network.telephony.NrAdvancedCallingPreferenceController
03-24 21:18:47.820  1258  3931 D PrefCtrlListHelper: Could not find Context-only controller for pref: com.android.settings.network.telephony.ConvertToEsimPreferenceController
03-24 21:18:47.821  1258  3931 D PrefCtrlListHelper: Could not find Context-only controller for pref: com.android.settings.network.telephony.TransferEsimPreferenceController
03-24 21:18:47.821  1258  3931 D PrefCtrlListHelper: Could not find Context-only controller for pref: com.android.settings.network.telephony.DeleteSimProfilePreferenceController
03-24 21:18:47.821  1258  3931 D PrefCtrlListHelper: Could not find Context-only controller for pref: com.android.settings.network.telephony.DisableSimFooterPreferenceController
03-24 21:18:47.821  1258  3931 D PrefCtrlListHelper: Could not find Context-only controller for pref: com.android.settings.network.telephony.NrDisabledInDsdsFooterPreferenceController
03-24 21:18:47.842  1258  3993 D PrefCtrlListHelper: Could not find Context-only controller for pref: com.android.settings.notification.SummarizationPreferenceController
03-24 21:18:47.872  1258  3993 D PrefCtrlListHelper: Could not find Context-only controller for pref: com.android.settings.notification.BundlePreferenceController
03-24 21:18:47.873  1258  3993 D PrefCtrlListHelper: Could not find Context-only controller for pref: com.android.settings.notification.ConversationListSummaryPreferenceController
03-24 21:18:47.873  1258  3993 D PrefCtrlListHelper: Could not find Context-only controller for pref: com.android.settings.notification.BubbleSummaryNotificationPreferenceController
03-24 21:18:47.873  1258  3993 D PrefCtrlListHelper: Could not find Context-only controller for pref: com.android.settings.applications.specialaccess.notificationaccess.NotificationAccessController
03-24 21:18:47.874  1258  3993 D PrefCtrlListHelper: Could not find Context-only controller for pref: com.android.settings.notification.LockScreenNotificationsPreferencePageController
03-24 21:18:47.874  1258  3993 D PrefCtrlListHelper: Could not find Context-only controller for pref: com.android.settings.notification.RedactNotificationPreferenceController
03-24 21:18:47.876  1258  3993 D PrefCtrlListHelper: Could not find Context-only controller for pref: com.android.settings.notification.RedactNotificationPreferenceController
03-24 21:18:47.876  1258  3993 D PrefCtrlListHelper: Could not find Context-only controller for pref: com.android.settings.biometrics.face.FaceSettingsLockscreenBypassPreferenceController
03-24 21:18:47.902  1258  3993 D PrefCtrlListHelper: Could not find Context-only controller for pref: com.android.settings.notification.syncacrossdevices.SyncAcrossDevicesPreferenceController
03-24 21:18:47.928  1258  3993 D PrefCtrlListHelper: Could not find Context-only controller for pref: com.android.settings.notification.PoliteNotificationsPreferenceController
03-24 21:18:47.928  1258  3993 D PrefCtrlListHelper: Could not find Context-only controller for pref: com.android.settings.notification.LockscreenNotificationMinimalismPreferenceController
03-24 21:18:47.928  1258  3993 D PrefCtrlListHelper: Could not find Context-only controller for pref: com.android.settings.notification.ShowOnlyUnseenNotificationsOnLockscreenPreferenceController
03-24 21:18:47.939  1258  3993 D PrefCtrlListHelper: Could not find Context-only controller for pref: com.android.settings.accessibility.FlashNotificationsPreferenceController
03-24 21:18:47.941  1258  3993 D PrefCtrlListHelper: Could not find Context-only controller for pref: com.android.settings.system.ShadePanelsPreferenceController
03-24 21:18:47.944  1258  3993 D PrefCtrlListHelper: Could not find Context-only controller for pref: com.android.settings.notification.SnoozeNotificationPreferenceController
03-24 21:18:47.947  1258  3993 D PrefCtrlListHelper: Could not find Context-only controller for pref: com.android.settings.notification.BadgingNotificationPreferenceController
03-24 21:18:47.957  1258  3993 D PrefCtrlListHelper: Could not find Context-only controller for pref: com.android.settings.notification.PulseNotificationPreferenceController
03-24 21:18:47.997  1258  3993 D PrefCtrlListHelper: Could not find Context-only controller for pref: com.android.settings.accessibility.PrimaryMonoPreferenceController
03-24 21:18:48.652  1258  3993 D PrefCtrlListHelper: Could not find Context-only controller for pref: com.android.settings.display.AutoRotateSwitchBarController
03-24 21:18:48.657  1258  3993 D PrefCtrlListHelper: Could not find Context-only controller for pref: com.android.settings.display.AutoRotatePreferenceController
03-24 21:18:48.658  1258  3993 D PrefCtrlListHelper: Could not find Context-only controller for pref: com.android.settings.display.SmartAutoRotatePermissionController
03-24 21:18:48.779  1258  3993 D PrefCtrlListHelper: Could not find Context-only controller for pref: com.android.settings.display.SmartAutoRotateCameraStateController
03-24 21:18:48.978  1258  3993 D PrefCtrlListHelper: Could not find Context-only controller for pref: com.android.settings.display.SmartAutoRotateBatterySaverController
03-24 21:18:49.266  1121  1129 W rkstack.process: Suspending all threads took: 30.692ms
03-24 21:18:49.420   761  1746 W libbinder.Binder: Binder transaction to android.os.IUserManager code 50 took 1385ms. Data bytes: 108 Reply bytes: 8 Flags: 16
03-24 21:18:49.524  1258  3993 D PrefCtrlListHelper: Could not find Context-only controller for pref: com.android.settings.display.SmartAutoRotateController
03-24 21:18:49.626  1258  3993 D PrefCtrlListHelper: Could not find Context-only controller for pref: com.android.settings.gestures.SystemNavigationPreferenceController
03-24 21:18:49.639  1258  3993 D PrefCtrlListHelper: Could not find Context-only controller for pref: com.android.settings.language.LanguagePreferenceController
03-24 21:18:49.645  1258  3993 D PrefCtrlListHelper: Could not find Context-only controller for pref: com.android.settings.language.LanguageAndRegionPreferenceController
03-24 21:18:49.649  1258  3993 D PrefCtrlListHelper: Could not find Context-only controller for pref: com.android.settings.inputmethod.KeyboardPreferenceController
03-24 21:18:49.800  1258  3993 D PrefCtrlListHelper: Could not find Context-only controller for pref: com.android.settings.inputmethod.TouchpadAndMouseSettingsController
03-24 21:18:49.832  1258  3993 D PrefCtrlListHelper: Could not find Context-only controller for pref: com.android.settings.inputmethod.TouchpadSettingsController
03-24 21:18:49.834  1258  3993 D PrefCtrlListHelper: Could not find Context-only controller for pref: com.android.settings.inputmethod.MouseSettingsController
03-24 21:18:49.834  1258  3993 D PrefCtrlListHelper: Could not find Context-only controller for pref: com.android.settings.gestures.GesturesSettingPreferenceController
03-24 21:18:49.861  1854  5093 W constellation: [event_manager] IID token generation failed
03-24 21:18:49.862  1854  5093 W constellation: [event_manager] Event manager is not initialized
03-24 21:18:50.099  1258  3993 D PrefCtrlListHelper: Could not find Context-only controller for pref: com.android.settings.datetime.DateTimePreferenceController
03-24 21:18:50.110  1258  3993 D PrefCtrlListHelper: Could not find Context-only controller for pref: com.google.android.settings.update.GoogleSystemUpdatePreferenceController
03-24 21:18:50.184  1854  5093 E constellation: [event_manager] Failed to sync verifications: 
03-24 21:18:50.184  1854  5093 E constellation: bjpl
03-24 21:18:50.184  1854  5093 E constellation: 	at com.google.android.gms.constellation.EventManager.onHandleIntent(:com.google.android.gms@261133038@26.11.33 (260800-887465546):339)
03-24 21:18:50.184  1854  5093 E constellation: 	at com.google.android.chimera.IntentOperation.onHandleIntent(:com.google.android.gms@261133038@26.11.33 (260800-887465546):1)
03-24 21:18:50.184  1854  5093 E constellation: 	at bcff.onHandleIntent(:com.google.android.gms@261133038@26.11.33 (260800-887465546):84)
03-24 21:18:50.184  1854  5093 E constellation: 	at aaur.run(:com.google.android.gms@261133038@26.11.33 (260800-887465546):64)
03-24 21:18:50.184  1854  5093 E constellation: 	at aauq.run(:com.google.android.gms@261133038@26.11.33 (260800-887465546):132)
03-24 21:18:50.184  1854  5093 E constellation: 	at gxmc.run(:com.google.android.gms@261133038@26.11.33 (260800-887465546):19)
03-24 21:18:50.184  1854  5093 E constellation: 	at java.util.concurrent.ThreadPoolExecutor.runWorker(ThreadPoolExecutor.java:1154)
03-24 21:18:50.184  1854  5093 E constellation: 	at java.util.concurrent.ThreadPoolExecutor$Worker.run(ThreadPoolExecutor.java:652)
03-24 21:18:50.184  1854  5093 E constellation: 	at java.lang.Thread.run(Thread.java:1563)
03-24 21:18:50.192  1164  2643 W libbinder.Binder: Binder transaction to com.android.internal.telephony.ISub code 5 took 1484ms. Data bytes: 144 Reply bytes: 2368 Flags: 16
03-24 21:18:50.215  1854  5093 W constellation: [event_manager] Sync setup aborted
03-24 21:18:50.223  1017  1152 W Looper  : Slow delivery took 3383ms SysUiBg app=com.android.systemui main=false group=TOP_APP h=com.android.systemui.qs.tileimpl.QSTileImpl$H c=null m=5
03-24 21:18:50.224  1017  1152 W Looper  : Slow dispatch took 2291ms SysUiBg app=com.android.systemui main=false group=TOP_APP h=com.android.systemui.qs.tileimpl.QSTileImpl$H c=null m=5
03-24 21:18:50.292  1258  3993 D PrefCtrlListHelper: Could not find Context-only controller for pref: com.google.android.settings.update.SoftwareUpdateController
03-24 21:18:50.293  1258  3993 D PrefCtrlListHelper: Could not find Context-only controller for pref: com.google.android.settings.update.SoftwareUpdateController2
03-24 21:18:50.293  1258  3993 D PrefCtrlListHelper: Could not find Context-only controller for pref: com.android.settings.users.MultiUserPreferenceController
03-24 21:18:50.320  1258  3993 D PrefCtrlListHelper: Could not find Context-only controller for pref: com.android.settings.system.DeveloperOptionsController
03-24 21:18:50.330  5098  5098 W libbinder.BackendUnifiedServiceManager: Thread Pool max thread count is 0. Cannot cache binder as linkToDeath cannot be implemented. serviceName: package
03-24 21:18:50.454   761   904 I HalDevMgr: bestIfaceCreationProposal is null, requestIface=STA, existingIface=[name=wlan0 type=STA]
03-24 21:18:50.473   761   761 W Looper  : Slow dispatch took 214ms main app=system_server main=true group=FOREGROUND h=com.android.server.alarm.AlarmManagerService$AlarmHandler c=null m=7
03-24 21:18:50.480  1258  3993 D PrefCtrlListHelper: Could not find Context-only controller for pref: com.google.android.settings.repairmode.RepairModePreferenceController
03-24 21:18:50.480  1258  3993 D PrefCtrlListHelper: Could not find Context-only controller for pref: com.google.android.settings.system.GoogleDeviceDiagnosticsPreferenceController
03-24 21:18:50.481  1258  3993 D PrefCtrlListHelper: Could not find Context-only controller for pref: com.android.settings.system.ResetPreferenceController
03-24 21:18:50.647  2427  2435 W .android.dialer: Suspending all threads took: 23.379ms
03-24 21:18:51.079   761  1734 W libbinder.Binder: Binder transaction to android.app.IActivityManager code 213 took 1496ms. Data bytes: 704 Reply bytes: 8 Flags: 16
03-24 21:18:51.092  1258  3993 D PrefCtrlListHelper: Could not find Context-only controller for pref: com.android.settings.security.ContentProtectionTogglePreferenceController
03-24 21:18:51.217   761   783 W Looper  : Slow dispatch took 206ms android.ui app=system_server main=false group=TOP_APP h=com.android.server.am.ActivityManagerService$UiHandler c=com.android.server.am.UidObserverController$$ExternalSyntheticLambda0@410c6c m=0
03-24 21:18:51.371   761  1746 W AppOps  : Noting op not finished: uid 10155 pkg com.google.android.gms code 79 startTime of in progress event=1774378761124
03-24 21:18:51.403  2945  4999 W BugleRcsEngine: UPI - verifyPhoneNumber API returned an exception: 8:  [1dd7c587-2966-475c-b7a2-86ac85fec7a8] [CONTEXT log_prefix="(PEv2-SM-Bugle-259393816)" thread_id=146 ]
03-24 21:18:51.460  1258  3993 D PrefCtrlListHelper: Could not find Context-only controller for pref: com.android.settings.security.ContentProtectionWorkSwitchController
03-24 21:18:51.469  1258  3993 D PrefCtrlListHelper: Could not find Context-only controller for pref: com.android.settings.bluetooth.BluetoothAutoOnPreferenceController
03-24 21:18:51.548  1258  3993 D PrefCtrlListHelper: Could not find Context-only controller for pref: com.android.settings.bluetooth.BluetoothDeviceRenamePreferenceController
03-24 21:18:51.682  1258  3993 D PrefCtrlListHelper: Could not find Context-only controller for pref: com.android.settings.connecteddevice.AddDevicePreferenceController
03-24 21:18:51.690   761   761 W Looper  : Slow dispatch took 108ms main app=system_server main=true group=FOREGROUND h=com.android.server.power.Notifier$NotifierHandler c=com.android.server.power.Notifier$$ExternalSyntheticLambda2@4d846b6 m=0
03-24 21:18:51.771  1258  3993 D PrefCtrlListHelper: Could not find Context-only controller for pref: com.android.settings.development.DevelopmentMemtagPreferenceController
03-24 21:18:51.810   237   237 I lowmemorykiller: Kill 'android.process.media' (1535), uid 10111, oom_score_adj 985 to free 98908kB rss, 24192kB swap, 0kB dmabuf_pss, 0kB dmabuf_rss; reason: low watermark is breached
03-24 21:18:52.272  1258  1263 W ndroid.settings: Suspending all threads took: 74.695ms
03-24 21:18:52.447  1258  3993 D PrefCtrlListHelper: Could not find Context-only controller for pref: com.android.settings.development.DevelopmentMemtagFooterPreferenceController
03-24 21:18:52.558  5065  5065 D nativeloader: Configuring clns-9 for other apk /data/app/~~jclMa6NPMbO0GIr3wqFB3Q==/com.vdigital.volumestream-pfdOXmUtiyqIY5TswLg4sg==/base.apk. target_sdk_version=34, uses_libraries=, library_path=/data/app/~~jclMa6NPMbO0GIr3wqFB3Q==/com.vdigital.volumestream-pfdOXmUtiyqIY5TswLg4sg==/lib/x86_64:/data/app/~~jclMa6NPMbO0GIr3wqFB3Q==/com.vdigital.volumestream-pfdOXmUtiyqIY5TswLg4sg==/base.apk!/lib/x86_64, permitted_path=/data:/mnt/expand:/data/user/0/com.vdigital.volumestream
03-24 21:18:52.581  1017  1152 W Looper  : Slow dispatch took 2013ms SysUiBg app=com.android.systemui main=false group=TOP_APP h=android.os.Handler c=android.telephony.TelephonyCallback$IPhoneStateListenerStub$$ExternalSyntheticLambda52@714783d m=0
03-24 21:18:53.543  1017  1395 W Looper  : Slow dispatch took 5424ms NotifInflation app=com.android.systemui main=false group=TOP_APP h=android.os.Handler c=android.os.AsyncTask$4@c301983[Completed normally] m=0
03-24 21:18:53.828  1017  1395 W Looper  : Slow delivery took 6076ms NotifInflation app=com.android.systemui main=false group=TOP_APP h=android.os.Handler c=android.os.AsyncTask$4@dd55b39[Completed normally] m=0
03-24 21:18:53.960   761  1726 W libbinder.Binder: Binder transaction to android.net.INetdUnsolicitedEventListener code 1 took 1256ms. Data bytes: 120 Reply bytes: 0 Flags: 17
03-24 21:18:53.989  1017  1152 W Looper  : Drained
03-24 21:18:54.011   761   777 W libbinder.Binder: Binder transaction to android.app.IActivityManager code 213 took 2287ms. Data bytes: 704 Reply bytes: 8 Flags: 16
03-24 21:18:54.066  1164  1299 D SatelliteController: iisInCarrierRoamingNbIotNtn: satellite is disabled
03-24 21:18:54.150   761   782 W Looper  : Slow dispatch took 1637ms android.fg app=system_server main=false group=FOREGROUND h=android.os.Handler c=com.android.server.net.NetworkManagementService$NetdUnsolicitedEventListener$$ExternalSyntheticLambda3@c65bfb7 m=0
03-24 21:18:54.227   761  1797 W libbinder.Binder: Binder transaction to android.content.pm.IPackageManager code 33 took 1589ms. Data bytes: 252 Reply bytes: 2472 Flags: 16
03-24 21:18:54.274  1164  1299 D SatelliteController: getCarrierRoamingNtnConnectType: Falling back to global carrier config connect type: 0
03-24 21:18:54.278   761  1746 W AppOps  : Noting op not finished: uid 10155 pkg com.google.android.gms code 113 startTime of in progress event=1774378749957
03-24 21:18:54.352  2427  2435 W .android.dialer: Suspending all threads took: 180.729ms
03-24 21:18:54.355  1258  3993 D PrefCtrlListHelper: Could not find Context-only controller for pref: com.android.settings.gestures.NavigationSettingsContextualSearchController
03-24 21:18:54.396   761  1285 W FastPrintWriter: Write failure
03-24 21:18:54.396   761  1285 W FastPrintWriter: java.io.IOException: write failed: EPIPE (Broken pipe)
03-24 21:18:54.396   761  1285 W FastPrintWriter: 	at libcore.io.IoBridge.write(IoBridge.java:651)
03-24 21:18:54.396   761  1285 W FastPrintWriter: 	at java.io.FileOutputStream.write(FileOutputStream.java:436)
03-24 21:18:54.396   761  1285 W FastPrintWriter: 	at com.android.internal.util.FastPrintWriter.flushBytesLocked(FastPrintWriter.java:355)
03-24 21:18:54.396   761  1285 W FastPrintWriter: 	at com.android.internal.util.FastPrintWriter.flushLocked(FastPrintWriter.java:378)
03-24 21:18:54.396   761  1285 W FastPrintWriter: 	at com.android.internal.util.FastPrintWriter.appendLocked(FastPrintWriter.java:323)
03-24 21:18:54.396   761  1285 W FastPrintWriter: 	at com.android.internal.util.FastPrintWriter.print(FastPrintWriter.java:500)
03-24 21:18:54.396   761  1285 W FastPrintWriter: 	at java.io.PrintWriter.println(PrintWriter.java:822)
03-24 21:18:54.396   761  1285 W FastPrintWriter: 	at android.util.PrintWriterPrinter.println(PrintWriterPrinter.java:39)
03-24 21:18:54.396   761  1285 W FastPrintWriter: 	at android.content.IntentFilter.dump(IntentFilter.java:2822)
03-24 21:18:54.396   761  1285 W FastPrintWriter: 	at com.android.server.IntentResolver.dumpMap(IntentResolver.java:251)
03-24 21:18:54.396   761  1285 W FastPrintWriter: 	at com.android.server.IntentResolver.dump(IntentResolver.java:305)
03-24 21:18:54.396   761  1285 W FastPrintWriter: 	at com.android.server.pm.resolution.ComponentResolverBase.dumpReceiverResolvers(ComponentResolverBase.java:339)
03-24 21:18:54.396   761  1285 W FastPrintWriter: 	at com.android.server.pm.DumpHelper.doDump(DumpHelper.java:416)
03-24 21:18:54.396   761  1285 W FastPrintWriter: 	at com.android.server.pm.PackageManagerService$IPackageManagerImpl.dump(PackageManagerService.java:6759)
03-24 21:18:54.396   761  1285 W FastPrintWriter: 	at android.os.Binder.doDump(Binder.java:1104)
03-24 21:18:54.396   761  1285 W FastPrintWriter: 	at android.os.Binder.dump(Binder.java:1094)
03-24 21:18:54.396   761  1285 W FastPrintWriter: 	at android.os.Binder.onTransact(Binder.java:940)
03-24 21:18:54.396   761  1285 W FastPrintWriter: 	at android.content.pm.IPackageManager$Stub.onTransact(IPackageManager.java:4666)
03-24 21:18:54.396   761  1285 W FastPrintWriter: 	at com.android.server.pm.PackageManagerService$IPackageManagerImpl.onTransact(PackageManagerService.java:6705)
03-24 21:18:54.396   761  1285 W FastPrintWriter: 	at android.os.Binder.execTransactInternal(Binder.java:1478)
03-24 21:18:54.396   761  1285 W FastPrintWriter: 	at android.os.Binder.execTransact(Binder.java:1418)
03-24 21:18:54.396   761  1285 W FastPrintWriter: Caused by: android.system.ErrnoException: write failed: EPIPE (Broken pipe)
03-24 21:18:54.396   761  1285 W FastPrintWriter: 	at libcore.io.Linux.writeBytes(Native Method)
03-24 21:18:54.396   761  1285 W FastPrintWriter: 	at libcore.io.Linux.write(Linux.java:338)
03-24 21:18:54.396   761  1285 W FastPrintWriter: 	at libcore.io.ForwardingOs.write(ForwardingOs.java:954)
03-24 21:18:54.396   761  1285 W FastPrintWriter: 	at libcore.io.BlockGuardOs.write(BlockGuardOs.java:448)
03-24 21:18:54.396   761  1285 W FastPrintWriter: 	at libcore.io.IoBridge.write(IoBridge.java:646)
03-24 21:18:54.396   761  1285 W FastPrintWriter: 	... 20 more
03-24 21:18:54.432  5065  5065 V GraphicsEnvironment: Currently set values for:
03-24 21:18:54.433  5065  5065 V GraphicsEnvironment:   angle_gl_driver_selection_pkgs=[]
03-24 21:18:54.433  5065  5065 V GraphicsEnvironment:   angle_gl_driver_selection_values=[]
03-24 21:18:54.439  5065  5065 V GraphicsEnvironment: com.vdigital.volumestream is not listed in per-application setting
03-24 21:18:54.458  1164  1509 W libbinder.Binder: Binder transaction to com.android.internal.telephony.ITelephony code 225 took 3598ms. Data bytes: 108 Reply bytes: 8 Flags: 16
03-24 21:18:54.467  5065  5065 V GraphicsEnvironment: ANGLE allowlist from config: com.dreamgames.royalmatch com.dts.freefiremax com.dxx.firenow com.gramgames.mergedragons com.ludo.king com.mojang.minecraftpe com.my.defense com.nintendo.zaka com.os.airforce com.playrix.fishdomdd.gplay io.teslatech.callbreak jp.konami.prospia net.peakgames.toonblast
03-24 21:18:54.468  5065  5065 V GraphicsEnvironment: No special selections for ANGLE, returning default driver choice
03-24 21:18:54.469  5065  5065 V GraphicsEnvironment: Neither updatable production driver nor prerelease driver is supported.
03-24 21:18:54.508   761   904 I HalDevMgr: bestIfaceCreationProposal is null, requestIface=STA, existingIface=[name=wlan0 type=STA]
03-24 21:18:54.589   761  1734 W libbinder.Binder: Binder transaction to android.content.pm.IPackageManager code 111 took 1944ms. Data bytes: 384 Reply bytes: 0 Flags: 17
03-24 21:18:54.690   761  1752 W libbinder.Binder: Binder transaction to android.app.IAlarmManager code 1 took 2031ms. Data bytes: 224 Reply bytes: 4 Flags: 16
03-24 21:18:54.869   761   778 W libbinder.Binder: Binder transaction to android.app.IActivityManager code 273 took 2073ms. Data bytes: 156 Reply bytes: 0 Flags: 17
03-24 21:18:55.153  5065  5065 D WM-WrkMgrInitializer: Initializing WorkManager with default configuration.
03-24 21:18:55.165   761   778 W AppOps  : Noting op not finished: uid 10155 pkg com.google.android.gms code 113 startTime of in progress event=1774378749957
03-24 21:18:55.289   761  5109 D ActivityManager: created ANR temporary file:/data/anr/temp_anr_3818621375776853483.txt
03-24 21:18:55.314   761  5109 I ActivityManager: Collecting stacks for pid 5065 into temporary file temp_anr_3818621375776853483.txt
03-24 21:18:55.482  1017  1152 W Looper  : Slow dispatch took 1484ms SysUiBg app=com.android.systemui main=false group=TOP_APP h=com.android.systemui.qs.tileimpl.QSTileImpl$H c=null m=10
03-24 21:18:55.593  1017  1152 W Looper  : Slow delivery took 1552ms SysUiBg app=com.android.systemui main=false group=TOP_APP h=com.android.systemui.qs.tileimpl.QSTileImpl$H c=null m=10
03-24 21:18:55.680  5065  5065 D WM-PackageManagerHelper: Skipping component enablement for androidx.work.impl.background.systemjob.SystemJobService
03-24 21:18:55.680  5065  5065 D WM-Schedulers: Created SystemJobScheduler and enabled SystemJobService
03-24 21:18:55.856  1258  3993 D PrefCtrlListHelper: Could not find Context-only controller for pref: com.android.settings.communal.WidgetsIllustrationPreferenceController
03-24 21:18:55.858  1258  3993 D PrefCtrlListHelper: Could not find Context-only controller for pref: com.android.settings.display.WidgetsOnLockscreenMainPreferenceController
03-24 21:18:55.858  1258  3993 D PrefCtrlListHelper: Could not find Context-only controller for pref: com.android.settings.communal.WhenToStartHubPreferenceController
03-24 21:18:55.860  1258  3993 D PrefCtrlListHelper: Could not find Context-only controller for pref: com.android.settings.location.LocationInjectedServicesPreferenceController
03-24 21:18:55.860  1258  3993 D PrefCtrlListHelper: Could not find Context-only controller for pref: com.android.settings.location.LocationServicesWifiScanningPreferenceController
03-24 21:18:55.860  1258  3993 D PrefCtrlListHelper: Could not find Context-only controller for pref: com.android.settings.location.LocationServicesBluetoothScanningPreferenceController
03-24 21:18:55.477   761   761 W AnrMainProcessD: type=1400 audit(0.0:28): avc:  denied  { read } for  name="transactions" dev="binder" ino=1048588 scontext=u:r:system_server:s0 tcontext=u:object_r:binderfs_logs_transactions:s0 tclass=file permissive=0
03-24 21:18:56.467   761   761 W Looper  : Slow dispatch took 493ms main app=system_server main=true group=FOREGROUND h=com.android.server.power.Notifier$NotifierHandler c=com.android.server.power.Notifier$$ExternalSyntheticLambda2@e3004a7 m=0
03-24 21:18:56.472   761   761 W Looper  : Slow delivery took 276ms main app=system_server main=true group=FOREGROUND h=com.android.server.power.Notifier$NotifierHandler c=null m=7
03-24 21:18:56.536  1258  3993 D PrefCtrlListHelper: Could not find Context-only controller for pref: com.android.settings.inputmethod.KeyboardAccessibilityStickyKeysController
03-24 21:18:56.537  1258  3993 W PrefCtrlListHelper: Cannot instantiate controller from reflection: com.android.settings.inputmethod.KeyboardAccessibilityStickyKeysController
03-24 21:18:56.538  1258  3993 D PrefCtrlListHelper: Could not find Context-only controller for pref: com.android.settings.inputmethod.KeyboardAccessibilityBounceKeysController
03-24 21:18:56.630  1258  3993 W PrefCtrlListHelper: Cannot instantiate controller from reflection: com.android.settings.inputmethod.KeyboardAccessibilityBounceKeysController
03-24 21:18:56.631  1258  3993 D PrefCtrlListHelper: Could not find Context-only controller for pref: com.android.settings.inputmethod.KeyboardAccessibilitySlowKeysController
03-24 21:18:56.632  1258  3993 W PrefCtrlListHelper: Cannot instantiate controller from reflection: com.android.settings.inputmethod.KeyboardAccessibilitySlowKeysController
03-24 21:18:56.633  1258  3993 D PrefCtrlListHelper: Could not find Context-only controller for pref: com.android.settings.inputmethod.KeyboardAccessibilityMouseKeysController
03-24 21:18:56.697  1258  3993 W PrefCtrlListHelper: Cannot instantiate controller from reflection: com.android.settings.inputmethod.KeyboardAccessibilityMouseKeysController
03-24 21:18:57.158   761  1734 W ActivityManager: Slow operation: 694ms so far, now at finishAttachApplicationInner: after mServices.attachApplicationLocked
03-24 21:18:57.166   761  1734 W ActivityManager: Slow operation: 703ms so far, now at finishAttachApplicationInner: after dispatching broadcasts
03-24 21:18:57.225  1017  1152 I QuickAccessWalletTile: QAW service is unavailable, recreating the wallet client.
03-24 21:18:57.318  5065  5065 I Choreographer: Skipped 82 frames!  The application may be doing too much work on its main thread.
03-24 21:18:57.330   761  1797 W ContentProviderHelper: Slow operation: 61ms so far, now at getContentProviderImpl: after updateOomAdj
03-24 21:18:57.354   761  1797 W ContentProviderHelper: Slow operation: 85ms so far, now at getContentProviderImpl: done!
03-24 21:18:57.360   761   761 W Looper  : Drained
03-24 21:18:57.361   761   761 W Looper  : Slow dispatch took 159ms main app=system_server main=true group=FOREGROUND h=android.os.Handler c=<recycled PooledLambda@1559c5> m=0
03-24 21:18:57.435  5065  5114 I DisplayManager: Choreographer implicitly registered for the refresh rate.
03-24 21:18:57.537  1258  3993 D PrefCtrlListHelper: Could not find Context-only controller for pref: com.android.settings.network.NetworkMobileProviderController
03-24 21:18:57.601   761  5109 I system_server: libdebuggerd_client: started dumping process 5065
03-24 21:18:57.691   761   967 D BackgroundInstallControlService: Package event received: 0
03-24 21:18:57.781  5065  5070 I al.volumestream: Thread[2,tid=5070,WaitingInMainSignalCatcherLoop,Thread*=0x79e913612f50,peer=0x20b0020,"Signal Catcher"]: reacting to signal 3
03-24 21:18:57.782  5065  5070 I al.volumestream: 
03-24 21:18:57.787   761   967 D BackgroundInstallControlService: Package event received: 0
03-24 21:18:57.804   292   292 I tombstoned: registered intercept for pid 5065 and type kDebuggerdJavaBacktrace
03-24 21:18:57.825  1258  3993 D PrefCtrlListHelper: Could not find Context-only controller for pref: com.android.settings.fuelgauge.batterysaver.BatterySaverButtonPreferenceController
03-24 21:18:57.827  1258  3993 D PrefCtrlListHelper: Could not find Context-only controller for pref: com.google.android.settings.fuelgauge.batterysaver.BatterySaverModePreferenceController
03-24 21:18:57.836  1258  3993 I FlipendoUtils: Flipendo app not installed on this device
03-24 21:18:57.840  1258  3993 D PrefCtrlListHelper: Could not find Context-only controller for pref: com.google.android.settings.fuelgauge.batterysaver.BatterySaverFooterPreferenceController
03-24 21:18:57.841  5065  5113 E ashmem  : Pinning is deprecated since Android Q. Please use trim or other methods.
03-24 21:18:58.304  1164  1509 W libbinder.Binder: Binder transaction to com.android.internal.telephony.ITelephony code 196 took 2550ms. Data bytes: 140 Reply bytes: 4 Flags: 16
03-24 21:18:58.319   761   904 I HalDevMgr: bestIfaceCreationProposal is null, requestIface=STA, existingIface=[name=wlan0 type=STA]
03-24 21:18:58.433  1258  3993 D PrefCtrlListHelper: Could not find Context-only controller for pref: com.android.settings.security.trustagent.TrustAgentsPreferenceController
03-24 21:18:58.435   761  1746 W ProcessStats: Tracking association SourceState{64a8492 com.google.android.apps.messaging/10154 ImpBg #4380} whose proc state 6 is better than process ProcessState{dc283bf com.google.android.gms/10155 pkg=com.google.android.gms} proc state 14 (14 skipped)
03-24 21:18:58.548  1017  1152 W Looper  : Slow dispatch took 2856ms SysUiBg app=com.android.systemui main=false group=TOP_APP h=com.android.systemui.qs.tileimpl.QSTileImpl$H c=null m=10
03-24 21:18:58.610   761  5111 I ActivityManager: dumpStackTraces pids=null
03-24 21:18:58.725   761  5111 I ActivityManager: Dumping to /data/anr/anr_2026-03-24-21-18-58-610
03-24 21:18:58.766  1319  1970 I ActivityScheduler: nextTriggerTime: 1556609, in 237846ms, detectorType: 39, FULL_TYPE alarmWindowMillis: 80000
03-24 21:18:59.540  5065  5113 W al.volumestream: JNI critical lock held for 59.943ms on Thread[14,tid=5113,Runnable,Thread*=0x79e913639330,peer=0x2149910,"WM.task-1"]
03-24 21:18:59.640  1258  3993 D PrefCtrlListHelper: Could not find Context-only controller for pref: com.android.settings.slices.SlicePreferenceController
03-24 21:18:59.645  1258  3993 D PrefCtrlListHelper: Could not find Context-only controller for pref: com.android.settings.connecteddevice.audiosharing.AudioSharingPreferenceController
03-24 21:19:00.328   532   532 I Zygote  : Process 1535 exited due to signal 9 (Killed)
03-24 21:19:00.417  2427  2435 W .android.dialer: Suspending all threads took: 28.977ms
